experiment,condition,model,seed,fit_seconds,inference_seconds,n_train,n_validation,n,mse,rmse,r2,spearman,kendall_tau,pearson
ortholog_mixtures,cgre,aubin_1_10_1,42,79.08109189476818,0.5953805465251207,14709,4903,4904,0.06705793094076364,0.25895546130708197,0.8872562274673711,0.8872175622530694,0.7212544411733374,0.943781208400377
peak_transfer,cgre_to_artificial,aubin_1_10_1,42,79.08109189476818,0.5953805465251207,14709,4903,5382,1.8787668232361237,1.3706811530170404,-3.078787067303959,0.7379786816589998,0.5346029826563934,0.744548674469409
peak_transfer,cgre_to_natural,aubin_1_10_1,42,79.08109189476818,0.5953805465251207,14709,4903,4904,0.06705793094076364,0.25895546130708197,0.8872562274673711,0.8872175622530694,0.7212544411733374,0.943781208400377
ortholog_mixtures,cgre,aubin_linear,42,128.9389695795253,1.835432706400752,14709,4903,4904,0.24638980218945966,0.49637667369595406,0.5857474958935628,0.8319104301819762,0.6382410154284659,0.767286395447615
peak_transfer,cgre_to_artificial,aubin_linear,42,128.9389695795253,1.835432706400752,14709,4903,5382,5.1516609928967965,2.2697270745393148,-10.184212949198361,0.5743670755774458,0.40969336651359195,0.5495814553161653
peak_transfer,cgre_to_natural,aubin_linear,42,128.9389695795253,1.835432706400752,14709,4903,4904,0.24638980218945966,0.49637667369595406,0.5857474958935628,0.8319104301819762,0.6382410154284659,0.767286395447615
ortholog_mixtures,cgre,mlp_small,42,136.76666854694486,0.7815049486234784,14709,4903,4904,0.07479791748522613,0.2734920793829798,0.8742430719743193,0.8888242205941459,0.7274895125941937,0.9351155174464317
peak_transfer,cgre_to_artificial,mlp_small,42,136.76666854694486,0.7815049486234784,14709,4903,5382,1.484776569352068,1.218514082541547,-2.223437519765072,0.7494198504534914,0.5519682395344111,0.7803668087642005
peak_transfer,cgre_to_natural,mlp_small,42,136.76666854694486,0.7815049486234784,14709,4903,4904,0.07479791748522613,0.2734920793829798,0.8742430719743193,0.8888242205941459,0.7274895125941937,0.9351155174464317
ortholog_mixtures,cgre,CNN_Jannis_OHE,42,860.4414060879499,4.273553624749184,14709,4903,4904,0.05038938072075031,0.22447579094581738,0.9152808803024542,0.8950215217191363,0.7320094593114583,0.9571517139712115
peak_transfer,cgre_to_artificial,CNN_Jannis_OHE,42,860.4414060879499,4.273553624749184,14709,4903,5382,1.2702395120638796,1.1270490282431727,-1.7576793618595263,0.7655047162370939,0.562265823242961,0.8163610857351613
peak_transfer,cgre_to_natural,CNN_Jannis_OHE,42,860.4414060879499,4.273553624749184,14709,4903,4904,0.05038938072075031,0.22447579094581738,0.9152808803024542,0.8950215217191363,0.7320094593114583,0.9571517139712115
ortholog_mixtures,cgre,aubin_1_10_1,43,147.86183095199522,0.7947598719911184,14709,4903,4904,0.05815980889688737,0.2411634485092784,0.9022165436239873,0.8873971982417682,0.7203645893360884,0.9499000111638197
peak_transfer,cgre_to_artificial,aubin_1_10_1,43,147.86183095199522,0.7947598719911184,14709,4903,5382,1.8740859953187374,1.3689726057590552,-3.0686250290256663,0.6763332524225338,0.4652649565257039,0.7176562184456214
peak_transfer,cgre_to_natural,aubin_1_10_1,43,147.86183095199522,0.7947598719911184,14709,4903,4904,0.05815980889688737,0.2411634485092784,0.9022165436239873,0.8873971982417682,0.7203645893360884,0.9499000111638197
ortholog_mixtures,cgre,aubin_linear,43,66.27463975641876,0.6092094965279102,14709,4903,4904,0.2457325022500557,0.4957141335992506,0.5868526071580206,0.8349666420325571,0.6425843248924547,0.7679007202767467
peak_transfer,cgre_to_artificial,aubin_linear,43,66.27463975641876,0.6092094965279102,14709,4903,5382,4.446499440365911,2.108672435530448,-8.65331311359834,0.5744940734892953,0.41067795857299194,0.5489737342149701
peak_transfer,cgre_to_natural,aubin_linear,43,66.27463975641876,0.6092094965279102,14709,4903,4904,0.2457325022500557,0.4957141335992506,0.5868526071580206,0.8349666420325571,0.6425843248924547,0.7679007202767467
ortholog_mixtures,cgre,mlp_small,43,269.39589152392,0.8577508963644505,14709,4903,4904,0.07680679361854972,0.27714038611965186,0.8708655703030892,0.8888261346330776,0.7268706789928386,0.9337533760149533
peak_transfer,cgre_to_artificial,mlp_small,43,269.39589152392,0.8577508963644505,14709,4903,5382,1.3125869794970606,1.1456818840747465,-1.8496153596445084,0.7474954632899075,0.5457866262190515,0.7873180473101846
peak_transfer,cgre_to_natural,mlp_small,43,269.39589152392,0.8577508963644505,14709,4903,4904,0.07680679361854972,0.27714038611965186,0.8708655703030892,0.8888261346330776,0.7268706789928386,0.9337533760149533
ortholog_mixtures,cgre,CNN_Jannis_OHE,43,1223.7014778107405,6.63103592954576,14709,4903,4904,0.050444043565877374,0.2245975146030725,0.9151889762533651,0.8950755246176996,0.7324579216881051,0.9571188435296534
peak_transfer,cgre_to_artificial,CNN_Jannis_OHE,43,1223.7014778107405,6.63103592954576,14709,4903,5382,1.3526354447026128,1.1630285657294117,-1.9365602428122948,0.7617516690560566,0.5593011754251176,0.8092073472520304
peak_transfer,cgre_to_natural,CNN_Jannis_OHE,43,1223.7014778107405,6.63103592954576,14709,4903,4904,0.050444043565877374,0.2245975146030725,0.9151889762533651,0.8950755246176996,0.7324579216881051,0.9571188435296534
ortholog_mixtures,cgre,aubin_1_10_1,44,251.80541711952537,1.1919734636321664,14709,4903,4904,0.06819377532397862,0.2611393791138721,0.8853465446158859,0.8857103988299738,0.7184314966878453,0.9410727246178678
peak_transfer,cgre_to_artificial,aubin_1_10_1,44,251.80541711952537,1.1919734636321664,14709,4903,5382,2.223366929022062,1.4910958819009803,-3.8269110162090385,0.7403878416349589,0.542071017947145,0.7020043326282772
peak_transfer,cgre_to_natural,aubin_1_10_1,44,251.80541711952537,1.1919734636321664,14709,4903,4904,0.06819377532397862,0.2611393791138721,0.8853465446158859,0.8857103988299738,0.7184314966878453,0.9410727246178678
ortholog_mixtures,cgre,aubin_linear,44,193.54070830252022,3.1924844291061163,14709,4903,4904,0.24558232675728864,0.49556263656301675,0.5871050955864432,0.8332972432734984,0.6402789920345705,0.7673187793343785
peak_transfer,cgre_to_artificial,aubin_linear,44,193.54070830252022,3.1924844291061163,14709,4903,5382,4.92730832736465,2.2197541141677495,-9.697145187850799,0.568331115400453,0.40747516259864724,0.5412415435832777
peak_transfer,cgre_to_natural,aubin_linear,44,193.54070830252022,3.1924844291061163,14709,4903,4904,0.24558232675728864,0.49556263656301675,0.5871050955864432,0.8332972432734984,0.6402789920345705,0.7673187793343785
ortholog_mixtures,cgre,mlp_small,44,88.49950594827533,0.3987020356580615,14709,4903,4904,0.07507714769432196,0.2740020943247003,0.8737736052499978,0.8893511237168092,0.7277752152912867,0.934998687764225
peak_transfer,cgre_to_artificial,mlp_small,44,88.49950594827533,0.3987020356580615,14709,4903,5382,1.3920609307215364,1.1798563178292247,-2.0221526433738353,0.7461905890608858,0.5475038262661667,0.77841128256636
peak_transfer,cgre_to_natural,mlp_small,44,88.49950594827533,0.3987020356580615,14709,4903,4904,0.07507714769432196,0.2740020943247003,0.8737736052499978,0.8893511237168092,0.7277752152912867,0.934998687764225
ortholog_mixtures,cgre,CNN_Jannis_OHE,44,918.4070620480925,6.625355269759893,14709,4903,4904,0.05681424295915257,0.2383573849477976,0.9044788290521737,0.8904208915178835,0.7234936045498835,0.9510936603838475
peak_transfer,cgre_to_artificial,CNN_Jannis_OHE,44,918.4070620480925,6.625355269759893,14709,4903,5382,1.1873486456502187,1.0896552875337313,-1.577723983818891,0.759470308795707,0.5565075509911589,0.8069452913141952
peak_transfer,cgre_to_natural,CNN_Jannis_OHE,44,918.4070620480925,6.625355269759893,14709,4903,4904,0.05681424295915257,0.2383573849477976,0.9044788290521737,0.8904208915178835,0.7234936045498835,0.9510936603838475
ortholog_mixtures,cgre,aubin_1_10_1,45,170.28924321196973,0.9867219058796763,14709,4903,4904,0.059962627892338416,0.24487267690034023,0.8991854835854635,0.8864405974963238,0.7194008931631066,0.9485557300289456
peak_transfer,cgre_to_artificial,aubin_1_10_1,45,170.28924321196973,0.9867219058796763,14709,4903,5382,1.8705935273975687,1.3676964310100281,-3.0610429103648213,0.6479048623250631,0.4405553112627236,0.690721287066804
peak_transfer,cgre_to_natural,aubin_1_10_1,45,170.28924321196973,0.9867219058796763,14709,4903,4904,0.059962627892338416,0.24487267690034023,0.8991854835854635,0.8864405974963238,0.7194008931631066,0.9485557300289456
ortholog_mixtures,cgre,aubin_linear,45,49.30160894803703,0.4832510082051158,14709,4903,4904,0.24498903692247084,0.4949636723260313,0.5881025873557867,0.8331505149979404,0.6399547210519061,0.7672078973524387
peak_transfer,cgre_to_artificial,aubin_linear,45,49.30160894803703,0.4832510082051158,14709,4903,5382,4.9574121260883475,2.2265246744845086,-9.762500283220986,0.560216757550535,0.40294379358163035,0.5316673899375145
peak_transfer,cgre_to_natural,aubin_linear,45,49.30160894803703,0.4832510082051158,14709,4903,4904,0.24498903692247084,0.4949636723260313,0.5881025873557867,0.8331505149979404,0.6399547210519061,0.7672078973524387
ortholog_mixtures,cgre,mlp_small,45,216.9129548080091,1.370954737009015,14709,4903,4904,0.07516312419813771,0.27415893966481875,0.8736290538859255,0.8893703350063453,0.7282283819568123,0.9348059531434338
peak_transfer,cgre_to_artificial,mlp_small,45,216.9129548080091,1.370954737009015,14709,4903,5382,1.611220541336319,1.2693386235895916,-2.497946325908222,0.7389228308110157,0.5449453321023612,0.7610844394337006
peak_transfer,cgre_to_natural,mlp_small,45,216.9129548080091,1.370954737009015,14709,4903,4904,0.07516312419813771,0.27415893966481875,0.8736290538859255,0.8893703350063453,0.7282283819568123,0.9348059531434338
ortholog_mixtures,cgre,CNN_Jannis_OHE,45,962.3217381034046,5.749505574814975,14709,4903,4904,0.053449042621410724,0.23119048990261412,0.9101367039087697,0.8902048116327036,0.7250106137873751,0.9544002243725634
peak_transfer,cgre_to_artificial,CNN_Jannis_OHE,45,962.3217381034046,5.749505574814975,14709,4903,5382,1.4113335953959854,1.1879956209498355,-2.0639934372682185,0.7595839299775892,0.5594300682909709,0.7939917962684894
peak_transfer,cgre_to_natural,CNN_Jannis_OHE,45,962.3217381034046,5.749505574814975,14709,4903,4904,0.053449042621410724,0.23119048990261412,0.9101367039087697,0.8902048116327036,0.7250106137873751,0.9544002243725634
ortholog_mixtures,cgre,aubin_1_10_1,46,82.39412923064083,0.5473359990864992,14709,4903,4904,0.08105415976682571,0.2847001225268892,0.8637245196299477,0.8860377201493252,0.722325284220806,0.9295365617248352
peak_transfer,cgre_to_artificial,aubin_1_10_1,46,82.39412923064083,0.5473359990864992,14709,4903,5382,1.7522996346760538,1.3237445503857812,-2.8042278581687894,0.756464320112791,0.5589075901995285,0.7980957141862237
peak_transfer,cgre_to_natural,aubin_1_10_1,46,82.39412923064083,0.5473359990864992,14709,4903,4904,0.08105415976682571,0.2847001225268892,0.8637245196299477,0.8860377201493252,0.722325284220806,0.9295365617248352
ortholog_mixtures,cgre,aubin_linear,46,144.66492676641792,2.139279437251389,14709,4903,4904,0.24435198966149846,0.49431972412751085,0.5891736480114913,0.8340470272087575,0.6410677698283586,0.7678021890592059
peak_transfer,cgre_to_artificial,aubin_linear,46,144.66492676641792,2.139279437251389,14709,4903,5382,4.774416403920351,2.1850437990851237,-9.365218100185032,0.5682917074955686,0.40673146980010266,0.5416308062613638
peak_transfer,cgre_to_natural,aubin_linear,46,144.66492676641792,2.139279437251389,14709,4903,4904,0.24435198966149846,0.49431972412751085,0.5891736480114913,0.8340470272087575,0.6410677698283586,0.7678021890592059
ortholog_mixtures,cgre,mlp_small,46,318.72219833824784,0.819116267375648,14709,4903,4904,0.07630591101614517,0.27623524578906505,0.8717076987940642,0.8881526956147293,0.7261433082490446,0.9338688336106516
peak_transfer,cgre_to_artificial,mlp_small,46,318.72219833824784,0.819116267375648,14709,4903,5382,1.4980713821688032,1.2239572632117526,-2.252300447249454,0.7376949204881067,0.5375937495405307,0.7673239162064112
peak_transfer,cgre_to_natural,mlp_small,46,318.72219833824784,0.819116267375648,14709,4903,4904,0.07630591101614517,0.27623524578906505,0.8717076987940642,0.8881526956147293,0.7261433082490446,0.9338688336106516
ortholog_mixtures,cgre,CNN_Jannis_OHE,46,768.1815489018336,4.360898508690298,14709,4903,4904,0.051619703430699215,0.22719969945116392,0.9132123520641652,0.8937664658151212,0.7301800261499658,0.9557802018751762
peak_transfer,cgre_to_artificial,CNN_Jannis_OHE,46,768.1815489018336,4.360898508690298,14709,4903,5382,1.3661492052916506,1.1688238555452446,-1.9658985040800068,0.7615239680490601,0.5561911817852512,0.8059742329861592
peak_transfer,cgre_to_natural,CNN_Jannis_OHE,46,768.1815489018336,4.360898508690298,14709,4903,4904,0.051619703430699215,0.22719969945116392,0.9132123520641652,0.8937664658151212,0.7301800261499658,0.9557802018751762
ortholog_mixtures,amac,aubin_1_10_1,42,194.18622073251754,0.8488031895831227,14709,4903,4904,1.3010416052018596,1.1406321077375736,-1.1874271504431007,-0.4667173178163892,-0.33418683908658253,-0.4919424874508871
ortholog_mixtures,amac,aubin_linear,42,227.74558203294873,1.4244365440681577,14709,4903,4904,18.925290404592214,4.350320724336565,-30.81888564939655,0.4665286392125037,0.33232441612286584,0.48489569685888717
ortholog_mixtures,amac,mlp_small,42,324.32036522682756,0.7089120233431458,14709,4903,4904,8.805511535398571,2.9674082185298625,-13.804611112403508,0.35576278478357654,0.25133844460202875,0.3705867980338012
ortholog_mixtures,amac,CNN_Jannis_OHE,42,1191.5464304927737,3.8332756152376533,14709,4903,4904,1.2078520911725752,1.0990232441457166,-1.0307486304716904,0.1510179635739776,0.10624057666977799,0.05325610043494511
ortholog_mixtures,amac,aubin_1_10_1,43,45.290547518990934,0.155414923094213,14709,4903,4904,0.8432845420961903,0.918305255400507,-0.41780516130687984,-0.4545862744667844,-0.3257210939572618,-0.4768466938266832
ortholog_mixtures,amac,aubin_linear,43,129.11859861100675,0.8751155670033768,14709,4903,4904,18.16014900969719,4.261472633925647,-29.53246171458195,0.44695717606596674,0.31907001834970455,0.472671880741823
ortholog_mixtures,amac,mlp_small,43,269.4056879552081,0.5696498546749353,14709,4903,4904,9.908795118956695,3.1478238703835855,-15.659549844311904,0.3099041213136304,0.2196920213176682,0.30870780460154834
ortholog_mixtures,amac,CNN_Jannis_OHE,43,884.0845503946766,2.816664692014456,14709,4903,4904,1.2350319707490631,1.1113199227715946,-1.0764458674345003,0.19053547331158296,0.13304161963833375,0.1497993963268652
ortholog_mixtures,amac,aubin_1_10_1,44,247.5767501797527,0.9066764488816261,14709,4903,4904,4.130624139309725,2.032393696927277,-5.944773598688942,0.43640728400242224,0.3090234545469147,0.4567454604422149
ortholog_mixtures,amac,aubin_linear,44,223.63951952848583,2.0245709884911776,14709,4903,4904,14.48904219264667,3.8064474503986876,-23.360269609666794,0.4279070763114074,0.30231400228241834,0.46187621344857055
ortholog_mixtures,amac,mlp_small,44,251.80167320836335,0.6389256585389376,14709,4903,4904,7.182492664091333,2.6800172880209807,-11.075847073971284,0.30310319002308445,0.2129566618851619,0.29749152970389553
ortholog_mixtures,amac,CNN_Jannis_OHE,44,1234.7006936231628,4.490254137665033,14709,4903,4904,1.2411716613731834,1.1140788398372816,-1.0867684627403116,-0.2021947086591205,-0.13997406998789422,-0.1760722225343949
ortholog_mixtures,amac,aubin_1_10_1,45,44.40258956421167,0.16143986955285072,14709,4903,4904,0.8501756349680449,0.9220496922444283,-0.42939108106828594,-0.44049199649089327,-0.3139675051986746,-0.47607609220550384
ortholog_mixtures,amac,aubin_linear,45,126.36229563000961,0.8907039189944044,14709,4903,4904,14.557379940276597,3.815413469111388,-23.47516512412856,0.4430484134824618,0.31457700983039,0.4638436279955998
ortholog_mixtures,amac,mlp_small,45,277.98020679410547,0.687242447398603,14709,4903,4904,7.86571899839308,2.8045889178974304,-12.224548105186564,0.32893191898254387,0.23326708704569682,0.3206463499368951
ortholog_mixtures,amac,CNN_Jannis_OHE,45,598.2315082428977,2.858064324595034,14709,4903,4904,1.2403516125657936,1.1137107400783175,-1.085389723567943,0.24515789394007026,0.17048599896122021,0.21850524063726134
ortholog_mixtures,amac,aubin_1_10_1,46,239.009173784405,1.5411417353898287,14709,4903,4904,4.096719867827869,2.0240355401592804,-5.887770714493015,0.4363593061300851,0.30811480748543546,0.4480663768404765
ortholog_mixtures,amac,aubin_linear,46,212.2839951692149,1.620152460411191,14709,4903,4904,19.762260052089477,4.4454763582870935,-32.2260736468536,0.4562426975776893,0.3228208498296673,0.4735552198017551
ortholog_mixtures,amac,mlp_small,46,273.7912134183571,0.5641449652612209,14709,4903,4904,9.108187081737077,3.017977316305919,-14.313496228136085,0.3053563646779677,0.2154949003524235,0.3071376271730356
ortholog_mixtures,amac,CNN_Jannis_OHE,46,1230.9517245264724,4.489755583927035,14709,4903,4904,1.226605358522712,1.1075221706687013,-1.0622782956239765,-0.23830087829444277,-0.1660613292478506,-0.26798275674297356
ortholog_mixtures,pplu,aubin_1_10_1,42,254.9865309605375,0.656725094653666,14709,4903,4904,0.9142866759378422,0.9561833903273169,-0.5371802794304292,-0.17653840152952965,-0.12381666984419915,-0.13580228650418333
ortholog_mixtures,pplu,aubin_linear,42,203.8920418182388,1.719645750708878,14709,4903,4904,46.97279677653417,6.853670314257476,-77.974854140268,0.18076098243891794,0.12837756099534484,0.2611923499305116
ortholog_mixtures,pplu,mlp_small,42,87.48554576188326,0.24280964396893978,14709,4903,4904,14.549761110542052,3.8144149106438396,-23.46235566826695,0.07802361817086387,0.053837349918299776,0.09506884264727583
ortholog_mixtures,pplu,CNN_Jannis_OHE,42,871.9320530574769,4.466740235686302,14709,4903,4904,1.3349261703180464,1.1553900511593678,-1.244396902540002,-0.08270124700125399,-0.057379488676739566,-0.09168442994692799
ortholog_mixtures,pplu,aubin_1_10_1,43,197.48369570542127,0.6123822517693043,14709,4903,4904,0.8400550005236818,0.9165451437456213,-0.412375368062033,-0.17719285194549228,-0.12491775121591442,-0.2550208638374887
ortholog_mixtures,pplu,aubin_linear,43,111.8070756700181,0.7803559129824862,14709,4903,4904,46.3714711361833,6.809660133676519,-76.96385185817189,0.19969976323362523,0.1417412919664815,0.27277821154970716
ortholog_mixtures,pplu,mlp_small,43,318.0651331571862,0.5722662769258022,14709,4903,4904,17.07488599528119,4.132176907548996,-27.707820770269517,0.14140058625931645,0.09790081202151363,0.20618903369654823
ortholog_mixtures,pplu,CNN_Jannis_OHE,43,1141.4446442890912,4.474950887262821,14709,4903,4904,1.273080947320184,1.1283088882571934,-1.1404171993776706,-0.07361690619337125,-0.05136360250782993,-0.061678471803850284
ortholog_mixtures,pplu,aubin_1_10_1,44,239.85057804733515,1.216341108083725,14709,4903,4904,1.410137275838922,1.1874920108526719,-1.370848519131985,0.1835694680707997,0.13021740736100423,0.30305672430159186
ortholog_mixtures,pplu,aubin_linear,44,41.675500388257205,0.15388186741620302,14709,4903,4904,45.71774507077355,6.7614898558508205,-75.86474930932775,0.17986843575608766,0.1273229498736228,0.2643075384592132
ortholog_mixtures,pplu,mlp_small,44,280.0008421288803,0.5530245341360569,14709,4903,4904,12.508643523476957,3.5367560735053467,-20.03064679028655,0.10752685369716929,0.07555773296210352,0.11564133181531211
ortholog_mixtures,pplu,CNN_Jannis_OHE,44,988.0316834840924,4.533515263348818,14709,4903,4904,1.2722444387746235,1.1279381360582785,-1.1390107866259025,0.0169860241501466,0.011430666227191674,0.025488303037714544
ortholog_mixtures,pplu,aubin_1_10_1,45,133.8998617559846,0.5827501409803517,14709,4903,4904,0.6693156982596616,0.8181171665841401,-0.12531322959791935,-0.19914981394383152,-0.14070637255516438,-0.2433105878423698
ortholog_mixtures,pplu,aubin_linear,45,230.78211730066687,2.2539490768685937,14709,4903,4904,41.34097106335853,6.429694476672942,-68.50612660510772,0.19000310461748554,0.13467694289830262,0.26699953646283187
ortholog_mixtures,pplu,mlp_small,45,324.0031424164772,0.7465945482254028,14709,4903,4904,15.321273637865353,3.9142398544117545,-24.75949131898438,0.09487983529722437,0.06492901463982234,0.11536055916227636
ortholog_mixtures,pplu,CNN_Jannis_OHE,45,725.0524312769994,3.058509630151093,14709,4903,4904,1.3247745785126965,1.1509885223201388,-1.2273291412582306,0.009315266589762106,0.005832382160725109,-0.0044083501185473275
ortholog_mixtures,pplu,aubin_1_10_1,46,44.36953250132501,0.15674623008817434,14709,4903,4904,2.7721271728125028,1.6649706222070415,-3.660747371987635,0.19053748480201319,0.13549329572639782,0.2528214264475074
ortholog_mixtures,pplu,aubin_linear,46,189.37454864010215,0.9739362560212612,14709,4903,4904,36.599702091779655,6.0497687634966395,-60.534682467949665,0.19508669182326455,0.13739797273994567,0.2728045246304547
ortholog_mixtures,pplu,mlp_small,46,208.7962982809986,0.7573700810025912,14709,4903,4904,13.49323644020965,3.6733140949569845,-21.686032190402862,0.07513175632314073,0.05146074389937359,0.0522226708610815
ortholog_mixtures,pplu,CNN_Jannis_OHE,46,965.5044147120789,3.690828870050609,14709,4903,4904,1.2684193616874393,1.126241253767344,-1.1325797259745052,0.007316866107349042,0.006016546622906646,-0.02653664619602022
ortholog_mixtures,cgre_amac,aubin_1_10_1,42,193.12706742435694,1.009419714100659,14709,4903,4904,0.13324120740909345,0.3650222012550654,0.7759830020199459,0.8424253335633206,0.6549256659233451,0.8851424455774433
ortholog_mixtures,cgre_amac,aubin_linear,42,222.09223085362464,1.4807715192437172,14709,4903,4904,0.2673726627756944,0.5170809054448775,0.5504692397972322,0.8073364107171295,0.6126528721422867,0.7433334264886033
ortholog_mixtures,cgre_amac,mlp_small,42,218.21788131902576,0.7530879869882483,14709,4903,4904,0.09512004435047135,0.3084153763197797,0.8400757003222117,0.8741482097803588,0.7031451607856287,0.9166375510991965
ortholog_mixtures,cgre_amac,CNN_Jannis_OHE,42,1232.180537128821,4.491164205595851,14709,4903,4904,0.07908997970636646,0.2812294076130134,0.8670268742782765,0.8772881262136887,0.7050299913505448,0.9322424945811862
ortholog_mixtures,cgre_amac,aubin_1_10_1,43,254.20539496280253,0.6821971740573645,14709,4903,4904,0.13449474183601565,0.3667352476051568,0.7738754481734726,0.838712709693826,0.6505485076746,0.8803381590221816
ortholog_mixtures,cgre_amac,aubin_linear,43,157.11256373859942,1.6463894098997116,14709,4903,4904,0.272271632805006,0.5217965434966065,0.542232654580835,0.7984108408327346,0.6019355803516072,0.7364162079560597
ortholog_mixtures,cgre_amac,mlp_small,43,332.5753145487979,0.41019676346331835,14709,4903,4904,0.1023531095051833,0.3199267252124825,0.8279148262678527,0.8699717099931195,0.6978572474556644,0.9121761184559125
ortholog_mixtures,cgre_amac,CNN_Jannis_OHE,43,1115.6401017038152,4.542928227223456,14709,4903,4904,0.07547055637770927,0.27471904989954604,0.8731121714942894,0.8757685019198442,0.7007029091802758,0.9350133133350801
ortholog_mixtures,cgre_amac,aubin_1_10_1,44,151.55774771000142,0.4062017569958698,14709,4903,4904,0.14467200073244876,0.3803577273205433,0.7567645330896369,0.8325261898004928,0.6421684340980017,0.8760044179322906
ortholog_mixtures,cgre_amac,aubin_linear,44,178.04766362998635,1.9076647814363241,14709,4903,4904,0.2724829350477467,0.5219989799297952,0.5418773944101591,0.7987517177897754,0.6008802981376272,0.739885299552192
ortholog_mixtures,cgre_amac,mlp_small,44,321.744186819531,0.4822485074400902,14709,4903,4904,0.09749577284728797,0.3122431309849553,0.8360814137481004,0.8728076231562657,0.7028979403299934,0.9148078282180288
ortholog_mixtures,cgre_amac,CNN_Jannis_OHE,44,840.8121135160327,3.894094878807664,14709,4903,4904,0.08410250279164772,0.2900043151259093,0.8585993735395389,0.8671395777802129,0.6879656471623966,0.927875118744806
ortholog_mixtures,cgre_amac,aubin_1_10_1,45,201.25696428399533,0.9712622286751866,14709,4903,4904,0.13471453753840068,0.36703479063761885,0.7735059080411468,0.8380210568681958,0.6496045868359811,0.8813464955054988
ortholog_mixtures,cgre_amac,aubin_linear,45,129.59881916598533,0.6306027050013654,14709,4903,4904,0.26907502554219825,0.5187244215787399,0.5476070757277163,0.804902257735232,0.6088555105971135,0.7439335988174622
ortholog_mixtures,cgre_amac,mlp_small,45,328.6201143404469,0.76230473164469,14709,4903,4904,0.10371782381808158,0.32205251717395655,0.8256203468840295,0.8706611489310243,0.7013299470155856,0.9093560352897226
ortholog_mixtures,cgre_amac,CNN_Jannis_OHE,45,698.0879185153171,2.7869774224236608,14709,4903,4904,0.07977206544658502,0.2824394898851523,0.8658800909155318,0.8705149312832572,0.6931039303546619,0.9305879162931638
ortholog_mixtures,cgre_amac,aubin_1_10_1,46,249.87515586148947,1.2208682987838984,14709,4903,4904,0.1533250508897179,0.3915674282798786,0.7422162536399419,0.8331445328547206,0.6442023267012343,0.8680860861089145
ortholog_mixtures,cgre_amac,aubin_linear,46,167.9690767833963,1.3627715911716223,14709,4903,4904,0.2685676927897183,0.5182351713167664,0.5484600487861078,0.8028571079785067,0.6063447887135364,0.7412898370694271
ortholog_mixtures,cgre_amac,mlp_small,46,221.9910561630095,0.5962144079967402,14709,4903,4904,0.09813044008328463,0.3132577853514332,0.8350143546025933,0.8707452366913158,0.6983678868076882,0.9144158997065303
ortholog_mixtures,cgre_amac,CNN_Jannis_OHE,46,736.0631098942831,3.8206097884103656,14709,4903,4904,0.08324568995131845,0.2885232918696833,0.8600399236820485,0.8667316188448138,0.6889312764324416,0.9278003978699885
ortholog_mixtures,cgre_pplu,aubin_1_10_1,42,201.71839459147304,0.7517216745764017,14709,4903,4904,0.14148672683863786,0.37614721431726417,0.7621198995660522,0.8294184299807629,0.6392781781452991,0.8777217256546421
ortholog_mixtures,cgre_pplu,aubin_linear,42,180.6565987765789,1.1141917714849114,14709,4903,4904,0.2737834744206515,0.5232432268273058,0.5396908116574339,0.7984357737504936,0.6043519683390965,0.739020346216791
ortholog_mixtures,cgre_pplu,mlp_small,42,326.9814713904634,0.5073018688708544,14709,4903,4904,0.09472243590646312,0.30777010235963975,0.840744195089936,0.8745931776335012,0.703815851998043,0.9175021595480828
ortholog_mixtures,cgre_pplu,CNN_Jannis_OHE,42,1023.9335002675653,4.465635580010712,14709,4903,4904,0.08566037846131519,0.29267794324361923,0.8559801340600168,0.8637214121259836,0.6827330405097569,0.9264132097796615
ortholog_mixtures,cgre_pplu,aubin_1_10_1,43,242.96820980962366,1.0843701679259539,14709,4903,4904,0.14366207041203644,0.37902779635804607,0.758462517991959,0.8254727339775166,0.6364246639624426,0.8717442587219262
ortholog_mixtures,cgre_pplu,aubin_linear,43,220.23193874582648,1.7190561825409532,14709,4903,4904,0.2784322724253033,0.5276668195227963,0.5318748379547918,0.7900341911059157,0.595372413432824,0.7311244689333134
ortholog_mixtures,cgre_pplu,mlp_small,43,272.43318973109126,0.48665830958634615,14709,4903,4904,0.10482910216829407,0.3237732264537852,0.8237519666375905,0.8668399355096349,0.693625748470953,0.9083923653941375
ortholog_mixtures,cgre_pplu,CNN_Jannis_OHE,43,885.2403316348791,2.8003763910382986,14709,4903,4904,0.07942976715182502,0.28183287095692905,0.8664555933287634,0.8738583045491495,0.6990872592189787,0.9315740943609121
ortholog_mixtures,cgre_pplu,aubin_1_10_1,44,247.90879598632455,1.0205345209687948,14709,4903,4904,0.16113809243160326,0.40142009470329615,0.7290802715714759,0.8175464620418413,0.6239138349049419,0.8572536268099196
ortholog_mixtures,cgre_pplu,aubin_linear,44,239.6525921933353,1.5633171368390322,14709,4903,4904,0.2790609854311874,0.5282622316910299,0.5308177895918424,0.7949719254965877,0.6003973862622073,0.7329195071161385
ortholog_mixtures,cgre_pplu,mlp_small,44,285.57702189218253,0.42675237357616425,14709,4903,4904,0.1021904453498095,0.31967240317207474,0.8281883117493669,0.8704020084849073,0.6995310199603263,0.9125005977976932
ortholog_mixtures,cgre_pplu,CNN_Jannis_OHE,44,468.3566932231188,2.903833276592195,14709,4903,4904,0.09582325615963065,0.30955331715171563,0.8388933979287163,0.8587148497598054,0.6740752884714986,0.9223194471114627
ortholog_mixtures,cgre_pplu,aubin_1_10_1,45,189.98085963632911,0.918342087417841,14709,4903,4904,0.1446475772114491,0.3803256199777358,0.7568055960907972,0.8211781435189683,0.6297926816484455,0.8707884488676736
ortholog_mixtures,cgre_pplu,aubin_linear,45,230.1373574435711,1.2564621325582266,14709,4903,4904,0.2747996384472326,0.5242133520306714,0.5379823460924897,0.7925390094348425,0.5965692040314547,0.7362615184257011
ortholog_mixtures,cgre_pplu,mlp_small,45,324.8727298146114,0.6859657019376755,14709,4903,4904,0.10368566460184023,0.32200258477509186,0.8256744158257621,0.8701877977458026,0.700575730745937,0.9091342835736864
ortholog_mixtures,cgre_pplu,CNN_Jannis_OHE,45,920.9138140091673,4.073353915475309,14709,4903,4904,0.08978851515756725,0.29964731795490385,0.8490395425723825,0.8646545388994641,0.6836368652112393,0.9219754030998205
ortholog_mixtures,cgre_pplu,aubin_1_10_1,46,196.6377493608743,0.9605745738372207,14709,4903,4904,0.12306911473634508,0.35081207894875155,0.7930852311878908,0.8300717946765611,0.6361403471309985,0.8905690597199488
ortholog_mixtures,cgre_pplu,aubin_linear,46,191.08512913808227,2.325532562099397,14709,4903,4904,0.2740288523953844,0.5234776522406515,0.5392782603278643,0.7880275534898734,0.5902614461983453,0.734718366443155
ortholog_mixtures,cgre_pplu,mlp_small,46,331.36943766847253,0.4240511190146208,14709,4903,4904,0.0979727885489904,0.31300605193668446,0.835279412418612,0.8705200678615699,0.6975802750744935,0.9142297689272929
ortholog_mixtures,cgre_pplu,CNN_Jannis_OHE,46,1264.5563053730875,4.07201246637851,14709,4903,4904,0.07951219834147047,0.2819790742971373,0.8663170026629823,0.8749799281465883,0.7008519349037291,0.9314209835292423
ortholog_mixtures,amac_pplu,aubin_1_10_1,42,237.1000118246302,1.1815015859901905,14709,4903,4904,1.7349615592711172,1.3171793952499853,-1.9169720664973813,-0.16723398898146,-0.11498123207674633,-0.22914366034438927
ortholog_mixtures,amac_pplu,aubin_linear,42,233.334597771056,1.927710053510964,14709,4903,4904,10.844811247037955,3.2931461016842167,-17.23326361613237,0.38681830564392994,0.27241900382066947,0.42772970882070643
ortholog_mixtures,amac_pplu,mlp_small,42,280.5726441759616,0.37858692556619644,14709,4903,4904,10.244989752943146,3.200779553943562,-16.224790238834988,0.3846019145016038,0.2707494285387341,0.39729129080779707
ortholog_mixtures,amac_pplu,CNN_Jannis_OHE,42,778.4610016690567,2.7626100247725844,14709,4903,4904,1.2749438842155665,1.1291341303032012,-1.1435493349898054,-0.01913035440132685,-0.013929224696913317,-0.04670801471988636
ortholog_mixtures,amac_pplu,aubin_1_10_1,43,252.0124306352809,1.1184384068474174,14709,4903,4904,1.0768746297860399,1.0377257006483167,-0.8105376441454168,-0.41630102304193534,-0.2955806809865112,-0.4524217230589895
ortholog_mixtures,amac_pplu,aubin_linear,43,237.14932056050748,1.1582187497988343,14709,4903,4904,7.170313684028783,2.6777441408821687,-11.05537068678504,0.41097014265864384,0.2900320179490791,0.44453865393715564
ortholog_mixtures,amac_pplu,mlp_small,43,281.34846704732627,0.4842339074239135,14709,4903,4904,12.589573637233931,3.548178918436038,-20.16671371344462,0.3633541451141238,0.25505977299401367,0.3670830520118946
ortholog_mixtures,amac_pplu,CNN_Jannis_OHE,43,1224.3218645062298,4.457346199080348,14709,4903,4904,1.270146839789964,1.127007914697126,-1.1354841161862788,0.25469508531575763,0.17494626618485878,0.2732564927220004
ortholog_mixtures,amac_pplu,aubin_1_10_1,44,231.41084729041904,2.1007004333660007,14709,4903,4904,3.395644612488458,1.8427274927369097,-4.70906048577952,0.35782626438425613,0.2514391209443109,0.38997916017080636
ortholog_mixtures,amac_pplu,aubin_linear,44,231.0092564439401,1.6525988802313805,14709,4903,4904,14.421007003227412,3.797500099174115,-23.245882783045566,0.36245324919319005,0.2553486337356543,0.40975447486615135
ortholog_mixtures,amac_pplu,mlp_small,44,329.1844675745815,0.4866574080660939,14709,4903,4904,10.837565396444496,3.292045776784475,-17.22108124605841,0.3696721251246507,0.26012629150275685,0.3319985139509364
ortholog_mixtures,amac_pplu,CNN_Jannis_OHE,44,888.7461349489167,2.939652321860194,14709,4903,4904,1.2738513168034025,1.1286502189799117,-1.1417124132407226,0.14388153247798605,0.10094925485724195,0.11891559131772239
ortholog_mixtures,amac_pplu,aubin_1_10_1,45,200.12187496200204,0.8938969969749451,14709,4903,4904,1.1733210618847052,1.083199456187412,-0.9726919851691651,-0.4035032216175585,-0.2866946432390299,-0.4462070756840531
ortholog_mixtures,amac_pplu,aubin_linear,45,223.5806880267337,1.8470614179968834,14709,4903,4904,13.118820869519038,3.621991285124667,-21.056531349228592,0.41052289536795566,0.290918036097109,0.44219297154667575
ortholog_mixtures,amac_pplu,mlp_small,45,328.1307610226795,0.6868215696886182,14709,4903,4904,8.98661285713499,2.9977679792030254,-14.109094801905437,0.403478331676865,0.2847146818051624,0.40517892418621054
ortholog_mixtures,amac_pplu,CNN_Jannis_OHE,45,1061.5791658982635,3.8401904022321105,14709,4903,4904,1.2319008547308348,1.1099102912987313,-1.0711815560073519,0.006250970461736601,0.002706940225698667,0.024989268354853142
ortholog_mixtures,amac_pplu,aubin_1_10_1,46,200.4684300031513,0.5344820823520422,14709,4903,4904,1.7645929025603966,1.3283798035804355,-1.9667909228321205,0.3768680662262869,0.2673303033091612,0.39954738034780446
ortholog_mixtures,amac_pplu,aubin_linear,46,233.9408942302689,1.694985999725759,14709,4903,4904,9.227367950720048,3.037658300520328,-14.513873731502938,0.39918512247683974,0.2831479998228002,0.4263739486226167
ortholog_mixtures,amac_pplu,mlp_small,46,283.9664937481284,0.435084973461926,14709,4903,4904,9.163374730223383,3.0271066598690215,-14.406282623425364,0.3748027027383962,0.26576346707671583,0.3590294110432827
ortholog_mixtures,amac_pplu,CNN_Jannis_OHE,46,1197.7355330958962,4.447499394416809,14709,4903,4904,1.2154111199722275,1.1024568562860986,-1.0434575436695708,0.2102520757650232,0.14583211998948906,0.17418143283069626
ortholog_mixtures,cgre_amac_pplu,aubin_1_10_1,42,242.93487398140132,0.9708350896835327,14709,4903,4904,0.1841221333485698,0.42909455059295476,0.6904374526734074,0.7957571549615489,0.6012451372337989,0.8359437049864669
ortholog_mixtures,cgre_amac_pplu,aubin_linear,42,207.2352119712159,2.02888651099056,14709,4903,4904,0.2906359106272528,0.5391065855906908,0.5113569933060135,0.769049188587108,0.5747046601511075,0.715375092811818
ortholog_mixtures,cgre_amac_pplu,mlp_small,42,286.4787071403116,0.35546672996133566,14709,4903,4904,0.1286745003329536,0.35871228071109246,0.783660957134163,0.8489851834928427,0.6667337241811986,0.8886183300136005
ortholog_mixtures,cgre_amac_pplu,CNN_Jannis_OHE,42,788.5873842053115,2.747912007384002,14709,4903,4904,0.11752533822267071,0.34281968762407844,0.802405922558186,0.8478707218578904,0.6609868058835499,0.8963614929175554
ortholog_mixtures,cgre_amac_pplu,aubin_1_10_1,43,196.46906890626997,0.6497859144583344,14709,4903,4904,0.18372233979655375,0.4286284402563061,0.6911096212395436,0.7991391412540453,0.605809121307571,0.8349497831381918
ortholog_mixtures,cgre_amac_pplu,aubin_linear,43,234.59052667208016,1.7002888936549425,14709,4903,4904,0.2959396632655962,0.5440033669616358,0.5024398514759898,0.773730010184856,0.5798370287563901,0.7130618157943499
ortholog_mixtures,cgre_amac_pplu,mlp_small,43,328.95629106927663,0.7064767871052027,14709,4903,4904,0.12377888480044992,0.35182223465899637,0.7918919024714322,0.8564070776510003,0.6792234003569423,0.8914071442511399
ortholog_mixtures,cgre_amac_pplu,CNN_Jannis_OHE,43,1269.5113918129355,4.471840902231634,14709,4903,4904,0.09692379978065226,0.3113258739338127,0.8370430658661254,0.8618075273926332,0.6788589608378993,0.9163856099898016
ortholog_mixtures,cgre_amac_pplu,aubin_1_10_1,44,193.56076926924288,1.1678715627640486,14709,4903,4904,0.20989204325030467,0.45813976388249106,0.6471107824438406,0.7870661947956573,0.5907550587358452,0.812375161632926
ortholog_mixtures,cgre_amac_pplu,aubin_linear,44,235.4798280596733,1.2181116864085197,14709,4903,4904,0.2908682365396552,0.5393220156267081,0.5109663862673848,0.7726885038517837,0.5767427201891031,0.7178004898616015
ortholog_mixtures,cgre_amac_pplu,mlp_small,44,334.36406150180846,0.4087921064347029,14709,4903,4904,0.12322109078548919,0.3510286181858812,0.7928297155035454,0.8542716850363486,0.6763393369542238,0.8910132459609708
ortholog_mixtures,cgre_amac_pplu,CNN_Jannis_OHE,44,912.4478816352785,3.06775348354131,14709,4903,4904,0.10261006490276646,0.32032805825086014,0.8274828099427183,0.8578782056149376,0.6736267986914629,0.9104225824994583
ortholog_mixtures,cgre_amac_pplu,aubin_1_10_1,45,184.82143189385533,1.3897724319249392,14709,4903,4904,0.1856597545944888,0.4308825299249075,0.687852266737021,0.7902028680357144,0.5942918298195615,0.8319838861468649
ortholog_mixtures,cgre_amac_pplu,aubin_linear,45,224.95623819995672,1.7353672105818987,14709,4903,4904,0.2923208572114571,0.5406670483869506,0.5085241108750453,0.7763829230830402,0.5812304371710779,0.7182509522867478
ortholog_mixtures,cgre_amac_pplu,mlp_small,45,329.5649781553075,0.5028580464422703,14709,4903,4904,0.13686466559912067,0.36995224772816376,0.7698909210352404,0.8495043865872631,0.6727213496689719,0.8814528803689705
ortholog_mixtures,cgre_amac_pplu,CNN_Jannis_OHE,45,1226.6496447240934,4.475999471731484,14709,4903,4904,0.10030961108366507,0.31671692579283645,0.8313505380169963,0.8591978547972947,0.6787907373603519,0.9127697138142861
ortholog_mixtures,cgre_amac_pplu,aubin_1_10_1,46,191.08693827316165,1.19287212472409,14709,4903,4904,0.21196929499400427,0.4604012326156439,0.643618321599924,0.7851124900472078,0.5889511590210075,0.8126082137093895
ortholog_mixtures,cgre_amac_pplu,aubin_linear,46,200.34566985070705,1.662720151245594,14709,4903,4904,0.2906837073164818,0.5391509133039485,0.5112766332504219,0.7616260589650049,0.5659210031157553,0.7150538587906176
ortholog_mixtures,cgre_amac_pplu,mlp_small,46,317.5460076360032,0.7141216089949012,14709,4903,4904,0.1279483679083846,0.3576987110801276,0.7848817957099385,0.8503182233296002,0.6697953269713351,0.890074723926201
ortholog_mixtures,cgre_amac_pplu,CNN_Jannis_OHE,46,898.6316740121692,3.8359292009845376,14709,4903,4904,0.12012955713587335,0.3465971106859856,0.7980274775233303,0.8456632516224398,0.6589555762936625,0.8950760214971198
peak_transfer,artificial_to_artificial,aubin_1_10_1,42,255.321312347427,1.162451159209013,14709,4903,5382,0.1438250589366992,0.37924274407917047,0.687756999383893,0.7597163255700183,0.5568008144315038,0.8312512780760194
peak_transfer,artificial_to_natural,aubin_1_10_1,42,255.321312347427,1.162451159209013,14709,4903,4904,1.8454299050369107,1.3584660117341585,-2.1027012990034715,0.8386965985292955,0.6491712475946078,0.8540056960450514
peak_transfer,artificial_to_artificial,aubin_linear,42,190.8147702459246,3.4318200927227736,14709,4903,5382,0.22699326834379233,0.47643810546994697,0.5071995120230227,0.7223086306973507,0.5125098010209477,0.7132209507042118
peak_transfer,artificial_to_natural,aubin_linear,42,190.8147702459246,3.4318200927227736,14709,4903,4904,1.9456290487468562,1.394858074768489,-2.2711650333882596,0.8086052004354534,0.6168521796218047,0.7364045319419339
peak_transfer,artificial_to_artificial,mlp_small,42,317.8908949261531,1.1914633978158236,14709,4903,5382,0.1240952099285835,0.35227150030705506,0.7305903366447395,0.7985733065098695,0.5985868508218514,0.8638344569451275
peak_transfer,artificial_to_natural,mlp_small,42,317.8908949261531,1.1914633978158236,14709,4903,4904,2.819712920254559,1.6792000834488305,-3.740752773438831,0.7180832572672322,0.5482250980420849,0.6519977926529651
peak_transfer,artificial_to_artificial,CNN_Jannis_OHE,42,744.4284595577046,5.79733538068831,14709,4903,5382,0.11043909526418066,0.3323237807683655,0.7602376474200299,0.7975007287751912,0.6104609210010344,0.8722303410935438
peak_transfer,artificial_to_natural,CNN_Jannis_OHE,42,744.4284595577046,5.79733538068831,14709,4903,4904,1.75775340157621,1.3258029271261282,-1.9552917439523099,0.8605031180303404,0.6803070639342453,0.8819712728487462
peak_transfer,artificial_to_artificial,aubin_1_10_1,43,74.52612121403217,0.5937207136303186,14709,4903,5382,0.14126316057575491,0.37584991762105646,0.6933188593087813,0.758216627255776,0.5511218377035833,0.8344092735129717
peak_transfer,artificial_to_natural,aubin_1_10_1,43,74.52612121403217,0.5937207136303186,14709,4903,4904,1.604497547075542,1.266687628058134,-1.6976243367312271,0.845512027744146,0.658364636515244,0.8846052570719763
peak_transfer,artificial_to_artificial,aubin_linear,43,32.149584419094026,0.24718825332820415,14709,4903,5382,0.22773736458736446,0.47721836153627245,0.5055840852986548,0.7222934275169616,0.5123434223413992,0.7125220100081788
peak_transfer,artificial_to_natural,aubin_linear,43,32.149584419094026,0.24718825332820415,14709,4903,4904,1.9858024100900564,1.4091850162736106,-2.338708070425145,0.8042609001736442,0.6125184967867119,0.7346815427999545
peak_transfer,artificial_to_artificial,mlp_small,43,87.83562100678682,0.40880386251956224,14709,4903,5382,0.11533648874996262,0.3396122623668978,0.7496054471031757,0.8014724793513176,0.607763489996288,0.866256843031364
peak_transfer,artificial_to_natural,mlp_small,43,87.83562100678682,0.40880386251956224,14709,4903,4904,2.341191762004205,1.5300953440894476,-2.9362203361722288,0.8295533611897047,0.6476188114205758,0.8031236691416872
peak_transfer,artificial_to_artificial,CNN_Jannis_OHE,43,1231.334739640355,6.350800984539092,14709,4903,5382,0.10545732867645517,0.32474194166515535,0.7710530210358689,0.8066696452130577,0.6265321327590986,0.8809416504603993
peak_transfer,artificial_to_natural,CNN_Jannis_OHE,43,1231.334739640355,6.350800984539092,14709,4903,4904,2.0362563837518457,1.4269745560982667,-2.4235357895344163,0.8093235007710856,0.626320606411279,0.8134836174509532
peak_transfer,artificial_to_artificial,aubin_1_10_1,44,42.62225994374603,0.2766467360779643,14709,4903,5382,0.15861083740034898,0.3982597612116356,0.6556571979440968,0.7601503920370194,0.554818739185061,0.8154242962913122
peak_transfer,artificial_to_natural,aubin_1_10_1,44,42.62225994374603,0.2766467360779643,14709,4903,4904,1.4289648803897395,1.1953931907074506,-1.4025031666141263,0.8434577862119864,0.6568248575741429,0.8866189527434165
peak_transfer,artificial_to_artificial,aubin_linear,44,34.249935301952064,0.29668017011135817,14709,4903,5382,0.22724533234000027,0.4767025617090811,0.5066522831944366,0.7237368707511642,0.5130515053347631,0.7122508545022717
peak_transfer,artificial_to_natural,aubin_linear,44,34.249935301952064,0.29668017011135817,14709,4903,4904,1.9742386554557028,1.4050760319127584,-2.319266055083658,0.8050871921469073,0.6138815423819062,0.7344197232436882
peak_transfer,artificial_to_artificial,mlp_small,44,85.06386911310256,0.41679607424885035,14709,4903,5382,0.11732513351738763,0.34252756606934226,0.7452881159375853,0.8085426756934716,0.6182057301024935,0.8646826265250989
peak_transfer,artificial_to_natural,mlp_small,44,85.06386911310256,0.41679607424885035,14709,4903,4904,2.3914854959028915,1.5464428524529743,-3.0207786459044366,0.8345882331904207,0.6532278912864609,0.807748752767055
peak_transfer,artificial_to_artificial,CNN_Jannis_OHE,44,1277.3350678039715,6.579517369158566,14709,4903,5382,0.10648490386340087,0.32632024740031207,0.768822163895238,0.810724667796674,0.6327217468384838,0.8785622289101203
peak_transfer,artificial_to_natural,CNN_Jannis_OHE,44,1277.3350678039715,6.579517369158566,14709,4903,4904,2.049686557430558,1.4316726432500406,-2.4461157949873735,0.8111113424510433,0.627250607606771,0.804427620431871
peak_transfer,artificial_to_artificial,aubin_1_10_1,45,42.80819617770612,0.24539321660995483,14709,4903,5382,0.14324435477416195,0.37847635959748127,0.6890177032662442,0.7559999035953923,0.5499982229060065,0.8333353798638625
peak_transfer,artificial_to_natural,aubin_1_10_1,45,42.80819617770612,0.24539321660995483,14709,4903,4904,1.9822692612282067,1.4079308439082534,-2.3327678255351527,0.8291935296174415,0.6379754059499683,0.8321113079020244
peak_transfer,artificial_to_artificial,aubin_linear,45,37.78899747785181,0.24343120120465755,14709,4903,5382,0.22916479971006515,0.47871160390162376,0.502485135580212,0.7260874117620115,0.5168094445574009,0.7099182504693573
peak_transfer,artificial_to_natural,aubin_linear,45,37.78899747785181,0.24343120120465755,14709,4903,4904,2.0460516275692395,1.4304026103056577,-2.440004426806053,0.8087179169843318,0.616654996528301,0.7358650619035398
peak_transfer,artificial_to_artificial,mlp_small,45,134.36955635622144,0.6473481273278594,14709,4903,5382,0.11473644055848671,0.33872767905573753,0.7509081467106424,0.8038246243469065,0.6121366750768059,0.8676211970286126
peak_transfer,artificial_to_natural,mlp_small,45,134.36955635622144,0.6473481273278594,14709,4903,4904,2.680665334790906,1.6372737507182193,-3.506973574963805,0.7926074583621723,0.6050804881263059,0.7686048834720994
peak_transfer,artificial_to_artificial,CNN_Jannis_OHE,45,999.7041873009875,5.931781160645187,14709,4903,5382,0.10610204874160323,0.32573309432970304,0.7696533391641038,0.8109100973114437,0.6303741400938045,0.8801410334008226
peak_transfer,artificial_to_natural,CNN_Jannis_OHE,45,999.7041873009875,5.931781160645187,14709,4903,4904,1.89428004853933,1.376328466805555,-2.184832515847728,0.8607530267098207,0.6808721235673053,0.8864302258837313
peak_transfer,artificial_to_artificial,aubin_1_10_1,46,84.19270127173513,0.564812689088285,14709,4903,5382,0.15030872589734653,0.3876966931730867,0.6736810126138889,0.7594979789797333,0.5536078926161744,0.822295930275819
peak_transfer,artificial_to_natural,aubin_1_10_1,46,84.19270127173513,0.564812689088285,14709,4903,4904,1.519604960617621,1.2327225805580186,-1.5548953511654013,0.8473624495505652,0.6612907174477325,0.8886328432848993
peak_transfer,artificial_to_artificial,aubin_linear,46,53.779878380708396,0.5811794120818377,14709,4903,5382,0.2277262778960184,0.47720674544270475,0.5056081544128855,0.7214623013321763,0.5124032393866237,0.7111093141618511
peak_transfer,artificial_to_natural,aubin_linear,46,53.779878380708396,0.5811794120818377,14709,4903,4904,1.874516532413871,1.3691298449796028,-2.1516043303783317,0.8063789152259973,0.6144002494912991,0.7365157657584531
peak_transfer,artificial_to_artificial,mlp_small,46,192.0736236087978,0.8293994832783937,14709,4903,5382,0.11582993317467843,0.3403379690464736,0.7485341833821688,0.8047635621414757,0.6132767906823304,0.8662953191268122
peak_transfer,artificial_to_natural,mlp_small,46,192.0736236087978,0.8293994832783937,14709,4903,4904,2.7347192836398695,1.6536986677263392,-3.597853893339588,0.8206369604356257,0.6349888449377808,0.7990709375055781
peak_transfer,artificial_to_artificial,CNN_Jannis_OHE,46,733.5202899482101,4.095449130982161,14709,4903,5382,0.10268247922022279,0.3204410698088227,0.7770771960084187,0.8061247928805754,0.6231004621744498,0.8820946363443085
peak_transfer,artificial_to_natural,CNN_Jannis_OHE,46,733.5202899482101,4.095449130982161,14709,4903,4904,1.9226317371304624,1.38658996719667,-2.2324999026070693,0.8295697108589816,0.6448547579567312,0.8441899751957047
