pair,arm,n_seeds,spearman_mean,spearman_sd
cgreGFP_to_amacGFP,oneshot_random,5,0.6746536795439249,0.025628197640806226
cgreGFP_to_amacGFP,iterative_random,5,0.6626482863807117,0.03466414845480282
cgreGFP_to_amacGFP,oneshot_fancy,5,0.6371649772116762,0.018917137071950675
cgreGFP_to_amacGFP,iterative_fancy,5,0.684898646654232,0.021346235442908763
cgreGFP_to_ppluGFP,oneshot_random,5,0.7358185440032581,0.006776429969847649
cgreGFP_to_ppluGFP,iterative_random,5,0.708224544189688,0.013369447835901183
cgreGFP_to_ppluGFP,oneshot_fancy,5,0.704647949657031,0.008483351390284357
cgreGFP_to_ppluGFP,iterative_fancy,5,0.7266784999535514,0.014434706529309997
amacGFP_to_cgreGFP,oneshot_random,1,0.7425412710535317,
amacGFP_to_cgreGFP,iterative_random,1,0.7566322201050422,
amacGFP_to_cgreGFP,oneshot_fancy,1,0.7182488407053961,
amacGFP_to_cgreGFP,iterative_fancy,1,0.7474870226562751,
amacGFP_to_ppluGFP,oneshot_random,2,0.7647184436832954,0.019302137431820708
amacGFP_to_ppluGFP,iterative_random,2,0.7838376705052628,0.01068312729314965
amacGFP_to_ppluGFP,oneshot_fancy,2,0.7339925443451574,0.03775062323569735
amacGFP_to_ppluGFP,iterative_fancy,2,0.7101706893409488,0.002996844575754345
ppluGFP_to_cgreGFP,oneshot_random,1,0.731979379899964,
ppluGFP_to_cgreGFP,iterative_random,1,0.7533453908701577,
ppluGFP_to_cgreGFP,oneshot_fancy,1,0.7331938596707932,
ppluGFP_to_cgreGFP,iterative_fancy,1,0.7488555792166607,
ppluGFP_to_amacGFP,oneshot_random,4,0.67625350703755,0.016724510373964795
ppluGFP_to_amacGFP,iterative_random,4,0.6903835125967983,0.008332299945940062
ppluGFP_to_amacGFP,oneshot_fancy,4,0.6514272490029387,0.01532734645155677
ppluGFP_to_amacGFP,iterative_fancy,4,0.6151608853367253,0.030784617486954942
