gene,native_position,aligned_column,wildtype_residue
cgreGFP,0,0,M
cgreGFP,1,1,T
cgreGFP,2,2,A
cgreGFP,3,3,L
cgreGFP,4,4,T
cgreGFP,5,5,E
cgreGFP,6,6,G
cgreGFP,7,7,A
cgreGFP,8,8,K
cgreGFP,9,9,L
cgreGFP,10,10,F
cgreGFP,11,11,E
cgreGFP,12,12,K
cgreGFP,13,13,E
cgreGFP,14,14,I
cgreGFP,15,15,P
cgreGFP,16,16,Y
cgreGFP,17,17,I
cgreGFP,18,18,T
cgreGFP,19,19,E
cgreGFP,20,20,L
cgreGFP,21,21,E
cgreGFP,22,22,G
cgreGFP,23,23,D
cgreGFP,24,24,V
cgreGFP,25,25,E
cgreGFP,26,26,G
cgreGFP,27,27,M
cgreGFP,28,28,K
cgreGFP,29,29,F
cgreGFP,30,30,I
cgreGFP,31,31,I
cgreGFP,32,32,K
cgreGFP,33,33,G
cgreGFP,34,34,E
cgreGFP,35,35,G
cgreGFP,36,36,T
cgreGFP,37,37,G
cgreGFP,38,38,D
cgreGFP,39,39,A
cgreGFP,40,40,T
cgreGFP,41,41,T
cgreGFP,42,42,G
cgreGFP,43,43,T
cgreGFP,44,44,I
cgreGFP,45,45,K
cgreGFP,46,46,A
cgreGFP,47,47,K
cgreGFP,48,48,Y
cgreGFP,49,49,I
cgreGFP,50,50,C
cgreGFP,51,51,T
cgreGFP,52,52,T
cgreGFP,53,53,G
cgreGFP,54,54,D
cgreGFP,55,55,L
cgreGFP,56,56,P
cgreGFP,57,57,V
cgreGFP,58,58,P
cgreGFP,59,59,W
cgreGFP,60,60,A
cgreGFP,61,61,T
cgreGFP,62,62,I
cgreGFP,63,63,L
cgreGFP,64,64,S
cgreGFP,65,65,S
cgreGFP,66,66,L
cgreGFP,67,67,S
cgreGFP,68,68,Y
cgreGFP,69,69,G
cgreGFP,70,70,V
cgreGFP,71,71,F
cgreGFP,72,72,C
cgreGFP,73,73,F
cgreGFP,74,74,A
cgreGFP,75,75,K
cgreGFP,76,76,Y
cgreGFP,77,77,P
cgreGFP,78,78,R
cgreGFP,79,79,H
cgreGFP,80,80,I
cgreGFP,81,81,A
cgreGFP,82,84,D
cgreGFP,83,86,F
cgreGFP,84,87,F
cgreGFP,85,88,K
cgreGFP,86,89,S
cgreGFP,87,90,T
cgreGFP,88,91,Q
cgreGFP,89,92,P
cgreGFP,90,93,D
cgreGFP,91,94,G
cgreGFP,92,95,Y
cgreGFP,93,96,S
cgreGFP,94,97,Q
cgreGFP,95,98,D
cgreGFP,96,99,R
cgreGFP,97,100,I
cgreGFP,98,101,I
cgreGFP,99,102,S
cgreGFP,100,103,F
cgreGFP,101,104,D
cgreGFP,102,105,N
cgreGFP,103,106,D
cgreGFP,104,107,G
cgreGFP,105,108,Q
cgreGFP,106,109,Y
cgreGFP,107,110,D
cgreGFP,108,111,V
cgreGFP,109,112,K
cgreGFP,110,113,A
cgreGFP,111,114,K
cgreGFP,112,115,V
cgreGFP,113,116,T
cgreGFP,114,117,Y
cgreGFP,115,118,E
cgreGFP,116,119,N
cgreGFP,117,120,G
cgreGFP,118,121,T
cgreGFP,119,122,L
cgreGFP,120,123,Y
cgreGFP,121,124,N
cgreGFP,122,125,R
cgreGFP,123,126,V
cgreGFP,124,127,T
cgreGFP,125,128,V
cgreGFP,126,129,K
cgreGFP,127,130,G
cgreGFP,128,131,T
cgreGFP,129,132,G
cgreGFP,130,133,F
cgreGFP,131,134,K
cgreGFP,132,135,S
cgreGFP,133,136,N
cgreGFP,134,137,G
cgreGFP,135,138,N
cgreGFP,136,139,I
cgreGFP,137,140,L
cgreGFP,138,141,G
cgreGFP,139,142,M
cgreGFP,140,143,R
cgreGFP,141,144,V
cgreGFP,142,145,L
cgreGFP,143,152,Y
cgreGFP,144,153,H
cgreGFP,145,154,S
cgreGFP,146,155,P
cgreGFP,147,156,P
cgreGFP,148,157,H
cgreGFP,149,158,A
cgreGFP,150,159,V
cgreGFP,151,160,Y
cgreGFP,152,161,I
cgreGFP,153,162,L
cgreGFP,154,163,P
cgreGFP,155,164,D
cgreGFP,156,165,R
cgreGFP,157,166,K
cgreGFP,158,167,N
cgreGFP,159,168,G
cgreGFP,160,169,G
cgreGFP,161,170,M
cgreGFP,162,171,K
cgreGFP,163,172,I
cgreGFP,164,173,E
cgreGFP,165,174,Y
cgreGFP,166,175,N
cgreGFP,167,176,K
cgreGFP,168,177,A
cgreGFP,169,178,F
cgreGFP,170,179,D
cgreGFP,171,180,V
cgreGFP,172,181,M
cgreGFP,173,182,G
cgreGFP,174,183,G
cgreGFP,175,184,G
cgreGFP,176,185,H
cgreGFP,177,186,Q
cgreGFP,178,190,M
cgreGFP,179,191,A
cgreGFP,180,192,R
cgreGFP,181,193,H
cgreGFP,182,194,A
cgreGFP,183,195,Q
cgreGFP,184,196,F
cgreGFP,185,197,N
cgreGFP,186,198,K
cgreGFP,187,199,P
cgreGFP,188,200,L
cgreGFP,189,203,G
cgreGFP,190,204,A
cgreGFP,191,205,W
cgreGFP,192,206,E
cgreGFP,193,207,E
cgreGFP,194,208,D
cgreGFP,195,209,Y
cgreGFP,196,210,P
cgreGFP,197,211,L
cgreGFP,198,212,Y
cgreGFP,199,213,H
cgreGFP,200,214,H
cgreGFP,201,215,L
cgreGFP,202,216,T
cgreGFP,203,217,V
cgreGFP,204,218,W
cgreGFP,205,219,T
cgreGFP,206,220,S
cgreGFP,207,221,F
cgreGFP,208,222,G
cgreGFP,209,223,K
cgreGFP,210,224,D
cgreGFP,211,225,P
cgreGFP,212,226,D
cgreGFP,213,227,D
cgreGFP,214,228,D
cgreGFP,215,229,E
cgreGFP,216,230,T
cgreGFP,217,231,D
cgreGFP,218,232,H
cgreGFP,219,233,L
cgreGFP,220,234,T
cgreGFP,221,235,I
cgreGFP,222,236,V
cgreGFP,223,237,E
cgreGFP,224,238,V
cgreGFP,225,239,I
cgreGFP,226,240,K
cgreGFP,227,241,A
cgreGFP,228,248,V
cgreGFP,229,249,D
cgreGFP,230,250,L
cgreGFP,231,251,E
cgreGFP,232,253,T
cgreGFP,233,254,Y
cgreGFP,234,255,R
amacGFP,0,0,M
amacGFP,1,4,S
amacGFP,2,5,K
amacGFP,3,6,G
amacGFP,4,7,E
amacGFP,5,8,E
amacGFP,6,9,L
amacGFP,7,10,F
amacGFP,8,11,T
amacGFP,9,12,G
amacGFP,10,13,I
amacGFP,11,14,V
amacGFP,12,15,P
amacGFP,13,16,V
amacGFP,14,17,L
amacGFP,15,18,I
amacGFP,16,19,E
amacGFP,17,20,L
amacGFP,18,21,D
amacGFP,19,22,G
amacGFP,20,23,D
amacGFP,21,24,V
amacGFP,22,25,H
amacGFP,23,26,G
amacGFP,24,27,H
amacGFP,25,28,K
amacGFP,26,29,F
amacGFP,27,30,S
amacGFP,28,31,V
amacGFP,29,32,R
amacGFP,30,33,G
amacGFP,31,34,E
amacGFP,32,35,G
amacGFP,33,36,E
amacGFP,34,37,G
amacGFP,35,38,D
amacGFP,36,39,A
amacGFP,37,40,D
amacGFP,38,41,Y
amacGFP,39,42,G
amacGFP,40,43,K
amacGFP,41,44,L
amacGFP,42,45,E
amacGFP,43,46,I
amacGFP,44,47,K
amacGFP,45,48,F
amacGFP,46,49,I
amacGFP,47,50,C
amacGFP,48,51,T
amacGFP,49,52,T
amacGFP,50,53,G
amacGFP,51,54,K
amacGFP,52,55,L
amacGFP,53,56,P
amacGFP,54,57,V
amacGFP,55,58,P
amacGFP,56,59,W
amacGFP,57,60,P
amacGFP,58,61,T
amacGFP,59,62,L
amacGFP,60,63,V
amacGFP,61,64,T
amacGFP,62,65,T
amacGFP,63,66,L
amacGFP,64,67,S
amacGFP,65,68,Y
amacGFP,66,69,G
amacGFP,67,70,I
amacGFP,68,71,L
amacGFP,69,72,C
amacGFP,70,73,F
amacGFP,71,74,A
amacGFP,72,75,R
amacGFP,73,76,Y
amacGFP,74,77,P
amacGFP,75,78,E
amacGFP,76,79,H
amacGFP,77,80,M
amacGFP,78,81,K
amacGFP,79,82,M
amacGFP,80,83,N
amacGFP,81,84,D
amacGFP,82,86,F
amacGFP,83,87,F
amacGFP,84,88,K
amacGFP,85,89,S
amacGFP,86,90,A
amacGFP,87,91,M
amacGFP,88,92,P
amacGFP,89,93,E
amacGFP,90,94,G
amacGFP,91,95,Y
amacGFP,92,96,I
amacGFP,93,97,Q
amacGFP,94,98,E
amacGFP,95,99,R
amacGFP,96,100,T
amacGFP,97,101,I
amacGFP,98,102,F
amacGFP,99,103,F
amacGFP,100,104,Q
amacGFP,101,105,D
amacGFP,102,106,D
amacGFP,103,107,G
amacGFP,104,108,K
amacGFP,105,109,Y
amacGFP,106,110,K
amacGFP,107,111,T
amacGFP,108,112,R
amacGFP,109,113,G
amacGFP,110,114,E
amacGFP,111,115,V
amacGFP,112,116,K
amacGFP,113,117,F
amacGFP,114,118,E
amacGFP,115,119,G
amacGFP,116,120,D
amacGFP,117,121,T
amacGFP,118,122,L
amacGFP,119,123,V
amacGFP,120,124,N
amacGFP,121,125,R
amacGFP,122,126,I
amacGFP,123,127,E
amacGFP,124,128,L
amacGFP,125,129,K
amacGFP,126,130,G
amacGFP,127,131,M
amacGFP,128,132,D
amacGFP,129,133,F
amacGFP,130,134,K
amacGFP,131,135,E
amacGFP,132,136,D
amacGFP,133,137,G
amacGFP,134,138,N
amacGFP,135,139,I
amacGFP,136,140,L
amacGFP,137,141,G
amacGFP,138,142,H
amacGFP,139,143,K
amacGFP,140,144,L
amacGFP,141,145,E
amacGFP,142,152,Y
amacGFP,143,153,N
amacGFP,144,154,F
amacGFP,145,155,N
amacGFP,146,156,S
amacGFP,147,157,H
amacGFP,148,158,N
amacGFP,149,159,V
amacGFP,150,160,Y
amacGFP,151,161,I
amacGFP,152,162,M
amacGFP,153,163,P
amacGFP,154,164,D
amacGFP,155,165,K
amacGFP,156,166,A
amacGFP,157,167,N
amacGFP,158,168,N
amacGFP,159,169,G
amacGFP,160,170,L
amacGFP,161,171,K
amacGFP,162,172,V
amacGFP,163,173,N
amacGFP,164,174,F
amacGFP,165,175,K
amacGFP,166,176,I
amacGFP,167,177,R
amacGFP,168,178,H
amacGFP,169,179,N
amacGFP,170,180,I
amacGFP,171,181,E
amacGFP,172,182,G
amacGFP,173,183,G
amacGFP,174,184,G
amacGFP,175,185,V
amacGFP,176,186,Q
amacGFP,177,190,L
amacGFP,178,191,A
amacGFP,179,192,D
amacGFP,180,193,H
amacGFP,181,194,Y
amacGFP,182,195,Q
amacGFP,183,196,T
amacGFP,184,197,N
amacGFP,185,198,V
amacGFP,186,199,P
amacGFP,187,200,L
amacGFP,188,203,G
amacGFP,189,204,D
amacGFP,190,205,G
amacGFP,191,206,P
amacGFP,192,207,V
amacGFP,193,208,L
amacGFP,194,209,I
amacGFP,195,210,P
amacGFP,196,211,I
amacGFP,197,212,N
amacGFP,198,213,H
amacGFP,199,214,Y
amacGFP,200,215,L
amacGFP,201,216,S
amacGFP,202,217,C
amacGFP,203,218,Q
amacGFP,204,219,T
amacGFP,205,220,A
amacGFP,206,221,I
amacGFP,207,222,S
amacGFP,208,223,K
amacGFP,209,224,D
amacGFP,210,225,R
amacGFP,211,226,N
amacGFP,212,227,E
amacGFP,213,228,T
amacGFP,214,229,R
amacGFP,215,231,D
amacGFP,216,232,H
amacGFP,217,233,M
amacGFP,218,234,V
amacGFP,219,235,F
amacGFP,220,236,L
amacGFP,221,237,E
amacGFP,222,238,F
amacGFP,223,239,F
amacGFP,224,240,S
amacGFP,225,241,A
amacGFP,226,242,C
amacGFP,227,243,G
amacGFP,228,244,H
amacGFP,229,245,T
amacGFP,230,246,H
amacGFP,231,247,G
amacGFP,232,248,M
amacGFP,233,249,D
amacGFP,234,251,E
amacGFP,235,253,L
amacGFP,236,254,Y
amacGFP,237,255,K
ppluGFP,0,0,M
ppluGFP,1,1,P
ppluGFP,2,2,A
ppluGFP,3,3,M
ppluGFP,4,4,K
ppluGFP,5,5,I
ppluGFP,6,6,E
ppluGFP,7,7,C
ppluGFP,8,8,R
ppluGFP,9,20,I
ppluGFP,10,21,T
ppluGFP,11,22,G
ppluGFP,12,23,T
ppluGFP,13,24,L
ppluGFP,14,25,N
ppluGFP,15,26,G
ppluGFP,16,27,V
ppluGFP,17,28,E
ppluGFP,18,29,F
ppluGFP,19,30,E
ppluGFP,20,31,L
ppluGFP,21,32,V
ppluGFP,22,33,G
ppluGFP,23,34,G
ppluGFP,24,35,G
ppluGFP,25,36,E
ppluGFP,26,37,G
ppluGFP,27,38,T
ppluGFP,28,39,P
ppluGFP,29,40,E
ppluGFP,30,41,Q
ppluGFP,31,42,G
ppluGFP,32,43,R
ppluGFP,33,44,M
ppluGFP,34,45,T
ppluGFP,35,46,N
ppluGFP,36,47,K
ppluGFP,37,48,M
ppluGFP,38,49,K
ppluGFP,39,50,S
ppluGFP,40,51,T
ppluGFP,41,52,K
ppluGFP,42,53,G
ppluGFP,43,54,A
ppluGFP,44,55,L
ppluGFP,45,56,T
ppluGFP,46,57,F
ppluGFP,47,58,S
ppluGFP,48,59,P
ppluGFP,49,60,Y
ppluGFP,50,61,L
ppluGFP,51,62,L
ppluGFP,52,63,S
ppluGFP,53,64,H
ppluGFP,54,65,V
ppluGFP,55,66,M
ppluGFP,56,67,G
ppluGFP,57,68,Y
ppluGFP,58,69,G
ppluGFP,59,70,F
ppluGFP,60,71,Y
ppluGFP,61,72,H
ppluGFP,62,73,F
ppluGFP,63,74,G
ppluGFP,64,75,T
ppluGFP,65,76,Y
ppluGFP,66,77,P
ppluGFP,67,78,S
ppluGFP,68,79,G
ppluGFP,69,80,Y
ppluGFP,70,81,E
ppluGFP,71,84,N
ppluGFP,72,85,P
ppluGFP,73,86,F
ppluGFP,74,87,L
ppluGFP,75,88,H
ppluGFP,76,89,A
ppluGFP,77,90,I
ppluGFP,78,91,N
ppluGFP,79,92,N
ppluGFP,80,93,G
ppluGFP,81,94,G
ppluGFP,82,95,Y
ppluGFP,83,96,T
ppluGFP,84,97,N
ppluGFP,85,98,T
ppluGFP,86,99,R
ppluGFP,87,100,I
ppluGFP,88,101,E
ppluGFP,89,102,K
ppluGFP,90,103,Y
ppluGFP,91,104,E
ppluGFP,92,105,D
ppluGFP,93,106,G
ppluGFP,94,107,G
ppluGFP,95,108,V
ppluGFP,96,109,L
ppluGFP,97,110,H
ppluGFP,98,111,V
ppluGFP,99,112,S
ppluGFP,100,113,F
ppluGFP,101,114,S
ppluGFP,102,115,Y
ppluGFP,103,116,R
ppluGFP,104,117,Y
ppluGFP,105,118,E
ppluGFP,106,119,A
ppluGFP,107,120,G
ppluGFP,108,121,R
ppluGFP,109,122,V
ppluGFP,110,123,I
ppluGFP,111,124,G
ppluGFP,112,125,D
ppluGFP,113,126,F
ppluGFP,114,127,K
ppluGFP,115,128,V
ppluGFP,116,129,V
ppluGFP,117,130,G
ppluGFP,118,131,T
ppluGFP,119,132,G
ppluGFP,120,133,F
ppluGFP,121,134,P
ppluGFP,122,135,E
ppluGFP,123,136,D
ppluGFP,124,137,S
ppluGFP,125,138,V
ppluGFP,126,139,I
ppluGFP,127,140,F
ppluGFP,128,141,T
ppluGFP,129,142,D
ppluGFP,130,143,K
ppluGFP,131,144,I
ppluGFP,132,145,I
ppluGFP,133,146,R
ppluGFP,134,147,S
ppluGFP,135,148,N
ppluGFP,136,149,A
ppluGFP,137,150,T
ppluGFP,138,151,V
ppluGFP,139,152,E
ppluGFP,140,153,H
ppluGFP,141,154,L
ppluGFP,142,155,H
ppluGFP,143,156,P
ppluGFP,144,157,M
ppluGFP,145,158,G
ppluGFP,146,159,D
ppluGFP,147,160,N
ppluGFP,148,161,V
ppluGFP,149,162,L
ppluGFP,150,163,V
ppluGFP,151,164,G
ppluGFP,152,173,S
ppluGFP,153,174,F
ppluGFP,154,175,A
ppluGFP,155,176,R
ppluGFP,156,177,T
ppluGFP,157,178,F
ppluGFP,158,179,S
ppluGFP,159,180,L
ppluGFP,160,181,R
ppluGFP,161,182,D
ppluGFP,162,183,G
ppluGFP,163,184,G
ppluGFP,164,185,Y
ppluGFP,165,186,Y
ppluGFP,166,187,S
ppluGFP,167,188,F
ppluGFP,168,189,V
ppluGFP,169,190,V
ppluGFP,170,191,D
ppluGFP,171,192,S
ppluGFP,172,193,H
ppluGFP,173,194,M
ppluGFP,174,195,H
ppluGFP,175,196,F
ppluGFP,176,197,K
ppluGFP,177,198,S
ppluGFP,178,199,A
ppluGFP,179,200,I
ppluGFP,180,201,H
ppluGFP,181,202,P
ppluGFP,182,203,S
ppluGFP,183,204,I
ppluGFP,184,205,L
ppluGFP,185,206,Q
ppluGFP,186,207,N
ppluGFP,187,208,G
ppluGFP,188,209,G
ppluGFP,189,210,P
ppluGFP,190,211,M
ppluGFP,191,212,F
ppluGFP,192,220,A
ppluGFP,193,221,F
ppluGFP,194,222,R
ppluGFP,195,223,R
ppluGFP,196,224,V
ppluGFP,197,225,E
ppluGFP,198,226,E
ppluGFP,199,227,L
ppluGFP,200,228,H
ppluGFP,201,229,S
ppluGFP,202,230,N
ppluGFP,203,231,T
ppluGFP,204,232,E
ppluGFP,205,233,L
ppluGFP,206,234,G
ppluGFP,207,235,I
ppluGFP,208,236,V
ppluGFP,209,237,E
ppluGFP,210,238,Y
ppluGFP,211,239,Q
ppluGFP,212,240,H
ppluGFP,213,241,A
ppluGFP,214,248,F
ppluGFP,215,249,K
ppluGFP,216,250,T
ppluGFP,217,251,P
ppluGFP,218,252,I
ppluGFP,219,253,A
ppluGFP,220,254,F
ppluGFP,221,255,A
cgre132,0,0,M
cgre132,1,1,T
cgre132,2,2,T
cgre132,3,3,L
cgre132,4,4,P
cgre132,5,5,E
cgre132,6,6,G
cgre132,7,7,A
cgre132,8,8,K
cgre132,9,9,L
cgre132,10,10,F
cgre132,11,11,E
cgre132,12,12,K
cgre132,13,13,E
cgre132,14,14,I
cgre132,15,15,P
cgre132,16,16,Y
cgre132,17,17,I
cgre132,18,18,T
cgre132,19,19,E
cgre132,20,20,L
cgre132,21,21,E
cgre132,22,22,G
cgre132,23,23,D
cgre132,24,24,V
cgre132,25,25,E
cgre132,26,26,G
cgre132,27,27,M
cgre132,28,28,K
cgre132,29,29,F
cgre132,30,30,I
cgre132,31,31,I
cgre132,32,32,K
cgre132,33,33,G
cgre132,34,34,V
cgre132,35,35,G
cgre132,36,36,T
cgre132,37,37,G
cgre132,38,38,D
cgre132,39,39,A
cgre132,40,40,T
cgre132,41,41,T
cgre132,42,42,G
cgre132,43,43,T
cgre132,44,44,I
cgre132,45,45,K
cgre132,46,46,A
cgre132,47,47,K
cgre132,48,48,Y
cgre132,49,49,I
cgre132,50,50,C
cgre132,51,51,T
cgre132,52,52,T
cgre132,53,53,G
cgre132,54,54,D
cgre132,55,55,L
cgre132,56,56,P
cgre132,57,57,V
cgre132,58,58,P
cgre132,59,59,W
cgre132,60,60,A
cgre132,61,61,T
cgre132,62,62,I
cgre132,63,63,L
cgre132,64,64,S
cgre132,65,65,S
cgre132,66,66,L
cgre132,67,67,S
cgre132,68,68,Y
cgre132,69,69,G
cgre132,70,70,V
cgre132,71,71,F
cgre132,72,72,C
cgre132,73,73,F
cgre132,74,74,A
cgre132,75,75,K
cgre132,76,76,Y
cgre132,77,77,P
cgre132,78,78,R
cgre132,79,79,H
cgre132,80,80,I
cgre132,81,81,A
cgre132,82,84,D
cgre132,83,86,F
cgre132,84,87,F
cgre132,85,88,K
cgre132,86,89,S
cgre132,87,90,T
cgre132,88,91,Q
cgre132,89,92,P
cgre132,90,93,D
cgre132,91,94,G
cgre132,92,95,Y
cgre132,93,96,S
cgre132,94,97,Q
cgre132,95,98,D
cgre132,96,99,R
cgre132,97,100,I
cgre132,98,101,I
cgre132,99,102,S
cgre132,100,103,F
cgre132,101,104,D
cgre132,102,105,N
cgre132,103,106,D
cgre132,104,107,G
cgre132,105,108,Q
cgre132,106,109,Y
cgre132,107,110,D
cgre132,108,111,V
cgre132,109,112,K
cgre132,110,113,A
cgre132,111,114,K
cgre132,112,115,V
cgre132,113,116,T
cgre132,114,117,Y
cgre132,115,118,E
cgre132,116,119,N
cgre132,117,120,G
cgre132,118,121,T
cgre132,119,122,L
cgre132,120,123,Y
cgre132,121,124,N
cgre132,122,125,R
cgre132,123,126,V
cgre132,124,127,T
cgre132,125,128,V
cgre132,126,129,K
cgre132,127,130,G
cgre132,128,131,T
cgre132,129,132,G
cgre132,130,133,F
cgre132,131,134,K
cgre132,132,135,S
cgre132,133,136,N
cgre132,134,137,G
cgre132,135,138,N
cgre132,136,139,I
cgre132,137,140,L
cgre132,138,141,G
cgre132,139,142,M
cgre132,140,143,R
cgre132,141,144,V
cgre132,142,145,L
cgre132,143,152,Y
cgre132,144,153,H
cgre132,145,154,S
cgre132,146,155,P
cgre132,147,156,P
cgre132,148,157,H
cgre132,149,158,A
cgre132,150,159,V
cgre132,151,160,Y
cgre132,152,161,I
cgre132,153,162,L
cgre132,154,163,P
cgre132,155,164,D
cgre132,156,165,R
cgre132,157,166,K
cgre132,158,167,N
cgre132,159,168,G
cgre132,160,169,G
cgre132,161,170,L
cgre132,162,171,K
cgre132,163,172,I
cgre132,164,173,E
cgre132,165,174,Y
cgre132,166,175,N
cgre132,167,176,K
cgre132,168,177,A
cgre132,169,178,F
cgre132,170,179,D
cgre132,171,180,V
cgre132,172,181,L
cgre132,173,182,G
cgre132,174,183,G
cgre132,175,184,G
cgre132,176,185,H
cgre132,177,186,Q
cgre132,178,190,M
cgre132,179,191,A
cgre132,180,192,R
cgre132,181,193,H
cgre132,182,194,A
cgre132,183,195,Q
cgre132,184,196,F
cgre132,185,197,N
cgre132,186,198,K
cgre132,187,199,P
cgre132,188,200,L
cgre132,189,203,G
cgre132,190,204,A
cgre132,191,205,W
cgre132,192,206,E
cgre132,193,207,E
cgre132,194,208,D
cgre132,195,209,Y
cgre132,196,210,P
cgre132,197,211,P
cgre132,198,212,Y
cgre132,199,213,H
cgre132,200,214,H
cgre132,201,215,L
cgre132,202,216,T
cgre132,203,217,V
cgre132,204,218,W
cgre132,205,219,T
cgre132,206,220,S
cgre132,207,221,F
cgre132,208,222,G
cgre132,209,223,K
cgre132,210,224,D
cgre132,211,225,P
cgre132,212,226,D
cgre132,213,227,D
cgre132,214,228,D
cgre132,215,229,E
cgre132,216,230,T
cgre132,217,231,D
cgre132,218,232,H
cgre132,219,233,L
cgre132,220,234,T
cgre132,221,235,I
cgre132,222,236,V
cgre132,223,237,E
cgre132,224,238,V
cgre132,225,239,I
cgre132,226,240,K
cgre132,227,241,A
cgre132,228,248,V
cgre132,229,249,D
cgre132,230,250,L
cgre132,231,251,E
cgre132,232,253,T
cgre132,233,254,Y
cgre132,234,255,R
cgre1338,0,0,M
cgre1338,1,1,T
cgre1338,2,2,A
cgre1338,3,3,P
cgre1338,4,4,T
cgre1338,5,5,E
cgre1338,6,6,G
cgre1338,7,7,A
cgre1338,8,8,K
cgre1338,9,9,L
cgre1338,10,10,F
cgre1338,11,11,E
cgre1338,12,12,K
cgre1338,13,13,E
cgre1338,14,14,I
cgre1338,15,15,P
cgre1338,16,16,Y
cgre1338,17,17,V
cgre1338,18,18,T
cgre1338,19,19,E
cgre1338,20,20,L
cgre1338,21,21,E
cgre1338,22,22,G
cgre1338,23,23,D
cgre1338,24,24,V
cgre1338,25,25,E
cgre1338,26,26,G
cgre1338,27,27,M
cgre1338,28,28,K
cgre1338,29,29,F
cgre1338,30,30,I
cgre1338,31,31,I
cgre1338,32,32,K
cgre1338,33,33,G
cgre1338,34,34,E
cgre1338,35,35,G
cgre1338,36,36,T
cgre1338,37,37,G
cgre1338,38,38,D
cgre1338,39,39,A
cgre1338,40,40,A
cgre1338,41,41,T
cgre1338,42,42,G
cgre1338,43,43,T
cgre1338,44,44,I
cgre1338,45,45,K
cgre1338,46,46,A
cgre1338,47,47,K
cgre1338,48,48,Y
cgre1338,49,49,I
cgre1338,50,50,C
cgre1338,51,51,T
cgre1338,52,52,T
cgre1338,53,53,G
cgre1338,54,54,D
cgre1338,55,55,L
cgre1338,56,56,P
cgre1338,57,57,V
cgre1338,58,58,P
cgre1338,59,59,W
cgre1338,60,60,A
cgre1338,61,61,T
cgre1338,62,62,I
cgre1338,63,63,L
cgre1338,64,64,S
cgre1338,65,65,S
cgre1338,66,66,L
cgre1338,67,67,S
cgre1338,68,68,Y
cgre1338,69,69,G
cgre1338,70,70,V
cgre1338,71,71,F
cgre1338,72,72,C
cgre1338,73,73,F
cgre1338,74,74,A
cgre1338,75,75,Q
cgre1338,76,76,Y
cgre1338,77,77,P
cgre1338,78,78,R
cgre1338,79,79,H
cgre1338,80,80,I
cgre1338,81,81,A
cgre1338,82,84,D
cgre1338,83,86,F
cgre1338,84,87,F
cgre1338,85,88,K
cgre1338,86,89,S
cgre1338,87,90,T
cgre1338,88,91,Q
cgre1338,89,92,P
cgre1338,90,93,D
cgre1338,91,94,G
cgre1338,92,95,Y
cgre1338,93,96,S
cgre1338,94,97,Q
cgre1338,95,98,D
cgre1338,96,99,R
cgre1338,97,100,I
cgre1338,98,101,I
cgre1338,99,102,S
cgre1338,100,103,F
cgre1338,101,104,D
cgre1338,102,105,N
cgre1338,103,106,D
cgre1338,104,107,G
cgre1338,105,108,Q
cgre1338,106,109,Y
cgre1338,107,110,D
cgre1338,108,111,V
cgre1338,109,112,K
cgre1338,110,113,A
cgre1338,111,114,K
cgre1338,112,115,V
cgre1338,113,116,T
cgre1338,114,117,Y
cgre1338,115,118,E
cgre1338,116,119,N
cgre1338,117,120,G
cgre1338,118,121,T
cgre1338,119,122,L
cgre1338,120,123,Y
cgre1338,121,124,N
cgre1338,122,125,R
cgre1338,123,126,V
cgre1338,124,127,T
cgre1338,125,128,V
cgre1338,126,129,K
cgre1338,127,130,G
cgre1338,128,131,T
cgre1338,129,132,G
cgre1338,130,133,F
cgre1338,131,134,K
cgre1338,132,135,S
cgre1338,133,136,N
cgre1338,134,137,G
cgre1338,135,138,N
cgre1338,136,139,I
cgre1338,137,140,L
cgre1338,138,141,G
cgre1338,139,142,M
cgre1338,140,143,R
cgre1338,141,144,V
cgre1338,142,145,L
cgre1338,143,152,Y
cgre1338,144,153,H
cgre1338,145,154,S
cgre1338,146,155,P
cgre1338,147,156,P
cgre1338,148,157,H
cgre1338,149,158,A
cgre1338,150,159,V
cgre1338,151,160,Y
cgre1338,152,161,I
cgre1338,153,162,L
cgre1338,154,163,P
cgre1338,155,164,D
cgre1338,156,165,R
cgre1338,157,166,K
cgre1338,158,167,N
cgre1338,159,168,G
cgre1338,160,169,G
cgre1338,161,170,M
cgre1338,162,171,K
cgre1338,163,172,I
cgre1338,164,173,E
cgre1338,165,174,Y
cgre1338,166,175,N
cgre1338,167,176,K
cgre1338,168,177,A
cgre1338,169,178,F
cgre1338,170,179,E
cgre1338,171,180,V
cgre1338,172,181,M
cgre1338,173,182,G
cgre1338,174,183,G
cgre1338,175,184,G
cgre1338,176,185,H
cgre1338,177,186,Q
cgre1338,178,190,M
cgre1338,179,191,A
cgre1338,180,192,R
cgre1338,181,193,H
cgre1338,182,194,A
cgre1338,183,195,Q
cgre1338,184,196,F
cgre1338,185,197,N
cgre1338,186,198,K
cgre1338,187,199,P
cgre1338,188,200,L
cgre1338,189,203,G
cgre1338,190,204,A
cgre1338,191,205,W
cgre1338,192,206,E
cgre1338,193,207,E
cgre1338,194,208,D
cgre1338,195,209,Y
cgre1338,196,210,P
cgre1338,197,211,L
cgre1338,198,212,Y
cgre1338,199,213,H
cgre1338,200,214,H
cgre1338,201,215,L
cgre1338,202,216,T
cgre1338,203,217,V
cgre1338,204,218,W
cgre1338,205,219,T
cgre1338,206,220,S
cgre1338,207,221,F
cgre1338,208,222,G
cgre1338,209,223,K
cgre1338,210,224,D
cgre1338,211,225,P
cgre1338,212,226,D
cgre1338,213,227,D
cgre1338,214,228,G
cgre1338,215,229,E
cgre1338,216,230,T
cgre1338,217,231,D
cgre1338,218,232,H
cgre1338,219,233,L
cgre1338,220,234,T
cgre1338,221,235,I
cgre1338,222,236,V
cgre1338,223,237,E
cgre1338,224,238,V
cgre1338,225,239,I
cgre1338,226,240,K
cgre1338,227,241,A
cgre1338,228,248,V
cgre1338,229,249,D
cgre1338,230,250,L
cgre1338,231,251,E
cgre1338,232,253,T
cgre1338,233,254,Y
cgre1338,234,255,R
cgre4111,0,0,M
cgre4111,1,1,T
cgre4111,2,2,E
cgre4111,3,3,L
cgre4111,4,4,P
cgre4111,5,5,E
cgre4111,6,6,G
cgre4111,7,7,A
cgre4111,8,8,K
cgre4111,9,9,L
cgre4111,10,10,F
cgre4111,11,11,E
cgre4111,12,12,K
cgre4111,13,13,E
cgre4111,14,14,I
cgre4111,15,15,P
cgre4111,16,16,Y
cgre4111,17,17,I
cgre4111,18,18,T
cgre4111,19,19,E
cgre4111,20,20,L
cgre4111,21,21,E
cgre4111,22,22,G
cgre4111,23,23,D
cgre4111,24,24,V
cgre4111,25,25,E
cgre4111,26,26,G
cgre4111,27,27,M
cgre4111,28,28,K
cgre4111,29,29,F
cgre4111,30,30,I
cgre4111,31,31,I
cgre4111,32,32,K
cgre4111,33,33,G
cgre4111,34,34,E
cgre4111,35,35,G
cgre4111,36,36,T
cgre4111,37,37,G
cgre4111,38,38,D
cgre4111,39,39,A
cgre4111,40,40,T
cgre4111,41,41,T
cgre4111,42,42,G
cgre4111,43,43,T
cgre4111,44,44,I
cgre4111,45,45,K
cgre4111,46,46,A
cgre4111,47,47,K
cgre4111,48,48,Y
cgre4111,49,49,I
cgre4111,50,50,C
cgre4111,51,51,T
cgre4111,52,52,T
cgre4111,53,53,G
cgre4111,54,54,V
cgre4111,55,55,L
cgre4111,56,56,P
cgre4111,57,57,V
cgre4111,58,58,P
cgre4111,59,59,W
cgre4111,60,60,A
cgre4111,61,61,T
cgre4111,62,62,I
cgre4111,63,63,L
cgre4111,64,64,S
cgre4111,65,65,S
cgre4111,66,66,L
cgre4111,67,67,S
cgre4111,68,68,Y
cgre4111,69,69,G
cgre4111,70,70,V
cgre4111,71,71,F
cgre4111,72,72,C
cgre4111,73,73,F
cgre4111,74,74,A
cgre4111,75,75,K
cgre4111,76,76,Y
cgre4111,77,77,P
cgre4111,78,78,P
cgre4111,79,79,H
cgre4111,80,80,I
cgre4111,81,81,V
cgre4111,82,84,D
cgre4111,83,86,F
cgre4111,84,87,F
cgre4111,85,88,K
cgre4111,86,89,S
cgre4111,87,90,T
cgre4111,88,91,Q
cgre4111,89,92,P
cgre4111,90,93,D
cgre4111,91,94,G
cgre4111,92,95,Y
cgre4111,93,96,S
cgre4111,94,97,Q
cgre4111,95,98,D
cgre4111,96,99,R
cgre4111,97,100,I
cgre4111,98,101,I
cgre4111,99,102,S
cgre4111,100,103,F
cgre4111,101,104,D
cgre4111,102,105,N
cgre4111,103,106,D
cgre4111,104,107,G
cgre4111,105,108,Q
cgre4111,106,109,Y
cgre4111,107,110,D
cgre4111,108,111,V
cgre4111,109,112,K
cgre4111,110,113,A
cgre4111,111,114,K
cgre4111,112,115,V
cgre4111,113,116,T
cgre4111,114,117,Y
cgre4111,115,118,E
cgre4111,116,119,N
cgre4111,117,120,G
cgre4111,118,121,T
cgre4111,119,122,L
cgre4111,120,123,Y
cgre4111,121,124,N
cgre4111,122,125,R
cgre4111,123,126,V
cgre4111,124,127,N
cgre4111,125,128,V
cgre4111,126,129,K
cgre4111,127,130,G
cgre4111,128,131,T
cgre4111,129,132,G
cgre4111,130,133,F
cgre4111,131,134,N
cgre4111,132,135,S
cgre4111,133,136,N
cgre4111,134,137,G
cgre4111,135,138,N
cgre4111,136,139,I
cgre4111,137,140,L
cgre4111,138,141,G
cgre4111,139,142,M
cgre4111,140,143,R
cgre4111,141,144,V
cgre4111,142,145,L
cgre4111,143,152,Y
cgre4111,144,153,H
cgre4111,145,154,S
cgre4111,146,155,P
cgre4111,147,156,P
cgre4111,148,157,H
cgre4111,149,158,V
cgre4111,150,159,V
cgre4111,151,160,Y
cgre4111,152,161,I
cgre4111,153,162,L
cgre4111,154,163,P
cgre4111,155,164,D
cgre4111,156,165,R
cgre4111,157,166,K
cgre4111,158,167,N
cgre4111,159,168,G
cgre4111,160,169,G
cgre4111,161,170,M
cgre4111,162,171,K
cgre4111,163,172,I
cgre4111,164,173,E
cgre4111,165,174,Y
cgre4111,166,175,N
cgre4111,167,176,K
cgre4111,168,177,A
cgre4111,169,178,F
cgre4111,170,179,D
cgre4111,171,180,V
cgre4111,172,181,L
cgre4111,173,182,G
cgre4111,174,183,G
cgre4111,175,184,G
cgre4111,176,185,H
cgre4111,177,186,Q
cgre4111,178,190,M
cgre4111,179,191,A
cgre4111,180,192,R
cgre4111,181,193,H
cgre4111,182,194,A
cgre4111,183,195,Q
cgre4111,184,196,F
cgre4111,185,197,N
cgre4111,186,198,K
cgre4111,187,199,P
cgre4111,188,200,L
cgre4111,189,203,G
cgre4111,190,204,A
cgre4111,191,205,W
cgre4111,192,206,E
cgre4111,193,207,E
cgre4111,194,208,D
cgre4111,195,209,Y
cgre4111,196,210,P
cgre4111,197,211,M
cgre4111,198,212,Y
cgre4111,199,213,H
cgre4111,200,214,H
cgre4111,201,215,L
cgre4111,202,216,T
cgre4111,203,217,V
cgre4111,204,218,W
cgre4111,205,219,T
cgre4111,206,220,S
cgre4111,207,221,F
cgre4111,208,222,G
cgre4111,209,223,K
cgre4111,210,224,D
cgre4111,211,225,P
cgre4111,212,226,D
cgre4111,213,227,D
cgre4111,214,228,D
cgre4111,215,229,D
cgre4111,216,230,T
cgre4111,217,231,D
cgre4111,218,232,H
cgre4111,219,233,L
cgre4111,220,234,K
cgre4111,221,235,I
cgre4111,222,236,V
cgre4111,223,237,E
cgre4111,224,238,V
cgre4111,225,239,I
cgre4111,226,240,K
cgre4111,227,241,A
cgre4111,228,248,V
cgre4111,229,249,D
cgre4111,230,250,L
cgre4111,231,251,E
cgre4111,232,253,T
cgre4111,233,254,Y
cgre4111,234,255,R
cgre9708,0,0,M
cgre9708,1,1,T
cgre9708,2,2,T
cgre9708,3,3,L
cgre9708,4,4,P
cgre9708,5,5,E
cgre9708,6,6,G
cgre9708,7,7,A
cgre9708,8,8,K
cgre9708,9,9,L
cgre9708,10,10,F
cgre9708,11,11,D
cgre9708,12,12,K
cgre9708,13,13,E
cgre9708,14,14,I
cgre9708,15,15,P
cgre9708,16,16,Y
cgre9708,17,17,I
cgre9708,18,18,T
cgre9708,19,19,E
cgre9708,20,20,L
cgre9708,21,21,E
cgre9708,22,22,G
cgre9708,23,23,D
cgre9708,24,24,V
cgre9708,25,25,E
cgre9708,26,26,G
cgre9708,27,27,M
cgre9708,28,28,K
cgre9708,29,29,F
cgre9708,30,30,I
cgre9708,31,31,I
cgre9708,32,32,K
cgre9708,33,33,G
cgre9708,34,34,V
cgre9708,35,35,G
cgre9708,36,36,T
cgre9708,37,37,G
cgre9708,38,38,D
cgre9708,39,39,A
cgre9708,40,40,T
cgre9708,41,41,T
cgre9708,42,42,G
cgre9708,43,43,T
cgre9708,44,44,I
cgre9708,45,45,K
cgre9708,46,46,A
cgre9708,47,47,K
cgre9708,48,48,Y
cgre9708,49,49,I
cgre9708,50,50,C
cgre9708,51,51,T
cgre9708,52,52,T
cgre9708,53,53,G
cgre9708,54,54,D
cgre9708,55,55,L
cgre9708,56,56,P
cgre9708,57,57,V
cgre9708,58,58,P
cgre9708,59,59,W
cgre9708,60,60,A
cgre9708,61,61,T
cgre9708,62,62,I
cgre9708,63,63,L
cgre9708,64,64,S
cgre9708,65,65,S
cgre9708,66,66,L
cgre9708,67,67,S
cgre9708,68,68,Y
cgre9708,69,69,G
cgre9708,70,70,V
cgre9708,71,71,F
cgre9708,72,72,C
cgre9708,73,73,F
cgre9708,74,74,A
cgre9708,75,75,K
cgre9708,76,76,Y
cgre9708,77,77,P
cgre9708,78,78,R
cgre9708,79,79,H
cgre9708,80,80,I
cgre9708,81,81,A
cgre9708,82,84,D
cgre9708,83,86,F
cgre9708,84,87,F
cgre9708,85,88,K
cgre9708,86,89,S
cgre9708,87,90,T
cgre9708,88,91,Q
cgre9708,89,92,P
cgre9708,90,93,D
cgre9708,91,94,G
cgre9708,92,95,Y
cgre9708,93,96,S
cgre9708,94,97,Q
cgre9708,95,98,D
cgre9708,96,99,R
cgre9708,97,100,T
cgre9708,98,101,I
cgre9708,99,102,S
cgre9708,100,103,F
cgre9708,101,104,D
cgre9708,102,105,N
cgre9708,103,106,D
cgre9708,104,107,G
cgre9708,105,108,Q
cgre9708,106,109,Y
cgre9708,107,110,D
cgre9708,108,111,V
cgre9708,109,112,K
cgre9708,110,113,A
cgre9708,111,114,K
cgre9708,112,115,V
cgre9708,113,116,T
cgre9708,114,117,Y
cgre9708,115,118,E
cgre9708,116,119,D
cgre9708,117,120,G
cgre9708,118,121,T
cgre9708,119,122,L
cgre9708,120,123,Y
cgre9708,121,124,N
cgre9708,122,125,R
cgre9708,123,126,V
cgre9708,124,127,T
cgre9708,125,128,V
cgre9708,126,129,K
cgre9708,127,130,G
cgre9708,128,131,T
cgre9708,129,132,G
cgre9708,130,133,F
cgre9708,131,134,K
cgre9708,132,135,S
cgre9708,133,136,N
cgre9708,134,137,G
cgre9708,135,138,N
cgre9708,136,139,I
cgre9708,137,140,L
cgre9708,138,141,G
cgre9708,139,142,M
cgre9708,140,143,R
cgre9708,141,144,V
cgre9708,142,145,L
cgre9708,143,152,Y
cgre9708,144,153,H
cgre9708,145,154,S
cgre9708,146,155,P
cgre9708,147,156,P
cgre9708,148,157,H
cgre9708,149,158,A
cgre9708,150,159,V
cgre9708,151,160,Y
cgre9708,152,161,V
cgre9708,153,162,L
cgre9708,154,163,P
cgre9708,155,164,D
cgre9708,156,165,R
cgre9708,157,166,K
cgre9708,158,167,N
cgre9708,159,168,G
cgre9708,160,169,G
cgre9708,161,170,L
cgre9708,162,171,K
cgre9708,163,172,I
cgre9708,164,173,E
cgre9708,165,174,Y
cgre9708,166,175,N
cgre9708,167,176,K
cgre9708,168,177,A
cgre9708,169,178,F
cgre9708,170,179,D
cgre9708,171,180,V
cgre9708,172,181,L
cgre9708,173,182,G
cgre9708,174,183,G
cgre9708,175,184,G
cgre9708,176,185,H
cgre9708,177,186,Q
cgre9708,178,190,M
cgre9708,179,191,A
cgre9708,180,192,R
cgre9708,181,193,H
cgre9708,182,194,A
cgre9708,183,195,Q
cgre9708,184,196,F
cgre9708,185,197,N
cgre9708,186,198,K
cgre9708,187,199,P
cgre9708,188,200,L
cgre9708,189,203,G
cgre9708,190,204,V
cgre9708,191,205,W
cgre9708,192,206,V
cgre9708,193,207,E
cgre9708,194,208,D
cgre9708,195,209,Y
cgre9708,196,210,P
cgre9708,197,211,P
cgre9708,198,212,Y
cgre9708,199,213,H
cgre9708,200,214,H
cgre9708,201,215,L
cgre9708,202,216,T
cgre9708,203,217,V
cgre9708,204,218,W
cgre9708,205,219,T
cgre9708,206,220,S
cgre9708,207,221,F
cgre9708,208,222,G
cgre9708,209,223,K
cgre9708,210,224,D
cgre9708,211,225,P
cgre9708,212,226,D
cgre9708,213,227,D
cgre9708,214,228,D
cgre9708,215,229,E
cgre9708,216,230,T
cgre9708,217,231,D
cgre9708,218,232,H
cgre9708,219,233,L
cgre9708,220,234,T
cgre9708,221,235,I
cgre9708,222,236,V
cgre9708,223,237,E
cgre9708,224,238,V
cgre9708,225,239,I
cgre9708,226,240,K
cgre9708,227,241,A
cgre9708,228,248,V
cgre9708,229,249,D
cgre9708,230,250,L
cgre9708,231,251,E
cgre9708,232,253,T
cgre9708,233,254,Y
cgre9708,234,255,R
