model,source,seed,target_peak,n,mse,rmse,r2,spearman,pearson
aubin_1_10_1,cgre,42,cgre132,854,1.6234353927506904,1.274141041153094,-4.080391265836638,0.7862207893996864,0.7962065047307725
aubin_1_10_1,cgre,42,cgre1338,2049,1.4300039464171053,1.1958277243888875,-6.198718314008335,0.5137727832479009,0.654248618491913
aubin_1_10_1,cgre,42,cgre4111,1643,2.5691153898419827,1.6028460281143608,-3.2657782793318635,0.6455836810954784,0.664605809644346
aubin_1_10_1,cgre,42,cgre9708,836,1.8827446716850502,1.3721314338229593,-8.634373687122391,0.24603087348284072,0.6515343062703616
mlp_small,cgre,42,cgre132,854,1.4370939252098396,1.1987885239731983,-3.497252837054641,0.8497091172654655,0.7791674531166526
mlp_small,cgre,42,cgre1338,2049,1.269644942918087,1.1267852248401586,-5.3914622933541105,0.5096674486504089,0.6179232552030653
mlp_small,cgre,42,cgre4111,1643,1.7007596108721292,1.3041317459797261,-1.8239538928881953,0.6743443207891544,0.8405310666113516
mlp_small,cgre,42,cgre9708,836,1.636290377298516,1.2791756631903672,-7.373218733598696,0.7272647584386331,0.7175364965191781
mlp_deep,cgre,42,cgre132,854,1.785876572147062,1.3363669302055712,-4.588735948170579,0.8516989572488818,0.7371366055216957
mlp_deep,cgre,42,cgre1338,2049,1.6045610236209058,1.2667126839267482,-7.077448216576201,0.5078978028733354,0.5718709957674661
mlp_deep,cgre,42,cgre4111,1643,2.9591860113608246,1.7202284764998004,-3.913454437148543,0.6734550328602001,0.6114573492162879
mlp_deep,cgre,42,cgre9708,836,1.9735037095484547,1.404814475134868,-9.098805481518141,0.7405762682943801,0.5955521592208279
CNN_Jannis,cgre,42,cgre132,854,1.3730758665292453,1.171783199456813,-3.2969142294149263,0.7978515697015084,0.7560724000053013
CNN_Jannis,cgre,42,cgre1338,2049,1.0935563706174662,1.0457324565190975,-4.505022760453465,0.5109961187686529,0.6399169951760562
CNN_Jannis,cgre,42,cgre4111,1643,1.4143768806160095,1.1892757798828704,-1.3484418800247133,0.6632910986016268,0.7772116279164778
CNN_Jannis,cgre,42,cgre9708,836,1.2912006911236453,1.1363101210161095,-5.607327138109607,0.6410396765376296,0.6591442821985138
aubin_1_10_1,cgre,43,cgre132,854,1.6487005727050925,1.2840173568550748,-4.159456315264106,0.5505245040010204,0.7705067463505972
aubin_1_10_1,cgre,43,cgre1338,2049,1.3860851165068886,1.1773211611564995,-5.977628514923071,0.5068490913845377,0.6688245078573656
aubin_1_10_1,cgre,43,cgre4111,1643,2.6266496030152884,1.620694173191009,-3.3613085143082815,0.558195130738245,0.609941992438516
aubin_1_10_1,cgre,43,cgre9708,836,1.8213718136824892,1.349582088530553,-8.320316737640137,-0.21717374218436222,0.5394030533475862
mlp_small,cgre,43,cgre132,854,1.3658232086016542,1.1686843922127368,-3.274217705639499,0.8483941333760001,0.7825301562899928
mlp_small,cgre,43,cgre1338,2049,1.1616876474554845,1.0778161473347319,-4.847999345629654,0.5092388116397869,0.6252391945152234
mlp_small,cgre,43,cgre4111,1643,1.3420140218292902,1.1584532885832257,-1.2282900517093127,0.672427609385612,0.8423296680036934
mlp_small,cgre,43,cgre9708,836,1.5702189904372668,1.253083792265013,-7.035118490575309,0.729863892262309,0.7146071845073321
mlp_deep,cgre,43,cgre132,854,1.4470465424109693,1.2029324762475113,-3.528398634249048,0.8579169603419545,0.8027203779384686
mlp_deep,cgre,43,cgre1338,2049,1.404930616322213,1.1852976910136175,-6.072497794827594,0.5157091211631619,0.6252802952633709
mlp_deep,cgre,43,cgre4111,1643,2.9211534458041055,1.7091382172908385,-3.8503048827530533,0.6789038992570464,0.6142721743152499
mlp_deep,cgre,43,cgre9708,836,1.740980874057497,1.3194623427962986,-7.908940535091716,0.7450669797706486,0.673375330774909
CNN_Jannis,cgre,43,cgre132,854,1.1739754695775568,1.08350148572928,-2.673847908319078,0.8083330711049772,0.7369258463837358
CNN_Jannis,cgre,43,cgre1338,2049,1.0521858468922136,1.025761106151044,-4.296761274499338,0.4661016735817782,0.649392745818789
CNN_Jannis,cgre,43,cgre4111,1643,1.0413848300360737,1.020482645631994,-0.7291231082722289,0.6199889264346913,0.7843132326241111
CNN_Jannis,cgre,43,cgre9708,836,1.1256857623066319,1.0609833939825033,-4.760354790237614,0.6569878398466443,0.645525815513055
aubin_1_10_1,cgre,44,cgre132,854,1.7804758035741932,1.3343447094263885,-4.571834741255337,0.8366910998311092,0.7935419975246247
aubin_1_10_1,cgre,44,cgre1338,2049,1.7792080588712633,1.3338695809078425,-7.956630972885389,0.5248976887783844,0.613188549982856
aubin_1_10_1,cgre,44,cgre4111,1643,3.059436403747633,1.7491244677688416,-4.079910933430886,0.652861009946252,0.6081975303874414
aubin_1_10_1,cgre,44,cgre9708,836,2.121271712631336,1.4564586202949041,-9.85496333027528,0.39774494307623304,0.6383567845593494
mlp_small,cgre,44,cgre132,854,1.3248790559817905,1.1510339073988178,-3.146086757967729,0.8472668075319023,0.7784464450185968
mlp_small,cgre,44,cgre1338,2049,1.2501595219791248,1.1181053268718135,-5.29337161540814,0.5080728796417691,0.6268438617876173
mlp_small,cgre,44,cgre4111,1643,1.5904464229435389,1.2611290270799174,-1.6407890561314558,0.67693813055044,0.839192953916245
mlp_small,cgre,44,cgre9708,836,1.3935587629713366,1.1804908991480352,-6.131113463948135,0.7262807922719615,0.7079324145923571
mlp_deep,cgre,44,cgre132,854,1.723382111698293,1.312776489619727,-4.393165300613645,0.8562514566558396,0.7756401730210168
mlp_deep,cgre,44,cgre1338,2049,1.5539418876341753,1.2465720547301609,-6.822628709133619,0.5085996036143181,0.5899167297774812
mlp_deep,cgre,44,cgre4111,1643,3.1396884141528396,1.7719165934526488,-4.2131619677023755,0.671974118023398,0.5888602673944219
mlp_deep,cgre,44,cgre9708,836,1.837530861702325,1.3555555546351927,-8.403005755111593,0.7479132026370607,0.5973763854933372
CNN_Jannis,cgre,44,cgre132,854,1.3113887835693485,1.1451588464354403,-3.1038701952120027,0.8006396114468884,0.7568943145186786
CNN_Jannis,cgre,44,cgre1338,2049,1.4455422830164906,1.202307066857918,-6.276939152858101,0.5365922445587301,0.643634909409297
CNN_Jannis,cgre,44,cgre4111,1643,0.925030093016212,0.9617848475705011,-0.5359268385214855,0.6517995508559046,0.7762352582544825
CNN_Jannis,cgre,44,cgre9708,836,1.2460260152683704,1.1162553539707527,-5.376159463103088,0.6642743596873658,0.6695185024079205
aubin_1_10_1,artificial,42,cgre132,854,0.11500077706153371,0.3391176448690538,0.6401156794063041,0.8202579017848944,0.8168773247819991
aubin_1_10_1,artificial,42,cgre1338,2049,0.12067039743068465,0.34737644915953164,0.3925385995476416,0.5040547015652213,0.6534128581926023
aubin_1_10_1,artificial,42,cgre4111,1643,0.2094637874942503,0.45767213974006576,0.6522047711315466,0.6745925290420793,0.8209842398444758
aubin_1_10_1,artificial,42,cgre9708,836,0.10102052200746339,0.3178372571104014,0.48305817898451375,0.692820469166238,0.7558511195177047
mlp_small,artificial,42,cgre132,854,0.08261506959790102,0.2874283729869079,0.7414637626567269,0.8091300975958148,0.8614388832716093
mlp_small,artificial,42,cgre1338,2049,0.11015684454117268,0.33189884685122467,0.44546440155025335,0.5702362182409564,0.6831388065032173
mlp_small,artificial,42,cgre4111,1643,0.1926088668469073,0.438872267119839,0.6801908065901253,0.6927089486837742,0.8516177144956583
mlp_small,artificial,42,cgre9708,836,0.06598015275681507,0.25686602102422007,0.6623666197798103,0.6227612832696202,0.8283218927532465
mlp_deep,artificial,42,cgre132,854,0.08335352319457612,0.2887101023424295,0.7391528402636792,0.8501965465149264,0.8603149606938423
mlp_deep,artificial,42,cgre1338,2049,0.11289340923444048,0.33599614467198946,0.4316883847607518,0.5446542689780697,0.6603631587791936
mlp_deep,artificial,42,cgre4111,1643,0.1674557946740172,0.4092136296288495,0.7219551544889485,0.6920389718953758,0.8521888154409873
mlp_deep,artificial,42,cgre9708,836,0.06107178953813561,0.24712707164156583,0.687483676889079,0.7661535108909046,0.8391262406345217
CNN_Jannis,artificial,42,cgre132,854,0.09221786442196502,0.30367394425924166,0.7114127023129366,0.8429199998387374,0.8459518207556656
CNN_Jannis,artificial,42,cgre1338,2049,0.10637376918055941,0.3261499182593174,0.46450861044908465,0.5718575812838173,0.6876801222870904
CNN_Jannis,artificial,42,cgre4111,1643,0.1566577170586012,0.39580009734536603,0.73988436278084,0.6910581678273165,0.8619243506888323
CNN_Jannis,artificial,42,cgre9708,836,0.07392477858488887,0.2718911153106862,0.6217124114938174,0.7335283236521852,0.8092437493001357
aubin_1_10_1,artificial,43,cgre132,854,0.11284329777023083,0.33592156490798686,0.646867311775971,0.7894671411242649,0.8160444672228618
aubin_1_10_1,artificial,43,cgre1338,2049,0.11813672744898185,0.34371023762608793,0.4052932332286434,0.5135136328546591,0.6723084846194841
aubin_1_10_1,artificial,43,cgre4111,1643,0.20703392766028397,0.4550098105099317,0.6562393284513687,0.6722983194483021,0.8197174627121717
aubin_1_10_1,artificial,43,cgre9708,836,0.09771681367718348,0.31259688686419046,0.4999639023605299,0.5979101999474968,0.7543201030770527
mlp_small,artificial,43,cgre132,854,0.08585182049917027,0.2930048130989835,0.7313346493689876,0.8589458042457142,0.8635597362676387
mlp_small,artificial,43,cgre1338,2049,0.10478041173280243,0.32369802553120774,0.47252965925015133,0.5632524465718527,0.6878975694205332
mlp_small,artificial,43,cgre4111,1643,0.165740723803282,0.40711266721054257,0.7248028709040322,0.6980360936033213,0.8516900211363438
mlp_small,artificial,43,cgre9708,836,0.07226849912047713,0.2688280102974337,0.6301879183059907,0.7401216712602403,0.8146688260501112
mlp_deep,artificial,43,cgre132,854,0.0846658833952925,0.29097402529313937,0.735045930108139,0.8598201963301013,0.858142267489477
mlp_deep,artificial,43,cgre1338,2049,0.11554205332316142,0.3399147736170957,0.41835496511772374,0.5608753360756438,0.6711306923524094
mlp_deep,artificial,43,cgre4111,1643,0.1682339653020238,0.41016333978309644,0.7206630741971525,0.6763334735969792,0.8578258889666082
mlp_deep,artificial,43,cgre9708,836,0.05106728071791304,0.22598070872955736,0.7386787103844439,0.782591182344388,0.8669258895688956
CNN_Jannis,artificial,43,cgre132,854,0.08222563411199887,0.2867501248683231,0.7426824650763113,0.8504369954272657,0.8659197944583028
CNN_Jannis,artificial,43,cgre1338,2049,0.11152828630900892,0.3339585098616427,0.43856048845584916,0.5578360304922856,0.6730480668534924
CNN_Jannis,artificial,43,cgre4111,1643,0.16401897240095425,0.40499255845133036,0.7276616797234019,0.6999401844467947,0.8543362326673141
CNN_Jannis,artificial,43,cgre9708,836,0.07102974039504341,0.2665140529034884,0.6365268896219103,0.7483894367413899,0.8137296819846914
aubin_1_10_1,artificial,44,cgre132,854,0.11890127481573472,0.34482064151633196,0.6279094315868066,0.8107326568430988,0.8084295499096564
aubin_1_10_1,artificial,44,cgre1338,2049,0.12659532725243533,0.3558023710607271,0.3627121777927117,0.5196238514318138,0.640540215630933
aubin_1_10_1,artificial,44,cgre4111,1643,0.24964049756192414,0.49964036822691194,0.5854950632611507,0.6677049130757419,0.7807804591431138
aubin_1_10_1,artificial,44,cgre9708,836,0.09874235218049458,0.3142329584567707,0.49471602073323073,0.6876243307565665,0.7581226256321385
mlp_small,artificial,44,cgre132,854,0.0790048657029404,0.2810780420149187,0.7527615626293951,0.8480361477176892,0.8698453539470477
mlp_small,artificial,44,cgre1338,2049,0.11056891670194643,0.33251904712654645,0.4433900076872942,0.5794211659349983,0.6888228215553736
mlp_small,artificial,44,cgre4111,1643,0.1703165407317274,0.4126942460608427,0.7172051504821549,0.6962125768095614,0.8544635165370763
mlp_small,artificial,44,cgre9708,836,0.06888511892693323,0.26245974725076077,0.6475013382298067,0.7185109428394361,0.8270568757370045
mlp_deep,artificial,44,cgre132,854,0.07945089565442935,0.2818703525637795,0.7513657530517768,0.8707538784826204,0.8669453107820595
mlp_deep,artificial,44,cgre1338,2049,0.10784017976249105,0.3283902857310049,0.4571266191346859,0.5643326391230555,0.680506518147961
mlp_deep,artificial,44,cgre4111,1643,0.17109983691526748,0.4136421604663474,0.7159045596798732,0.684834830767896,0.8523687442658145
mlp_deep,artificial,44,cgre9708,836,0.06774761917021958,0.2602837282086984,0.6533221475461235,0.7582551332012453,0.8261976848453949
CNN_Jannis,artificial,44,cgre132,854,0.08358968168225375,0.2891188020213382,0.7384138040670383,0.8504432667510612,0.8605066610659821
CNN_Jannis,artificial,44,cgre1338,2049,0.10812806260614005,0.32882831782883304,0.4556774011069614,0.558059913988229,0.679016875199304
CNN_Jannis,artificial,44,cgre4111,1643,0.1601009461036163,0.4001261627332263,0.7341671996946413,0.6930344367272407,0.8644756743582145
CNN_Jannis,artificial,44,cgre9708,836,0.06705647813096058,0.2589526561573767,0.6568588517752572,0.7307039983815063,0.8212907317943996
