mix,seed,model,device,gpu,host,fit_seconds,inference_seconds,elapsed_seconds
cgre,42,aubin_1_10_1,cpu,,cl10lx.lsv.uni-saarland.de,94.25884216092527,0.7985320976004004,102.48470515664667
cgre,42,mlp_small,cpu,,cl12lx.lsv.uni-saarland.de,153.85394405014813,0.705800823867321,159.29366750922054
cgre,42,mlp_deep,cpu,,cl11lx.lsv.uni-saarland.de,231.7699341000989,0.8405584245920181,237.25719044730067
cgre,42,CNN_Jannis,cuda,NVIDIA GeForce RTX 2080 Ti,cl15lx.lsv.uni-saarland.de,2865.3154457965866,20.01915491744876,3115.8350710608065
cgre,43,aubin_1_10_1,cpu,,cl15lx.lsv.uni-saarland.de,120.00850677676499,1.013496640138328,126.919632432051
cgre,43,mlp_small,cpu,,cl16lx.lsv.uni-saarland.de,194.33816171251237,0.8899617465212941,200.30232113786042
cgre,43,mlp_deep,cpu,,cl17lx.lsv.uni-saarland.de,299.4295830922201,0.7833815468475223,306.5307052321732
cgre,43,CNN_Jannis,cuda,Tesla V100-PCIE-32GB,cl16lx.lsv.uni-saarland.de,2117.792636277154,18.774505876004696,2683.0962272398174
cgre,44,aubin_1_10_1,cpu,,cl14lx.lsv.uni-saarland.de,92.24049145542085,0.8900192258879542,97.98986361920834
cgre,44,mlp_small,cpu,,cl13lx.lsv.uni-saarland.de,158.06951922085136,0.6940460791811347,163.4963201507926
cgre,44,mlp_deep,cpu,,cl12lx.lsv.uni-saarland.de,232.93100605439395,0.87875996530056,238.46665217541158
cgre,44,CNN_Jannis,cuda,NVIDIA A100-PCIE-40GB,cl17lx.lsv.uni-saarland.de,1429.9940503798425,14.55719586648047,1951.008374992758
amac,42,aubin_1_10_1,cpu,,cl11lx.lsv.uni-saarland.de,83.59591237735003,0.4326355895027518,88.50961784366518
amac,42,mlp_small,cpu,,cl16lx.lsv.uni-saarland.de,188.82450392097235,0.5989581411704421,194.15340920258313
amac,42,mlp_deep,cpu,,cl17lx.lsv.uni-saarland.de,299.04573644977063,0.4786097249016166,305.6886898810044
amac,42,CNN_Jannis,cuda,NVIDIA GeForce RTX 2080 Ti,cl14lx.lsv.uni-saarland.de,2255.3677694099024,10.420043676160276,2839.6380342077464
amac,43,aubin_1_10_1,cpu,,cl15lx.lsv.uni-saarland.de,107.08029224537313,0.6127155749127269,113.80456943064928
amac,43,mlp_small,cpu,,cl14lx.lsv.uni-saarland.de,171.02087966166437,0.6026502829045057,176.02215231582522
amac,43,mlp_deep,cpu,,cl13lx.lsv.uni-saarland.de,235.16969097219408,0.5141546279191971,239.92115529160947
amac,43,CNN_Jannis,cuda,NVIDIA GeForce RTX 2080 Ti,cl13lx.lsv.uni-saarland.de,1678.260587646626,11.688766151666641,2179.152687148191
amac,44,aubin_1_10_1,cpu,,cl17lx.lsv.uni-saarland.de,131.72331805434078,0.348581594415009,138.1905753435567
amac,44,mlp_small,cpu,,cl12lx.lsv.uni-saarland.de,150.02413176186383,0.5700626326724887,154.99777472857386
amac,44,mlp_deep,cpu,,cl11lx.lsv.uni-saarland.de,231.2554196594283,0.6114947414025664,236.22489350102842
amac,44,CNN_Jannis,cuda,NVIDIA GeForce RTX 2080 Ti,cl15lx.lsv.uni-saarland.de,2520.5201296200976,13.11627904791385,3017.1977610243484
pplu,42,aubin_1_10_1,cpu,,cl16lx.lsv.uni-saarland.de,83.18465116992593,0.42441697511821985,88.4762669056654
pplu,42,mlp_small,cpu,,cl15lx.lsv.uni-saarland.de,208.70829964615405,0.711531582288444,215.35467315651476
pplu,42,mlp_deep,cpu,,cl14lx.lsv.uni-saarland.de,256.6288733081892,0.5309914136305451,261.6364412344992
pplu,42,CNN_Jannis,cuda,Tesla V100-PCIE-32GB,cl16lx.lsv.uni-saarland.de,1910.2452848451212,11.85841414052993,2586.929118704982
pplu,43,aubin_1_10_1,cpu,,cl13lx.lsv.uni-saarland.de,89.59963765274733,0.5759871769696474,94.34806510526687
pplu,43,mlp_small,cpu,,cl16lx.lsv.uni-saarland.de,194.39296247437596,0.5864874171093106,199.63628517556936
pplu,43,mlp_deep,cpu,,cl15lx.lsv.uni-saarland.de,227.0021236501634,0.6517725232988596,232.83185044210404
pplu,43,CNN_Jannis,cuda,NVIDIA A100-PCIE-40GB,cl17lx.lsv.uni-saarland.de,1476.686591802165,8.882885979488492,2175.0478751715273
pplu,44,aubin_1_10_1,cpu,,cl14lx.lsv.uni-saarland.de,86.86941461917013,0.5568578541278839,92.04844548925757
pplu,44,mlp_small,cpu,,cl13lx.lsv.uni-saarland.de,161.0438086790964,0.5277977418154478,165.79283293522894
pplu,44,mlp_deep,cpu,,cl17lx.lsv.uni-saarland.de,287.9479866726324,0.3518619239330292,294.37527106516063
pplu,44,CNN_Jannis,cuda,NVIDIA GeForce RTX 2080 Ti,cl14lx.lsv.uni-saarland.de,2179.917394988239,10.249186933040619,2729.2123841568828
cgre_amac,42,aubin_1_10_1,cpu,,cl13lx.lsv.uni-saarland.de,89.77896528504789,0.5344253573566675,94.65934807062149
cgre_amac,42,mlp_small,cpu,,cl17lx.lsv.uni-saarland.de,190.09079536050558,0.29985271394252777,196.51052887458354
cgre_amac,42,mlp_deep,cpu,,cl16lx.lsv.uni-saarland.de,283.98138742521405,0.6854655127972364,289.4054486649111
cgre_amac,42,CNN_Jannis,cuda,NVIDIA GeForce RTX 2080 Ti,cl13lx.lsv.uni-saarland.de,1583.8641806691885,11.831448809243739,2084.8618911448866
cgre_amac,43,aubin_1_10_1,cpu,,cl15lx.lsv.uni-saarland.de,96.45959049556404,0.952803430147469,103.87228818237782
cgre_amac,43,mlp_small,cpu,,cl14lx.lsv.uni-saarland.de,177.5874777296558,0.501861204393208,182.547204753384
cgre_amac,43,mlp_deep,cpu,,cl17lx.lsv.uni-saarland.de,307.5759215755388,0.38736424408853054,314.10580252390355
cgre_amac,43,CNN_Jannis,cuda,NVIDIA A100-PCIE-40GB,cl17lx.lsv.uni-saarland.de,1697.8539861775935,9.317549251019955,2335.299910487607
cgre_amac,44,aubin_1_10_1,cpu,,cl16lx.lsv.uni-saarland.de,84.39424950070679,0.41080224234610796,89.56780957244337
cgre_amac,44,mlp_small,cpu,,cl15lx.lsv.uni-saarland.de,216.6544492803514,0.6505483444780111,222.71226387750357
cgre_amac,44,mlp_deep,cpu,,cl14lx.lsv.uni-saarland.de,203.78462759032845,0.579792189411819,208.74167392589152
cgre_amac,44,CNN_Jannis,cuda,NVIDIA GeForce RTX 2080 Ti,cl15lx.lsv.uni-saarland.de,1805.938142905943,12.78527660947293,2302.2262748973444
cgre_pplu,42,aubin_1_10_1,cpu,,cl13lx.lsv.uni-saarland.de,91.7225794242695,0.4329909486696124,96.48019301891327
cgre_pplu,42,mlp_small,cpu,,cl16lx.lsv.uni-saarland.de,203.61114410776645,0.48469436913728714,208.77233907207847
cgre_pplu,42,mlp_deep,cpu,,cl15lx.lsv.uni-saarland.de,238.6009182278067,0.671019708737731,245.461061517708
cgre_pplu,42,CNN_Jannis,cuda,Tesla V100-PCIE-32GB,cl16lx.lsv.uni-saarland.de,1581.658276620321,11.947153500281274,2258.355231270194
cgre_pplu,43,aubin_1_10_1,cpu,,cl14lx.lsv.uni-saarland.de,89.25608095433563,0.34338696394115686,94.00461857113987
cgre_pplu,43,mlp_small,cpu,,cl13lx.lsv.uni-saarland.de,172.95989158935845,0.504881838336587,177.80789055116475
cgre_pplu,43,mlp_deep,cpu,,cl16lx.lsv.uni-saarland.de,213.45215331576765,0.7382690627127886,218.93283981550485
cgre_pplu,43,CNN_Jannis,cuda,NVIDIA GeForce RTX 2080 Ti,cl14lx.lsv.uni-saarland.de,1933.3458767766133,11.782748052850366,2483.940488629043
cgre_pplu,44,aubin_1_10_1,cpu,,cl15lx.lsv.uni-saarland.de,114.38734490051866,0.7712661400437355,120.6212309980765
cgre_pplu,44,mlp_small,cpu,,cl14lx.lsv.uni-saarland.de,181.8329229457304,0.5000308034941554,186.79291570279747
cgre_pplu,44,mlp_deep,cpu,,cl13lx.lsv.uni-saarland.de,264.43234191276133,0.48391979560256004,269.1662142807618
cgre_pplu,44,CNN_Jannis,cuda,NVIDIA GeForce RTX 2080 Ti,cl13lx.lsv.uni-saarland.de,2028.2993245823309,11.444314826279879,2536.8510881848633
amac_pplu,42,aubin_1_10_1,cpu,,cl13lx.lsv.uni-saarland.de,93.6202821135521,0.4154758099466562,98.39786865655333
amac_pplu,42,mlp_small,cpu,,cl16lx.lsv.uni-saarland.de,198.515820838511,0.5465699825435877,203.78242135234177
amac_pplu,42,mlp_deep,cpu,,cl15lx.lsv.uni-saarland.de,313.492099808529,0.6375591726973653,319.6225347071886
amac_pplu,42,CNN_Jannis,cuda,NVIDIA GeForce RTX 2080 Ti,cl14lx.lsv.uni-saarland.de,2251.0838216962293,11.5177999176085,2856.699221709743
amac_pplu,43,aubin_1_10_1,cpu,,cl14lx.lsv.uni-saarland.de,86.84866366535425,0.5524513619020581,91.98451023548841
amac_pplu,43,mlp_small,cpu,,cl16lx.lsv.uni-saarland.de,197.12719104718417,0.554612385109067,202.3825677651912
amac_pplu,43,mlp_deep,cpu,,cl15lx.lsv.uni-saarland.de,329.2809046925977,0.5675932401791215,335.91255985666066
amac_pplu,43,CNN_Jannis,cuda,NVIDIA GeForce RTX 2080 Ti,cl13lx.lsv.uni-saarland.de,2214.067877257243,11.392901325598359,2823.439370702021
amac_pplu,44,aubin_1_10_1,cpu,,cl14lx.lsv.uni-saarland.de,87.97687295917422,0.43527296651154757,92.85075848922133
amac_pplu,44,mlp_small,cpu,,cl13lx.lsv.uni-saarland.de,170.95538564771414,0.4531346866860986,175.625420098193
amac_pplu,44,mlp_deep,cpu,,cl14lx.lsv.uni-saarland.de,240.6771243456751,0.4891545930877328,245.5748146623373
amac_pplu,44,CNN_Jannis,cuda,NVIDIA GeForce RTX 2080 Ti,cl15lx.lsv.uni-saarland.de,2076.6776807308197,12.921141697093844,2755.6875442815945
cgre_amac_pplu,42,aubin_1_10_1,cpu,,cl16lx.lsv.uni-saarland.de,85.73354714084417,0.44094356056302786,91.04869064874947
cgre_amac_pplu,42,mlp_small,cpu,,cl15lx.lsv.uni-saarland.de,192.61819707695395,0.9651441965252161,199.80510309059173
cgre_amac_pplu,42,mlp_deep,cpu,,cl13lx.lsv.uni-saarland.de,249.01929611619562,0.4929429776966572,253.7675226535648
cgre_amac_pplu,42,CNN_Jannis,cuda,Tesla V100-PCIE-32GB,cl16lx.lsv.uni-saarland.de,2396.739384974353,10.833207258954644,3072.230860557407
cgre_amac_pplu,43,aubin_1_10_1,cpu,,cl13lx.lsv.uni-saarland.de,90.98400926310569,0.40014344546943903,95.65407439600676
cgre_amac_pplu,43,mlp_small,cpu,,cl15lx.lsv.uni-saarland.de,202.3138127606362,0.7002025013789535,207.8148565478623
cgre_amac_pplu,43,mlp_deep,cpu,,cl14lx.lsv.uni-saarland.de,269.060873715207,0.48797182086855173,273.9362569116056
cgre_amac_pplu,43,CNN_Jannis,cuda,NVIDIA A100-PCIE-40GB,cl18lx.lsv.uni-saarland.de,2052.8174828486517,9.759395353496075,2532.7629508096725
cgre_amac_pplu,44,aubin_1_10_1,cpu,,cl13lx.lsv.uni-saarland.de,90.11234306078404,0.5624411068856716,94.92554246354848
cgre_amac_pplu,44,mlp_small,cpu,,cl15lx.lsv.uni-saarland.de,210.7769512888044,0.6397258909419179,216.09000634774566
cgre_amac_pplu,44,mlp_deep,cpu,,cl14lx.lsv.uni-saarland.de,279.5508635258302,0.47050240356475115,284.41082809399813
cgre_amac_pplu,44,CNN_Jannis,cuda,NVIDIA A100-PCIE-40GB,cl18lx.lsv.uni-saarland.de,1488.8292013667524,9.076630298048258,1968.0882190316916
artificial,42,aubin_1_10_1,cpu,,cl13lx.lsv.uni-saarland.de,87.43321069329977,0.7574760960415006,93.07376878149807
artificial,42,mlp_small,cpu,,cl14lx.lsv.uni-saarland.de,163.02379444614053,0.6991770481690764,168.40512406919152
artificial,42,mlp_deep,cpu,,cl15lx.lsv.uni-saarland.de,280.6770828096196,0.8909734394401312,286.5709266262129
artificial,42,CNN_Jannis,cuda,NVIDIA A100-PCIE-40GB,cl17lx.lsv.uni-saarland.de,1664.1894932575524,14.393060676753521,1827.8701716661453
artificial,43,aubin_1_10_1,cpu,,cl13lx.lsv.uni-saarland.de,96.33399457484484,0.529969752766192,101.43411770835519
artificial,43,mlp_small,cpu,,cl14lx.lsv.uni-saarland.de,160.3165252795443,0.7066849879920483,165.8245724281296
artificial,43,mlp_deep,cpu,,cl13lx.lsv.uni-saarland.de,241.3753079539165,0.7333528948947787,246.73189278971404
artificial,43,CNN_Jannis,cuda,NVIDIA A100-PCIE-40GB,cl17lx.lsv.uni-saarland.de,1746.5512671284378,13.287424267269671,1784.350827534683
artificial,44,aubin_1_10_1,cpu,,cl15lx.lsv.uni-saarland.de,125.0022682575509,1.2208915064111352,132.71530065033585
artificial,44,mlp_small,cpu,,cl14lx.lsv.uni-saarland.de,173.6501998519525,0.7613196298480034,179.1148282662034
artificial,44,mlp_deep,cpu,,cl13lx.lsv.uni-saarland.de,193.03918028715998,0.8558962950482965,198.47993636410683
artificial,44,CNN_Jannis,cuda,NVIDIA GeForce RTX 2080 Ti,cl13lx.lsv.uni-saarland.de,2372.4755127560347,18.122154511511326,2591.232921597548
