mix,seed,gene,split,n,available_in_partition,fraction_of_landscape
cgre,42,cgreGFP,train,14709,14709,0.5999755261869799
cgre,42,cgreGFP,validation,4903,4903,0.19999184206232665
cgre,43,cgreGFP,train,14709,14709,0.5999755261869799
cgre,43,cgreGFP,validation,4903,4903,0.19999184206232665
cgre,44,cgreGFP,train,14709,14709,0.5999755261869799
cgre,44,cgreGFP,validation,4903,4903,0.19999184206232665
amac,42,amacGFP,train,14709,20106,0.4389305004326937
amac,42,amacGFP,validation,4903,6702,0.14631016681089792
amac,43,amacGFP,train,14709,20106,0.4389305004326937
amac,43,amacGFP,validation,4903,6702,0.14631016681089792
amac,44,amacGFP,train,14709,20106,0.4389305004326937
amac,44,amacGFP,validation,4903,6702,0.14631016681089792
pplu,42,ppluGFP,train,14709,18841,0.46840965543595947
pplu,42,ppluGFP,validation,4903,6280,0.1561365518119865
pplu,43,ppluGFP,train,14709,18841,0.46840965543595947
pplu,43,ppluGFP,validation,4903,6280,0.1561365518119865
pplu,44,ppluGFP,train,14709,18841,0.46840965543595947
pplu,44,ppluGFP,validation,4903,6280,0.1561365518119865
cgre_amac,42,cgreGFP,train,7355,14709,0.3000081579376734
cgre_amac,42,amacGFP,train,7354,20106,0.2194503297424726
cgre_amac,42,cgreGFP,validation,2452,4903,0.1000163158753467
cgre_amac,42,amacGFP,validation,2451,6702,0.0731401629315747
cgre_amac,43,cgreGFP,train,7355,14709,0.3000081579376734
cgre_amac,43,amacGFP,train,7354,20106,0.2194503297424726
cgre_amac,43,cgreGFP,validation,2452,4903,0.1000163158753467
cgre_amac,43,amacGFP,validation,2451,6702,0.0731401629315747
cgre_amac,44,cgreGFP,train,7355,14709,0.3000081579376734
cgre_amac,44,amacGFP,train,7354,20106,0.2194503297424726
cgre_amac,44,cgreGFP,validation,2452,4903,0.1000163158753467
cgre_amac,44,amacGFP,validation,2451,6702,0.0731401629315747
cgre_pplu,42,cgreGFP,train,7355,14709,0.3000081579376734
cgre_pplu,42,ppluGFP,train,7354,18841,0.2341889051652761
cgre_pplu,42,cgreGFP,validation,2452,4903,0.1000163158753467
cgre_pplu,42,ppluGFP,validation,2451,6280,0.0780523533532896
cgre_pplu,43,cgreGFP,train,7355,14709,0.3000081579376734
cgre_pplu,43,ppluGFP,train,7354,18841,0.2341889051652761
cgre_pplu,43,cgreGFP,validation,2452,4903,0.1000163158753467
cgre_pplu,43,ppluGFP,validation,2451,6280,0.0780523533532896
cgre_pplu,44,cgreGFP,train,7355,14709,0.3000081579376734
cgre_pplu,44,ppluGFP,train,7354,18841,0.2341889051652761
cgre_pplu,44,cgreGFP,validation,2452,4903,0.1000163158753467
cgre_pplu,44,ppluGFP,validation,2451,6280,0.0780523533532896
amac_pplu,42,amacGFP,train,7355,20106,0.21948017069022113
amac_pplu,42,ppluGFP,train,7354,18841,0.2341889051652761
amac_pplu,42,amacGFP,validation,2452,6702,0.07317000387932321
amac_pplu,42,ppluGFP,validation,2451,6280,0.0780523533532896
amac_pplu,43,amacGFP,train,7355,20106,0.21948017069022113
amac_pplu,43,ppluGFP,train,7354,18841,0.2341889051652761
amac_pplu,43,amacGFP,validation,2452,6702,0.07317000387932321
amac_pplu,43,ppluGFP,validation,2451,6280,0.0780523533532896
amac_pplu,44,amacGFP,train,7355,20106,0.21948017069022113
amac_pplu,44,ppluGFP,train,7354,18841,0.2341889051652761
amac_pplu,44,amacGFP,validation,2452,6702,0.07317000387932321
amac_pplu,44,ppluGFP,validation,2451,6280,0.0780523533532896
cgre_amac_pplu,42,cgreGFP,train,4903,14709,0.19999184206232665
cgre_amac_pplu,42,amacGFP,train,4903,20106,0.14631016681089792
cgre_amac_pplu,42,ppluGFP,train,4903,18841,0.1561365518119865
cgre_amac_pplu,42,cgreGFP,validation,1635,4903,0.06669114047968673
cgre_amac_pplu,42,amacGFP,validation,1634,6702,0.048760108621049805
cgre_amac_pplu,42,ppluGFP,validation,1634,6280,0.0520349022355264
cgre_amac_pplu,43,cgreGFP,train,4903,14709,0.19999184206232665
cgre_amac_pplu,43,amacGFP,train,4903,20106,0.14631016681089792
cgre_amac_pplu,43,ppluGFP,train,4903,18841,0.1561365518119865
cgre_amac_pplu,43,cgreGFP,validation,1635,4903,0.06669114047968673
cgre_amac_pplu,43,amacGFP,validation,1634,6702,0.048760108621049805
cgre_amac_pplu,43,ppluGFP,validation,1634,6280,0.0520349022355264
cgre_amac_pplu,44,cgreGFP,train,4903,14709,0.19999184206232665
cgre_amac_pplu,44,amacGFP,train,4903,20106,0.14631016681089792
cgre_amac_pplu,44,ppluGFP,train,4903,18841,0.1561365518119865
cgre_amac_pplu,44,cgreGFP,validation,1635,4903,0.06669114047968673
cgre_amac_pplu,44,amacGFP,validation,1634,6702,0.048760108621049805
cgre_amac_pplu,44,ppluGFP,validation,1634,6280,0.0520349022355264
artificial,42,cgre132,train,2333,2560,0.5467541598312632
artificial,42,cgre1338,train,5599,6144,0.5467239527389903
artificial,42,cgre4111,train,4491,4928,0.5467494521548576
artificial,42,cgre9708,train,2286,2508,0.5468899521531101
artificial,42,cgre132,validation,777,853,0.18209514881649871
artificial,42,cgre1338,validation,1867,2048,0.18230641538912215
artificial,42,cgre4111,validation,1497,1643,0.18224981738495252
artificial,42,cgre9708,validation,762,836,0.18229665071770335
artificial,43,cgre132,train,2333,2560,0.5467541598312632
artificial,43,cgre1338,train,5599,6144,0.5467239527389903
artificial,43,cgre4111,train,4491,4928,0.5467494521548576
artificial,43,cgre9708,train,2286,2508,0.5468899521531101
artificial,43,cgre132,validation,777,853,0.18209514881649871
artificial,43,cgre1338,validation,1867,2048,0.18230641538912215
artificial,43,cgre4111,validation,1497,1643,0.18224981738495252
artificial,43,cgre9708,validation,762,836,0.18229665071770335
artificial,44,cgre132,train,2333,2560,0.5467541598312632
artificial,44,cgre1338,train,5599,6144,0.5467239527389903
artificial,44,cgre4111,train,4491,4928,0.5467494521548576
artificial,44,cgre9708,train,2286,2508,0.5468899521531101
artificial,44,cgre132,validation,777,853,0.18209514881649871
artificial,44,cgre1338,validation,1867,2048,0.18230641538912215
artificial,44,cgre4111,validation,1497,1643,0.18224981738495252
artificial,44,cgre9708,validation,762,836,0.18229665071770335
