experiment,condition,model,n_runs,n_train,n_validation,n_test,spearman_mean,spearman_sd,spearman_defined_runs,spearman_runs_json,pearson_mean,pearson_sd,pearson_defined_runs,pearson_runs_json,rmse_mean,rmse_sd,rmse_defined_runs,rmse_runs_json,r2_mean,r2_sd,r2_defined_runs,r2_runs_json,fit_seconds_mean,fit_seconds_sd,fit_seconds_defined_runs,fit_seconds_runs_json,inference_seconds_mean,inference_seconds_sd,inference_seconds_defined_runs,inference_seconds_runs_json
ortholog_mixtures,cgre,aubin_1_10_1,3,14709,4903,4904,0.8867750531082704,0.0009263821141032805,3,"[0.8872175622530694, 0.8873971982417682, 0.8857103988299738]",0.9449179813940217,0.004522105325000332,3,"[0.9437812084003772, 0.94990001116382, 0.9410727246178678]",0.25375276297674415,0.010957212388069357,3,"[0.25895546130708197, 0.2411634485092784, 0.2611393791138721]",0.8916064385690814,0.00923809878196906,3,"[0.8872562274673711, 0.9022165436239873, 0.8853465446158859]",102.16928013103704,15.482149087928335,3,"[94.25884216092527, 120.00850677676499, 92.24049145542085]",0.9006826545422276,0.10787826551318716,3,"[0.7985320976004004, 1.013496640138328, 0.8900192258879542]"
peak_transfer,cgre_to_artificial,aubin_1_10_1,3,14709,4903,5382,0.7182332585721641,0.03630645809565752,3,"[0.7379786816589998, 0.6763332524225338, 0.7403878416349589]",0.7214030751811027,0.0215182354578839,3,"[0.7445486744694091, 0.7176562184456214, 0.7020043326282774]",1.410249880225692,0.07001990269626011,3,"[1.3706811530170404, 1.3689726057590552, 1.4910958819009803]",-3.324774370846221,0.4348927738163284,3,"[-3.078787067303959, -3.0686250290256663, -3.8269110162090385]",102.16928013103704,15.482149087928335,3,"[94.25884216092527, 120.00850677676499, 92.24049145542085]",0.9006826545422276,0.10787826551318716,3,"[0.7985320976004004, 1.013496640138328, 0.8900192258879542]"
peak_transfer,cgre_to_natural,aubin_1_10_1,3,14709,4903,4904,0.8867750531082704,0.0009263821141032805,3,"[0.8872175622530694, 0.8873971982417682, 0.8857103988299738]",0.9449179813940217,0.004522105325000332,3,"[0.9437812084003772, 0.94990001116382, 0.9410727246178678]",0.25375276297674415,0.010957212388069357,3,"[0.25895546130708197, 0.2411634485092784, 0.2611393791138721]",0.8916064385690814,0.00923809878196906,3,"[0.8872562274673711, 0.9022165436239873, 0.8853465446158859]",102.16928013103704,15.482149087928335,3,"[94.25884216092527, 120.00850677676499, 92.24049145542085]",0.9006826545422276,0.10787826551318716,3,"[0.7985320976004004, 1.013496640138328, 0.8900192258879542]"
ortholog_mixtures,cgre,mlp_small,3,14709,4903,4904,0.8890451726795009,0.00038104383334851543,3,"[0.8888242205941459, 0.8888261346330776, 0.8894851628112791]",0.9346106620650567,0.0007463329364516678,3,"[0.9351155174464317, 0.9337533760149535, 0.9349630927337849]",0.2749054038559042,0.0019580287676965458,3,"[0.2734920793829798, 0.27714038611965186, 0.27408374606508074]",0.8729356687337319,0.0018133277005247445,3,"[0.8742430719743193, 0.8708655703030892, 0.8736983639237869]",168.75387499450395,22.2566745866697,3,"[153.85394405014813, 194.33816171251237, 158.06951922085136]",0.7632695498565832,0.1098759665598291,3,"[0.705800823867321, 0.8899617465212941, 0.6940460791811347]"
peak_transfer,cgre_to_artificial,mlp_small,3,14709,4903,5382,0.7479661953627231,0.0012846866284262999,3,"[0.7494198504534914, 0.7474954632899075, 0.7469832723447706]",0.7826024748091598,0.0040856310839232956,3,"[0.7803668087642004, 0.7873180473101846, 0.7801225683530945]",1.180801038708969,0.036485318681037535,3,"[1.218514082541547, 1.1456818840747465, 1.178207149510613]",-2.0289209586388033,0.1873747098090784,3,"[-2.223437519765072, -1.8496153596445084, -2.013709996506829]",168.75387499450395,22.2566745866697,3,"[153.85394405014813, 194.33816171251237, 158.06951922085136]",0.7632695498565832,0.1098759665598291,3,"[0.705800823867321, 0.8899617465212941, 0.6940460791811347]"
peak_transfer,cgre_to_natural,mlp_small,3,14709,4903,4904,0.8890451726795009,0.00038104383334851543,3,"[0.8888242205941459, 0.8888261346330776, 0.8894851628112791]",0.9346106620650567,0.0007463329364516678,3,"[0.9351155174464317, 0.9337533760149535, 0.9349630927337849]",0.2749054038559042,0.0019580287676965458,3,"[0.2734920793829798, 0.27714038611965186, 0.27408374606508074]",0.8729356687337319,0.0018133277005247445,3,"[0.8742430719743193, 0.8708655703030892, 0.8736983639237869]",168.75387499450395,22.2566745866697,3,"[153.85394405014813, 194.33816171251237, 158.06951922085136]",0.7632695498565832,0.1098759665598291,3,"[0.705800823867321, 0.8899617465212941, 0.6940460791811347]"
ortholog_mixtures,cgre,mlp_deep,3,14709,4903,4904,0.8926409528335569,0.001028643266986119,3,"[0.893800129539195, 0.8918370009486176, 0.8922857280128582]",0.947641919027944,0.0004774478391707677,3,"[0.9470907867876315, 0.947905386412842, 0.9479295838833587]",0.2479521396915135,0.001979483041413239,3,"[0.24821076690285712, 0.24585605536066626, 0.24978959681101712]",0.896629507232532,0.0016491456305506435,3,"[0.8964181540641698, 0.898374140402298, 0.8950962272311285]",254.710174415571,38.73249483718592,3,"[231.7699341000989, 299.4295830922201, 232.93100605439395]",0.8342333122467002,0.04800277035012004,3,"[0.8405584245920181, 0.7833815468475223, 0.87875996530056]"
peak_transfer,cgre_to_artificial,mlp_deep,3,14709,4903,5382,0.7471095846814597,0.0011198642546700129,3,"[0.746298896790702, 0.746642469569506, 0.7483873876841712]",0.6644721414467317,0.017663277571582668,3,"[0.6525871617249588, 0.6847691364307689, 0.6560601261844674]",1.430285531739636,0.03658701021881231,3,"[1.4505778553493078, 1.3880492543438312, 1.452229485525769]",-3.443171265531723,0.2255414577115552,3,"[-3.5681487541296146, -3.1828077637358287, -3.5785572787297255]",254.710174415571,38.73249483718592,3,"[231.7699341000989, 299.4295830922201, 232.93100605439395]",0.8342333122467002,0.04800277035012004,3,"[0.8405584245920181, 0.7833815468475223, 0.87875996530056]"
peak_transfer,cgre_to_natural,mlp_deep,3,14709,4903,4904,0.8926409528335569,0.001028643266986119,3,"[0.893800129539195, 0.8918370009486176, 0.8922857280128582]",0.947641919027944,0.0004774478391707677,3,"[0.9470907867876315, 0.947905386412842, 0.9479295838833587]",0.2479521396915135,0.001979483041413239,3,"[0.24821076690285712, 0.24585605536066626, 0.24978959681101712]",0.896629507232532,0.0016491456305506435,3,"[0.8964181540641698, 0.898374140402298, 0.8950962272311285]",254.710174415571,38.73249483718592,3,"[231.7699341000989, 299.4295830922201, 232.93100605439395]",0.8342333122467002,0.04800277035012004,3,"[0.8405584245920181, 0.7833815468475223, 0.87875996530056]"
ortholog_mixtures,cgre,CNN_Jannis,3,14709,4903,4904,0.8842506657961343,0.003939589238672335,3,"[0.8887643828588713, 0.8824838399959484, 0.8815037745335831]",0.9441859511214844,0.002513520956825819,3,"[0.9469122773988569, 0.9419607286041101, 0.9436848473614867]",0.25486357916871033,0.006544798916381363,3,"[0.2480804739353733, 0.26114070025640385, 0.2553695633143538]",0.8907431046633508,0.005600731029389477,3,"[0.8965268716998892, 0.8853453845155594, 0.8903570577746038]",2137.700710817861,717.8677633166195,3,"[2865.3154457965866, 2117.792636277154, 1429.9940503798425]",17.783618886644643,2.8626285015481625,3,"[20.01915491744876, 18.774505876004696, 14.55719586648047]"
peak_transfer,cgre_to_artificial,CNN_Jannis,3,14709,4903,5382,0.7234718702249398,0.021912957274010283,3,"[0.7466339122080714, 0.7207122751312283, 0.7030694233355196]",0.7723610356121391,0.02881833413361214,3,"[0.7926608405332507, 0.7850460805428106, 0.7393761857603558]",1.0918275594014484,0.0462672891965385,3,"[1.1254107624559566, 1.0390527895305663, 1.1110191262178228]",-1.5911100617732428,0.21694852665578424,3,"[-1.7496681252276693, -1.3438692230680678, -1.679792837023991]",2137.700710817861,717.8677633166195,3,"[2865.3154457965866, 2117.792636277154, 1429.9940503798425]",17.783618886644643,2.8626285015481625,3,"[20.01915491744876, 18.774505876004696, 14.55719586648047]"
peak_transfer,cgre_to_natural,CNN_Jannis,3,14709,4903,4904,0.8842506657961343,0.003939589238672335,3,"[0.8887643828588713, 0.8824838399959484, 0.8815037745335831]",0.9441859511214844,0.002513520956825819,3,"[0.9469122773988569, 0.9419607286041101, 0.9436848473614867]",0.25486357916871033,0.006544798916381363,3,"[0.2480804739353733, 0.26114070025640385, 0.2553695633143538]",0.8907431046633508,0.005600731029389477,3,"[0.8965268716998892, 0.8853453845155594, 0.8903570577746038]",2137.700710817861,717.8677633166195,3,"[2865.3154457965866, 2117.792636277154, 1429.9940503798425]",17.783618886644643,2.8626285015481625,3,"[20.01915491744876, 18.774505876004696, 14.55719586648047]"
ortholog_mixtures,amac,aubin_1_10_1,3,14709,4903,4904,-0.16163254830608023,0.5179529740454493,3,"[-0.46671882178246726, -0.45458582864073394, 0.4364070055049605]",-0.17068121282756157,0.5434198734836826,3,"[-0.49194250973446857, -0.47684660466289497, 0.4567454759146788]",1.3637771219467218,0.5896131374470397,3,"[1.1406320489091737, 0.9183053522075091, 2.032393964723483]",-2.516669271291356,2.9936621670125017,3,"[-1.1874269248088498, -0.4178054602346575, -5.94477542883056]",107.46650755902131,24.06602721682128,3,"[83.59591237735003, 107.08029224537313, 131.72331805434078]",0.46464425294349593,0.13494482507617445,3,"[0.4326355895027518, 0.6127155749127269, 0.348581594415009]"
ortholog_mixtures,amac,mlp_small,3,14709,4903,4904,0.32342335723623855,0.028933227851039436,3,"[0.35654971562133064, 0.3106171660643005, 0.30310319002308445]",0.32582759515020515,0.03984481816433497,3,"[0.3713868699771022, 0.3086043857696176, 0.29749152970389553]",2.927141211668157,0.24109024692525985,3,"[2.939699426107248, 3.161706920876242, 2.6800172880209807]",-13.470696676072365,2.366034705853041,3,"[-13.529419687017914, -15.806823267227895, -11.075847073971284]",169.9565051148335,19.42207223247012,3,"[188.82450392097235, 171.02087966166437, 150.02413176186383]",0.5905570189158121,0.017844407478647163,3,"[0.5989581411704421, 0.6026502829045057, 0.5700626326724887]"
ortholog_mixtures,amac,mlp_deep,3,14709,4903,4904,-0.27508607685063974,0.26540108147480984,3,"[-0.4080811945190155, -0.4476951010610846, 0.03051806502818078]",-0.29647910411210315,0.28803063839435594,3,"[-0.4345899788364215, -0.4894459718425123, 0.034598638342624374]",2.512576499140806,0.2986840214437356,3,"[2.667088348648872, 2.1682874098977916, 2.702353738875755]",-9.714041123836466,2.4383085587086066,3,"[-10.9596155113702, -6.904531048378457, -11.277976811760743]",255.156949027131,38.05915955522038,3,"[299.04573644977063, 235.16969097219408, 231.2554196594283]",0.5347530314077934,0.06879554907349524,3,"[0.4786097249016166, 0.5141546279191971, 0.6114947414025664]"
ortholog_mixtures,amac,CNN_Jannis,3,14709,4903,4904,0.0334814787146523,0.06767669704956403,3,"[0.020875942207447717, 0.10657467038780342, -0.027006176451294255]",-0.010386699826073017,0.03684203398801849,3,"[-0.012195772257169255, 0.027326543390381767, -0.04629087061143156]",1.111050734032556,0.01717848386306607,3,"[1.1001079551382194, 1.1021941089492362, 1.1308501380102118]",-1.0757708237559405,0.06446045920282571,3,"[-1.034759214267548, -1.042483629736191, -1.1500696272640822]",2151.3828288922086,430.65059491679773,3,"[2255.3677694099024, 1678.260587646626, 2520.5201296200976]",11.74169629191359,1.3488967695059928,3,"[10.420043676160276, 11.688766151666641, 13.11627904791385]"
ortholog_mixtures,pplu,aubin_1_10_1,3,14709,4903,4904,-0.056717701943645206,0.20809505729299518,3,"[-0.1765299040727892, -0.1771926698289461, 0.1835694680707997]",-0.029255380857359976,0.29389926541977535,3,"[-0.13580206514708784, -0.25502080172658403, 0.3030567243015919]",1.0200735680829789,0.14633695742533745,3,"[0.956183627056745, 0.9165450663395197, 1.1874920108526719]",-0.773468229734911,0.5210964752133541,3,"[-0.5371810405728146, -0.4123751294999338, -1.370848519131985]",86.55123448061447,3.219307665341076,3,"[83.18465116992593, 89.59963765274733, 86.86941461917013]",0.5190873354052504,0.08254296206069436,3,"[0.42441697511821985, 0.5759871769696474, 0.5568578541278839]"
ortholog_mixtures,pplu,mlp_small,3,14709,4903,4904,0.10898849872595207,0.0317209437587061,3,"[0.07802330512187076, 0.14141470381369495, 0.10752748724229051]",0.13897977595718522,0.059141054533128345,3,"[0.0950688537432556, 0.2062291385745314, 0.1156413355537687]",3.826885592336337,0.2965675270881833,3,"[3.814414934838096, 4.12949173636485, 3.5367501058060657]",-23.72115161932472,3.8265428068018337,3,"[-23.462355978588995, -27.67052306061446, -20.030575818770707]",188.0483569332088,24.45744139095373,3,"[208.70829964615405, 194.39296247437596, 161.0438086790964]",0.6086055804044008,0.0938426389995524,3,"[0.711531582288444, 0.5864874171093106, 0.5277977418154478]"
ortholog_mixtures,pplu,mlp_deep,3,14709,4903,4904,-0.1185309630960768,0.05430905578949578,3,"[-0.05582031750225401, -0.14981745529636256, -0.14995511648961382]",-0.16674447887437674,0.07927810881048117,3,"[-0.0753240022225414, -0.20836315599093702, -0.21654627840965174]",3.081794518897825,0.48961893981853655,3,"[3.606835703960884, 3.0008655608644506, 2.63768229186814]",-15.23667223280926,5.17533151567857,3,"[-20.872334227810576, -14.14033526833607, -10.697347202281133]",257.19299454366165,30.476847433168366,3,"[256.6288733081892, 227.0021236501634, 287.9479866726324]",0.5115419536208113,0.15089832014968088,3,"[0.5309914136305451, 0.6517725232988596, 0.3518619239330292]"
ortholog_mixtures,pplu,CNN_Jannis,3,14709,4903,4904,0.12082178598476605,0.06503103377670967,3,"[0.18157995763664003, 0.12865747200439442, 0.05222792831326367]",0.1000278352223977,0.06943872842799692,3,"[0.1730605143167992, 0.09217170928078156, 0.03485128206961237]",1.1307075308475536,0.003901763806448108,3,"[1.131955893673381, 1.126334355770651, 1.1338323430986286]",-1.1495444511252888,0.014823844280504777,3,"[-1.1542763986719904, -1.1329323247638143, -1.1614246299400617]",1855.6164238785084,354.783913072894,3,"[1910.2452848451212, 1476.686591802165, 2179.917394988239]",10.33016235101968,1.4894158999504887,3,"[11.85841414052993, 8.882885979488492, 10.249186933040619]"
ortholog_mixtures,cgre_amac,aubin_1_10_1,3,14709,4903,4904,0.8378880843955937,0.005000910153074196,3,"[0.8424254280170945, 0.838712709693826, 0.8325261154758608]",0.8804950142240523,0.004571023981122475,3,"[0.8851424469213114, 0.8803381590221815, 0.8760044367286641]",0.3707050678442472,0.008403195645785953,3,"[0.3650222473664556, 0.3667352476051568, 0.38035770856112944]",0.7688743168927233,0.010540165945438211,3,"[0.775982945422096, 0.7738754481734726, 0.7567645570826012]",90.2109350937729,6.0442585787905525,3,"[89.77896528504789, 96.45959049556404, 84.39424950070679]",0.6326770099500815,0.2840446484666174,3,"[0.5344253573566675, 0.952803430147469, 0.41080224234610796]"
ortholog_mixtures,cgre_amac,mlp_small,3,14709,4903,4904,0.8725953358428521,0.002524186209410807,3,"[0.8750066743791712, 0.8699717099931195, 0.8728076231562657]",0.9147134369258567,0.0024914642210812307,3,"[0.9171563641036289, 0.9121761184559125, 0.9148078282180288]",0.31450665597204436,0.004715106974484851,3,"[0.31135011171869525, 0.3199267252124825, 0.3122431309849553]",0.8336713104613995,0.005007193490211027,3,"[0.8370176913682454, 0.8279148262678527, 0.8360814137481004]",194.77757412350425,19.950726500949443,3,"[190.09079536050558, 177.5874777296558, 216.6544492803514]",0.4840874209379156,0.1760221203511274,3,"[0.29985271394252777, 0.501861204393208, 0.6505483444780111]"
ortholog_mixtures,cgre_amac,mlp_deep,3,14709,4903,4904,0.8707038786058635,0.003990728211169913,3,"[0.8734905207290381, 0.8724889031695094, 0.866132211919043]",0.921927490688347,0.003787606386206786,3,"[0.9214687884570859, 0.9259235587211498, 0.9183901248868054]",0.30009546748516364,0.006355957920368206,3,"[0.3004900223968078, 0.29355142345873536, 0.30624495659994777]",0.8485423743014886,0.00640757909936528,3,"[0.8481892500773889, 0.8551192135463186, 0.8423186592807583]",265.1139788636938,54.40719167675894,3,"[283.98138742521405, 307.5759215755388, 203.78462759032845]",0.5508739820991954,0.15113996373251826,3,"[0.6854655127972364, 0.38736424408853054, 0.579792189411819]"
ortholog_mixtures,cgre_amac,CNN_Jannis,3,14709,4903,4904,0.8642527798206704,0.005657190637518069,3,"[0.8580375343754681, 0.8691016230781669, 0.8656191820083765]",0.9208151837122109,0.0078094514235659915,3,"[0.9118447959664615, 0.9260982743861933, 0.9245024807839781]",0.3040206452607938,0.015181134745134769,3,"[0.32154987983215033, 0.2953623466315528, 0.2951497093186782]",0.8443425550419091,0.015743235132644303,3,"[0.8261642415708641, 0.8533261563273605, 0.8535372672275031]",1695.8854365842417,111.05006783657987,3,"[1583.8641806691885, 1697.8539861775935, 1805.938142905943]",11.311424889912209,1.7913966382821276,3,"[11.831448809243739, 9.317549251019955, 12.78527660947293]"
ortholog_mixtures,cgre_pplu,aubin_1_10_1,3,14709,4903,4904,0.8241458618756665,0.006046164752378504,3,"[0.8294183896076418, 0.8254727339775166, 0.8175464620418413]",0.8689065360943365,0.010524981717245334,3,"[0.877721722751164, 0.8717442587219262, 0.8572536268099195]",0.3855316755138105,0.013834953922187804,3,"[0.37614713548008927, 0.37902779635804607, 0.40142009470329615]",0.749887596281555,0.018112229667778017,3,"[0.7621199992812298, 0.758462517991959, 0.7290802715714759]",98.45533509304126,13.852530673299858,3,"[91.7225794242695, 89.25608095433563, 114.38734490051866]",0.5158813508848349,0.2256618297809942,3,"[0.4329909486696124, 0.34338696394115686, 0.7712661400437355]"
ortholog_mixtures,cgre_pplu,mlp_small,3,14709,4903,4904,0.87060610722469,0.003789383355285587,3,"[0.8744934275389035, 0.8669229121313595, 0.870401982003807]",0.9127627627335101,0.00453731113176073,3,"[0.917425473079096, 0.9083622189561491, 0.9125005961652852]",0.3172284526823709,0.008306522574723509,3,"[0.3079741313357236, 0.3240388379419734, 0.3196723887694156]",0.8307279919712082,0.00881397892806186,3,"[0.8405329752948245, 0.8234626733876764, 0.8281883272311232]",186.13465288095176,15.771920636482038,3,"[203.61114410776645, 172.95989158935845, 181.8329229457304]",0.4965356703226765,0.010537810260341035,3,"[0.48469436913728714, 0.504881838336587, 0.5000308034941554]"
ortholog_mixtures,cgre_pplu,mlp_deep,3,14709,4903,4904,0.8688867727873945,0.00499886257955963,3,"[0.8710269847424567, 0.863174119375547, 0.8724592142441799]",0.9179121438245798,0.006368546796417434,3,"[0.9248493983020297, 0.912330636197739, 0.9165563969739706]",0.3067436974725205,0.010822793627973235,3,"[0.2950207119635394, 0.3163550662224091, 0.30885531423161294]",0.8416733618870453,0.011108169654295735,3,"[0.8536652644833265, 0.8317356930496085, 0.839619128128201]",238.8284711521119,25.49085605852187,3,"[238.6009182278067, 213.45215331576765, 264.43234191276133]",0.6310695223510265,0.1317968150758087,3,"[0.671019708737731, 0.7382690627127886, 0.48391979560256004]"
ortholog_mixtures,cgre_pplu,CNN_Jannis,3,14709,4903,4904,0.8600794014294509,0.007920356712579466,3,"[0.8510226196984504, 0.8657091909340753, 0.8635063936558269]",0.9135605998969488,0.00464715129678026,3,"[0.9081973572852634, 0.9160914342958075, 0.9163930081097755]",0.31641439226627655,0.009051156039663676,3,"[0.32686189624972734, 0.3109443253517888, 0.31143695519731357]",0.8315807532991739,0.009709401696345361,3,"[0.8203732528941519, 0.8374422481516117, 0.8369267588517584]",1847.7678259930883,235.29717064402047,3,"[1581.658276620321, 1933.3458767766133, 2028.2993245823309]",11.724738793137172,0.2563893302718055,3,"[11.947153500281274, 11.782748052850366, 11.444314826279879]"
ortholog_mixtures,amac_pplu,aubin_1_10_1,3,14709,4903,4904,-0.07523624921304639,0.39517838045157644,3,"[-0.16723398898146, -0.41630102304193534, 0.35782626438425613]",-0.09719540774419078,0.43642590211829696,3,"[-0.22914366034438927, -0.4524217230589894, 0.38997916017080636]",1.3992108628784041,0.4087222071008814,3,"[1.3171793952499853, 1.0377257006483167, 1.8427274927369097]",-2.478856732140773,2.0090808519817216,3,"[-1.9169720664973813, -0.8105376441454168, -4.70906048577952]",89.48193957936019,3.628032972616409,3,"[93.6202821135521, 86.84866366535425, 87.97687295917422]",0.46773337945342064,0.0740326567444357,3,"[0.4154758099466562, 0.5524513619020581, 0.43527296651154757]"
ortholog_mixtures,amac_pplu,mlp_small,3,14709,4903,4904,0.37254272824679274,0.010910875203187053,3,"[0.3846019145016038, 0.3633541451141238, 0.3696721251246507]",0.3654576189235426,0.032676722631920736,3,"[0.397291290807797, 0.3670830520118946, 0.3319985139509364]",3.347001416388025,0.18010183606954291,3,"[3.200779553943562, 3.548178918436038, 3.292045776784475]",-17.87086173277934,2.0497197809974126,3,"[-16.224790238834988, -20.16671371344462, -17.22108124605841]",188.86613251113644,15.526693565551351,3,"[198.515820838511, 197.12719104718417, 170.95538564771414]",0.5181056847795844,0.05641004347369457,3,"[0.5465699825435877, 0.554612385109067, 0.4531346866860986]"
ortholog_mixtures,amac_pplu,mlp_deep,3,14709,4903,4904,0.2905749547189011,0.09523023480732806,3,"[0.36291029863187235, 0.18268213977055403, 0.3261324257542768]",0.28399429435947315,0.08565832273938598,3,"[0.36903508880570296, 0.19773151820596196, 0.28521627606675465]",2.9860269215954127,0.15070505375733226,3,"[2.902961967925494, 2.8951314054233763, 3.159987391437369]",-14.016430989402076,1.5351720830871678,3,"[-13.168540167293427, -13.09220571763166, -15.788547083281145]",294.4833762822673,47.26157160436816,3,"[313.492099808529, 329.2809046925977, 240.6771243456751]",0.5647690019880732,0.07424258921466687,3,"[0.6375591726973653, 0.5675932401791215, 0.4891545930877328]"
ortholog_mixtures,amac_pplu,CNN_Jannis,3,14709,4903,4904,-0.08396891641016024,0.10695077048623426,3,"[-0.191330809805473, -0.0831418739441619, 0.022565934519154174]",-0.10116089364345832,0.12392160264707006,3,"[-0.22451293475344752, -0.10229226969203237, 0.023322523515104967]",1.1224177169185972,0.005485289285259826,3,"[1.116123089535247, 1.126174660105596, 1.124955401114949]",-1.1181580117115224,0.020675085387122802,3,"[-1.094433610708954, -1.1323275382770683, -1.1277128861485446]",2180.6097932280973,91.89101175734002,3,"[2251.0838216962293, 2214.067877257243, 2076.6776807308197]",11.943947646766901,0.8485759091367793,3,"[11.5177999176085, 11.392901325598359, 12.921141697093844]"
ortholog_mixtures,cgre_amac_pplu,aubin_1_10_1,3,14709,4903,4904,0.793987568430143,0.006227930239505874,3,"[0.7957572502353065, 0.7991391407671852, 0.7870663142879374]",0.8277562032289668,0.013329668140591808,3,"[0.835943708490483, 0.8349497718452004, 0.8123751293512169]",0.4386209453186651,0.016905462959015894,3,"[0.4290945636809749, 0.4286284349502243, 0.45813983732479596]",0.6762192439933502,0.025211005571175456,3,"[0.6904374337891734, 0.6911096288871816, 0.6471106693036959]",88.94329982157797,2.8136870287357514,3,"[85.73354714084417, 90.98400926310569, 90.11234306078404]",0.4678427043060462,0.08442633283446101,3,"[0.44094356056302786, 0.40014344546943903, 0.5624411068856716]"
ortholog_mixtures,cgre_amac_pplu,mlp_small,3,14709,4903,4904,0.8532212912791585,0.0038208496396590396,3,"[0.8489851111501262, 0.8564070776510003, 0.8542716850363486]",0.8903462398132281,0.001509319452522538,3,"[0.8886183292275733, 0.89140714425114, 0.8910132459609711]",0.3538543893255335,0.00422575900051467,3,"[0.3587123151317229, 0.35182223465899637, 0.3510286181858812]",0.789460844530346,0.005044725451288109,3,"[0.7836609156160605, 0.7918919024714322, 0.7928297155035454]",201.9029870421315,9.0863453577243,3,"[192.61819707695395, 202.3138127606362, 210.7769512888044]",0.7683575296153625,0.17308408161239291,3,"[0.9651441965252161, 0.7002025013789535, 0.6397258909419179]"
ortholog_mixtures,cgre_amac_pplu,mlp_deep,3,14709,4903,4904,0.8559013311509296,0.0022539026942101064,3,"[0.8539846404183349, 0.8553349470882277, 0.8583844059462263]",0.9031004379730518,0.0020310604087097365,3,"[0.9054444376090587, 0.9018616873975387, 0.9019951889125583]",0.3363292428528358,0.001980420808646845,3,"[0.33845173856197774, 0.3345308887964004, 0.33600510120012933]",0.8098126131619184,0.002241302314713456,3,"[0.8074090337244008, 0.8118453905349758, 0.8101834152263785]",265.8770111190776,15.512797552199894,3,"[249.01929611619562, 269.060873715207, 279.5508635258302]",0.48380573404332,0.011786095681731057,3,"[0.4929429776966572, 0.48797182086855173, 0.47050240356475115]"
ortholog_mixtures,cgre_amac_pplu,CNN_Jannis,3,14709,4903,4904,0.8512836711230474,0.006219438592992356,3,"[0.8564288488154103, 0.8530500656021984, 0.8443720989515338]",0.901048325243181,0.004048972107940789,3,"[0.9056245905892982, 0.8995893618787242, 0.8979310232615205]",0.33652952509060247,0.005444097675359385,3,"[0.33025116585010966, 0.33939511115401205, 0.3399422982676856]",0.8095572156735235,0.006132136983450465,3,"[0.8166287977713221, 0.8063339129593998, 0.8057089362898484]",1979.4620230632524,458.37865677280644,3,"[2396.739384974353, 2052.8174828486517, 1488.8292013667524]",9.88974430349966,0.8855132926568956,3,"[10.833207258954644, 9.759395353496075, 9.076630298048258]"
peak_transfer,artificial_to_artificial,aubin_1_10_1,3,14709,4903,5382,0.7593610512792909,0.001014564800298361,3,"[0.7597163255700183, 0.758216627255776, 0.7601502010120786]",0.8270282865611427,0.01017263343420849,3,"[0.8312512780760194, 0.8344092735129716, 0.8154243080944372]",0.3844508022923856,0.012078617285731648,3,"[0.37924274407917047, 0.37584991762105646, 0.39825974517692997]",0.6789110281215268,0.02032948764062955,3,"[0.687756999383893, 0.6933188593087813, 0.6556572256719061]",102.9231578418985,19.63215031488962,3,"[87.43321069329977, 96.33399457484484, 125.0022682575509]",0.8361124517396092,0.35210932214734175,3,"[0.7574760960415006, 0.529969752766192, 1.2208915064111352]"
peak_transfer,artificial_to_natural,aubin_1_10_1,3,14709,4903,4904,0.8425553308468169,0.003496107802989013,3,"[0.8386965985292955, 0.845512027744146, 0.8434573662670091]",0.8750766431249314,0.018275731842313046,3,"[0.8540056960450513, 0.8846052570719762, 0.8866189762577665]",1.2735155715447504,0.08175060425375567,3,"[1.3584660117341585, 1.266687628058134, 1.1953930748419586]",-1.7342761122051804,0.35153525241043526,3,"[-2.1027012990034715, -1.6976243367312271, -1.4025027008808428]",102.9231578418985,19.63215031488962,3,"[87.43321069329977, 96.33399457484484, 125.0022682575509]",0.8361124517396092,0.35210932214734175,3,"[0.7574760960415006, 0.529969752766192, 1.2208915064111352]"
peak_transfer,artificial_to_artificial,mlp_small,3,14709,4903,5382,0.802862817118433,0.005128076925352322,3,"[0.7985733065098695, 0.8014724278702815, 0.8085427169751477]",0.8649246412632253,0.0012291949985085199,3,"[0.8638344569451275, 0.8662568445699456, 0.8646826222746026]",0.3448037801664498,0.006629471386241801,3,"[0.35227150030705506, 0.3396122652031093, 0.3425275749891849]",0.7418279607457409,0.009968600868915987,3,"[0.7305903366447395, 0.7496054429209245, 0.7452881026715583]",165.66350652587911,7.047891833637883,3,"[163.02379444614053, 160.3165252795443, 173.6501998519525]",0.7223938886697093,0.033919054892582026,3,"[0.6991770481690764, 0.7066849879920483, 0.7613196298480034]"
peak_transfer,artificial_to_natural,mlp_small,3,14709,4903,4904,0.7940748541191143,0.06585878841230894,3,"[0.7180832572672322, 0.8295531305366014, 0.8345881745535092]",0.7542901019844906,0.08861791757009299,3,"[0.6519977926529651, 0.8031237032611563, 0.8077488100393503]",1.5852460183658676,0.08177612425988531,3,"[1.6792000834488305, 1.530095263309033, 1.5464427083397396]",-3.2325835301670427,0.44211367054201245,3,"[-3.740752773438831, -2.93621992055172, -3.0207778965105767]",165.66350652587911,7.047891833637883,3,"[163.02379444614053, 160.3165252795443, 173.6501998519525]",0.7223938886697093,0.033919054892582026,3,"[0.6991770481690764, 0.7066849879920483, 0.7613196298480034]"
peak_transfer,artificial_to_artificial,mlp_deep,3,14709,4903,5382,0.8008748160759911,0.0012615383414063509,3,"[0.8004246652864853, 0.7999000989108117, 0.8022996840306762]",0.8668548093121856,0.0018951614352405626,3,"[0.8652995444136428, 0.8689656709942386, 0.8662992125286753]",0.3415385546922572,0.0002996512650145557,3,"[0.3417793927299302, 0.3416332836697679, 0.3412029876770736]",0.746756768586336,0.0004442860570692336,3,"[0.7463996207207313, 0.7466164002797334, 0.7472542847585433]",238.3638570168987,43.896493222051156,3,"[280.6770828096196, 241.3753079539165, 193.03918028715998]",0.8267408764610688,0.08275619517861309,3,"[0.8909734394401312, 0.7333528948947787, 0.8558962950482965]"
peak_transfer,artificial_to_natural,mlp_deep,3,14709,4903,4904,0.6072316913126095,0.1252971677472055,3,"[0.4933719758984652, 0.5868546660801338, 0.7414684319592292]",0.5655277194037885,0.12817946132035446,3,"[0.45716034309488096, 0.5324052902564235, 0.7070175248600612]",1.6375140284329106,0.10497130333263076,3,"[1.6799425320526091, 1.7146300419730345, 1.5179695112730884]",-3.5206472333019074,0.56862607640104,3,"[-3.7449458930487323, -3.9429164642869994, -2.8740793425699906]",238.3638570168987,43.896493222051156,3,"[280.6770828096196, 241.3753079539165, 193.03918028715998]",0.8267408764610688,0.08275619517861309,3,"[0.8909734394401312, 0.7333528948947787, 0.8558962950482965]"
peak_transfer,artificial_to_artificial,CNN_Jannis,3,14709,4903,5382,0.8018000986209858,0.0024363334446110127,3,"[0.8014220150302018, 0.8044033711949312, 0.7995749096378242]",0.8688010642880878,0.0021024509045699325,3,"[0.8686211105351096, 0.8667943742164856, 0.8709877081126683]",0.33899885785447564,0.0022175805536108523,3,"[0.33828640389651515, 0.3414851013897514, 0.3372250682771605]",0.7505020333931575,0.0032687340205934737,3,"[0.7515567293717148, 0.7468361611659611, 0.7531132096417963]",1927.7387577140082,387.34861741430456,3,"[1664.1894932575524, 1746.5512671284378, 2372.4755127560347]",15.267546485178173,2.5332189414849893,3,"[14.393060676753521, 13.287424267269671, 18.122154511511326]"
peak_transfer,artificial_to_natural,CNN_Jannis,3,14709,4903,4904,0.8235654373393988,0.008826697935169195,3,"[0.833234857710432, 0.8159401485929193, 0.821521305714845]",0.8541429887388382,0.014531205419190828,3,"[0.870409767548271, 0.8495732858114178, 0.8424459128568259]",1.3225661813581413,0.01144851357817583,3,"[1.3312306989597178, 1.3095873588353504, 1.3268804862793562]",-1.9410264786456917,0.05080737236474428,3,"[-1.979538913381131, -1.883442942500484, -1.9600975800554594]",1927.7387577140082,387.34861741430456,3,"[1664.1894932575524, 1746.5512671284378, 2372.4755127560347]",15.267546485178173,2.5332189414849893,3,"[14.393060676753521, 13.287424267269671, 18.122154511511326]"
