filename_stem,distribution,dotplot
amacGFP_to_cgreGFP__iterative_fancy__round01__96_target,results/target_adaptation_diagnostic_atlas/distributions/amacGFP_to_cgreGFP__iterative_fancy__round01__96_target.png,results/target_adaptation_diagnostic_atlas/dotplots/amacGFP_to_cgreGFP__iterative_fancy__round01__96_target.png
amacGFP_to_cgreGFP__iterative_fancy__round10__960_target,results/target_adaptation_diagnostic_atlas/distributions/amacGFP_to_cgreGFP__iterative_fancy__round10__960_target.png,results/target_adaptation_diagnostic_atlas/dotplots/amacGFP_to_cgreGFP__iterative_fancy__round10__960_target.png
amacGFP_to_cgreGFP__iterative_random__round01__96_target,results/target_adaptation_diagnostic_atlas/distributions/amacGFP_to_cgreGFP__iterative_random__round01__96_target.png,results/target_adaptation_diagnostic_atlas/dotplots/amacGFP_to_cgreGFP__iterative_random__round01__96_target.png
amacGFP_to_cgreGFP__iterative_random__round10__960_target,results/target_adaptation_diagnostic_atlas/distributions/amacGFP_to_cgreGFP__iterative_random__round10__960_target.png,results/target_adaptation_diagnostic_atlas/dotplots/amacGFP_to_cgreGFP__iterative_random__round10__960_target.png
amacGFP_to_cgreGFP__oneshot_fancy__960_target,results/target_adaptation_diagnostic_atlas/distributions/amacGFP_to_cgreGFP__oneshot_fancy__960_target.png,results/target_adaptation_diagnostic_atlas/dotplots/amacGFP_to_cgreGFP__oneshot_fancy__960_target.png
amacGFP_to_cgreGFP__oneshot_random__960_target__no_al,results/target_adaptation_diagnostic_atlas/distributions/amacGFP_to_cgreGFP__oneshot_random__960_target__no_al.png,results/target_adaptation_diagnostic_atlas/dotplots/amacGFP_to_cgreGFP__oneshot_random__960_target__no_al.png
amacGFP_to_cgreGFP__source_only__0_target,results/target_adaptation_diagnostic_atlas/distributions/amacGFP_to_cgreGFP__source_only__0_target.png,results/target_adaptation_diagnostic_atlas/dotplots/amacGFP_to_cgreGFP__source_only__0_target.png
amacGFP_to_ppluGFP__iterative_fancy__round01__96_target,results/target_adaptation_diagnostic_atlas/distributions/amacGFP_to_ppluGFP__iterative_fancy__round01__96_target.png,results/target_adaptation_diagnostic_atlas/dotplots/amacGFP_to_ppluGFP__iterative_fancy__round01__96_target.png
amacGFP_to_ppluGFP__iterative_fancy__round10__960_target,results/target_adaptation_diagnostic_atlas/distributions/amacGFP_to_ppluGFP__iterative_fancy__round10__960_target.png,results/target_adaptation_diagnostic_atlas/dotplots/amacGFP_to_ppluGFP__iterative_fancy__round10__960_target.png
amacGFP_to_ppluGFP__iterative_random__round01__96_target,results/target_adaptation_diagnostic_atlas/distributions/amacGFP_to_ppluGFP__iterative_random__round01__96_target.png,results/target_adaptation_diagnostic_atlas/dotplots/amacGFP_to_ppluGFP__iterative_random__round01__96_target.png
amacGFP_to_ppluGFP__iterative_random__round10__960_target,results/target_adaptation_diagnostic_atlas/distributions/amacGFP_to_ppluGFP__iterative_random__round10__960_target.png,results/target_adaptation_diagnostic_atlas/dotplots/amacGFP_to_ppluGFP__iterative_random__round10__960_target.png
amacGFP_to_ppluGFP__oneshot_fancy__960_target,results/target_adaptation_diagnostic_atlas/distributions/amacGFP_to_ppluGFP__oneshot_fancy__960_target.png,results/target_adaptation_diagnostic_atlas/dotplots/amacGFP_to_ppluGFP__oneshot_fancy__960_target.png
amacGFP_to_ppluGFP__oneshot_random__960_target__no_al,results/target_adaptation_diagnostic_atlas/distributions/amacGFP_to_ppluGFP__oneshot_random__960_target__no_al.png,results/target_adaptation_diagnostic_atlas/dotplots/amacGFP_to_ppluGFP__oneshot_random__960_target__no_al.png
amacGFP_to_ppluGFP__source_only__0_target,results/target_adaptation_diagnostic_atlas/distributions/amacGFP_to_ppluGFP__source_only__0_target.png,results/target_adaptation_diagnostic_atlas/dotplots/amacGFP_to_ppluGFP__source_only__0_target.png
artificial_to_cgreGFP__iterative_fancy__round01__96_target,results/target_adaptation_diagnostic_atlas/distributions/artificial_to_cgreGFP__iterative_fancy__round01__96_target.png,results/target_adaptation_diagnostic_atlas/dotplots/artificial_to_cgreGFP__iterative_fancy__round01__96_target.png
artificial_to_cgreGFP__iterative_fancy__round10__960_target,results/target_adaptation_diagnostic_atlas/distributions/artificial_to_cgreGFP__iterative_fancy__round10__960_target.png,results/target_adaptation_diagnostic_atlas/dotplots/artificial_to_cgreGFP__iterative_fancy__round10__960_target.png
artificial_to_cgreGFP__iterative_random__round01__96_target,results/target_adaptation_diagnostic_atlas/distributions/artificial_to_cgreGFP__iterative_random__round01__96_target.png,results/target_adaptation_diagnostic_atlas/dotplots/artificial_to_cgreGFP__iterative_random__round01__96_target.png
artificial_to_cgreGFP__iterative_random__round10__960_target,results/target_adaptation_diagnostic_atlas/distributions/artificial_to_cgreGFP__iterative_random__round10__960_target.png,results/target_adaptation_diagnostic_atlas/dotplots/artificial_to_cgreGFP__iterative_random__round10__960_target.png
artificial_to_cgreGFP__oneshot_fancy__960_target,results/target_adaptation_diagnostic_atlas/distributions/artificial_to_cgreGFP__oneshot_fancy__960_target.png,results/target_adaptation_diagnostic_atlas/dotplots/artificial_to_cgreGFP__oneshot_fancy__960_target.png
artificial_to_cgreGFP__oneshot_random__960_target__no_al,results/target_adaptation_diagnostic_atlas/distributions/artificial_to_cgreGFP__oneshot_random__960_target__no_al.png,results/target_adaptation_diagnostic_atlas/dotplots/artificial_to_cgreGFP__oneshot_random__960_target__no_al.png
artificial_to_cgreGFP__source_only__0_target,results/target_adaptation_diagnostic_atlas/distributions/artificial_to_cgreGFP__source_only__0_target.png,results/target_adaptation_diagnostic_atlas/dotplots/artificial_to_cgreGFP__source_only__0_target.png
cgreGFP_to_amacGFP__iterative_fancy__round01__96_target,results/target_adaptation_diagnostic_atlas/distributions/cgreGFP_to_amacGFP__iterative_fancy__round01__96_target.png,results/target_adaptation_diagnostic_atlas/dotplots/cgreGFP_to_amacGFP__iterative_fancy__round01__96_target.png
cgreGFP_to_amacGFP__iterative_fancy__round10__960_target,results/target_adaptation_diagnostic_atlas/distributions/cgreGFP_to_amacGFP__iterative_fancy__round10__960_target.png,results/target_adaptation_diagnostic_atlas/dotplots/cgreGFP_to_amacGFP__iterative_fancy__round10__960_target.png
cgreGFP_to_amacGFP__iterative_random__round01__96_target,results/target_adaptation_diagnostic_atlas/distributions/cgreGFP_to_amacGFP__iterative_random__round01__96_target.png,results/target_adaptation_diagnostic_atlas/dotplots/cgreGFP_to_amacGFP__iterative_random__round01__96_target.png
cgreGFP_to_amacGFP__iterative_random__round10__960_target,results/target_adaptation_diagnostic_atlas/distributions/cgreGFP_to_amacGFP__iterative_random__round10__960_target.png,results/target_adaptation_diagnostic_atlas/dotplots/cgreGFP_to_amacGFP__iterative_random__round10__960_target.png
cgreGFP_to_amacGFP__oneshot_fancy__960_target,results/target_adaptation_diagnostic_atlas/distributions/cgreGFP_to_amacGFP__oneshot_fancy__960_target.png,results/target_adaptation_diagnostic_atlas/dotplots/cgreGFP_to_amacGFP__oneshot_fancy__960_target.png
cgreGFP_to_amacGFP__oneshot_random__960_target__no_al,results/target_adaptation_diagnostic_atlas/distributions/cgreGFP_to_amacGFP__oneshot_random__960_target__no_al.png,results/target_adaptation_diagnostic_atlas/dotplots/cgreGFP_to_amacGFP__oneshot_random__960_target__no_al.png
cgreGFP_to_amacGFP__source_only__0_target,results/target_adaptation_diagnostic_atlas/distributions/cgreGFP_to_amacGFP__source_only__0_target.png,results/target_adaptation_diagnostic_atlas/dotplots/cgreGFP_to_amacGFP__source_only__0_target.png
cgreGFP_to_artificial__iterative_fancy__round01__96_target,results/target_adaptation_diagnostic_atlas/distributions/cgreGFP_to_artificial__iterative_fancy__round01__96_target.png,results/target_adaptation_diagnostic_atlas/dotplots/cgreGFP_to_artificial__iterative_fancy__round01__96_target.png
cgreGFP_to_artificial__iterative_fancy__round10__960_target,results/target_adaptation_diagnostic_atlas/distributions/cgreGFP_to_artificial__iterative_fancy__round10__960_target.png,results/target_adaptation_diagnostic_atlas/dotplots/cgreGFP_to_artificial__iterative_fancy__round10__960_target.png
cgreGFP_to_artificial__iterative_random__round01__96_target,results/target_adaptation_diagnostic_atlas/distributions/cgreGFP_to_artificial__iterative_random__round01__96_target.png,results/target_adaptation_diagnostic_atlas/dotplots/cgreGFP_to_artificial__iterative_random__round01__96_target.png
cgreGFP_to_artificial__iterative_random__round10__960_target,results/target_adaptation_diagnostic_atlas/distributions/cgreGFP_to_artificial__iterative_random__round10__960_target.png,results/target_adaptation_diagnostic_atlas/dotplots/cgreGFP_to_artificial__iterative_random__round10__960_target.png
cgreGFP_to_artificial__oneshot_fancy__960_target,results/target_adaptation_diagnostic_atlas/distributions/cgreGFP_to_artificial__oneshot_fancy__960_target.png,results/target_adaptation_diagnostic_atlas/dotplots/cgreGFP_to_artificial__oneshot_fancy__960_target.png
cgreGFP_to_artificial__oneshot_random__960_target__no_al,results/target_adaptation_diagnostic_atlas/distributions/cgreGFP_to_artificial__oneshot_random__960_target__no_al.png,results/target_adaptation_diagnostic_atlas/dotplots/cgreGFP_to_artificial__oneshot_random__960_target__no_al.png
cgreGFP_to_artificial__source_only__0_target,results/target_adaptation_diagnostic_atlas/distributions/cgreGFP_to_artificial__source_only__0_target.png,results/target_adaptation_diagnostic_atlas/dotplots/cgreGFP_to_artificial__source_only__0_target.png
cgreGFP_to_ppluGFP__iterative_fancy__round01__96_target,results/target_adaptation_diagnostic_atlas/distributions/cgreGFP_to_ppluGFP__iterative_fancy__round01__96_target.png,results/target_adaptation_diagnostic_atlas/dotplots/cgreGFP_to_ppluGFP__iterative_fancy__round01__96_target.png
cgreGFP_to_ppluGFP__iterative_fancy__round10__960_target,results/target_adaptation_diagnostic_atlas/distributions/cgreGFP_to_ppluGFP__iterative_fancy__round10__960_target.png,results/target_adaptation_diagnostic_atlas/dotplots/cgreGFP_to_ppluGFP__iterative_fancy__round10__960_target.png
cgreGFP_to_ppluGFP__iterative_random__round01__96_target,results/target_adaptation_diagnostic_atlas/distributions/cgreGFP_to_ppluGFP__iterative_random__round01__96_target.png,results/target_adaptation_diagnostic_atlas/dotplots/cgreGFP_to_ppluGFP__iterative_random__round01__96_target.png
cgreGFP_to_ppluGFP__iterative_random__round10__960_target,results/target_adaptation_diagnostic_atlas/distributions/cgreGFP_to_ppluGFP__iterative_random__round10__960_target.png,results/target_adaptation_diagnostic_atlas/dotplots/cgreGFP_to_ppluGFP__iterative_random__round10__960_target.png
cgreGFP_to_ppluGFP__oneshot_fancy__960_target,results/target_adaptation_diagnostic_atlas/distributions/cgreGFP_to_ppluGFP__oneshot_fancy__960_target.png,results/target_adaptation_diagnostic_atlas/dotplots/cgreGFP_to_ppluGFP__oneshot_fancy__960_target.png
cgreGFP_to_ppluGFP__oneshot_random__960_target__no_al,results/target_adaptation_diagnostic_atlas/distributions/cgreGFP_to_ppluGFP__oneshot_random__960_target__no_al.png,results/target_adaptation_diagnostic_atlas/dotplots/cgreGFP_to_ppluGFP__oneshot_random__960_target__no_al.png
cgreGFP_to_ppluGFP__source_only__0_target,results/target_adaptation_diagnostic_atlas/distributions/cgreGFP_to_ppluGFP__source_only__0_target.png,results/target_adaptation_diagnostic_atlas/dotplots/cgreGFP_to_ppluGFP__source_only__0_target.png
ppluGFP_to_amacGFP__iterative_fancy__round01__96_target,results/target_adaptation_diagnostic_atlas/distributions/ppluGFP_to_amacGFP__iterative_fancy__round01__96_target.png,results/target_adaptation_diagnostic_atlas/dotplots/ppluGFP_to_amacGFP__iterative_fancy__round01__96_target.png
ppluGFP_to_amacGFP__iterative_fancy__round10__960_target,results/target_adaptation_diagnostic_atlas/distributions/ppluGFP_to_amacGFP__iterative_fancy__round10__960_target.png,results/target_adaptation_diagnostic_atlas/dotplots/ppluGFP_to_amacGFP__iterative_fancy__round10__960_target.png
ppluGFP_to_amacGFP__iterative_random__round01__96_target,results/target_adaptation_diagnostic_atlas/distributions/ppluGFP_to_amacGFP__iterative_random__round01__96_target.png,results/target_adaptation_diagnostic_atlas/dotplots/ppluGFP_to_amacGFP__iterative_random__round01__96_target.png
ppluGFP_to_amacGFP__iterative_random__round10__960_target,results/target_adaptation_diagnostic_atlas/distributions/ppluGFP_to_amacGFP__iterative_random__round10__960_target.png,results/target_adaptation_diagnostic_atlas/dotplots/ppluGFP_to_amacGFP__iterative_random__round10__960_target.png
ppluGFP_to_amacGFP__oneshot_fancy__960_target,results/target_adaptation_diagnostic_atlas/distributions/ppluGFP_to_amacGFP__oneshot_fancy__960_target.png,results/target_adaptation_diagnostic_atlas/dotplots/ppluGFP_to_amacGFP__oneshot_fancy__960_target.png
ppluGFP_to_amacGFP__oneshot_random__960_target__no_al,results/target_adaptation_diagnostic_atlas/distributions/ppluGFP_to_amacGFP__oneshot_random__960_target__no_al.png,results/target_adaptation_diagnostic_atlas/dotplots/ppluGFP_to_amacGFP__oneshot_random__960_target__no_al.png
ppluGFP_to_amacGFP__source_only__0_target,results/target_adaptation_diagnostic_atlas/distributions/ppluGFP_to_amacGFP__source_only__0_target.png,results/target_adaptation_diagnostic_atlas/dotplots/ppluGFP_to_amacGFP__source_only__0_target.png
ppluGFP_to_cgreGFP__iterative_fancy__round01__96_target,results/target_adaptation_diagnostic_atlas/distributions/ppluGFP_to_cgreGFP__iterative_fancy__round01__96_target.png,results/target_adaptation_diagnostic_atlas/dotplots/ppluGFP_to_cgreGFP__iterative_fancy__round01__96_target.png
ppluGFP_to_cgreGFP__iterative_fancy__round10__960_target,results/target_adaptation_diagnostic_atlas/distributions/ppluGFP_to_cgreGFP__iterative_fancy__round10__960_target.png,results/target_adaptation_diagnostic_atlas/dotplots/ppluGFP_to_cgreGFP__iterative_fancy__round10__960_target.png
ppluGFP_to_cgreGFP__iterative_random__round01__96_target,results/target_adaptation_diagnostic_atlas/distributions/ppluGFP_to_cgreGFP__iterative_random__round01__96_target.png,results/target_adaptation_diagnostic_atlas/dotplots/ppluGFP_to_cgreGFP__iterative_random__round01__96_target.png
ppluGFP_to_cgreGFP__iterative_random__round10__960_target,results/target_adaptation_diagnostic_atlas/distributions/ppluGFP_to_cgreGFP__iterative_random__round10__960_target.png,results/target_adaptation_diagnostic_atlas/dotplots/ppluGFP_to_cgreGFP__iterative_random__round10__960_target.png
ppluGFP_to_cgreGFP__oneshot_fancy__960_target,results/target_adaptation_diagnostic_atlas/distributions/ppluGFP_to_cgreGFP__oneshot_fancy__960_target.png,results/target_adaptation_diagnostic_atlas/dotplots/ppluGFP_to_cgreGFP__oneshot_fancy__960_target.png
ppluGFP_to_cgreGFP__oneshot_random__960_target__no_al,results/target_adaptation_diagnostic_atlas/distributions/ppluGFP_to_cgreGFP__oneshot_random__960_target__no_al.png,results/target_adaptation_diagnostic_atlas/dotplots/ppluGFP_to_cgreGFP__oneshot_random__960_target__no_al.png
ppluGFP_to_cgreGFP__source_only__0_target,results/target_adaptation_diagnostic_atlas/distributions/ppluGFP_to_cgreGFP__source_only__0_target.png,results/target_adaptation_diagnostic_atlas/dotplots/ppluGFP_to_cgreGFP__source_only__0_target.png
