arm,round,n_target,n,mse,rmse,r2,spearman,kendall_tau,pearson,pair,seed,model
source_only,0,0,5382,1.4132142665987064,1.1887868886384583,-2.0680763587274646,0.75384293339979,0.5600011347789356,0.7663207612316113,cgreGFP_to_artificial,42,CNN_Jannis_OHE
oneshot_fancy,1,960,5382,0.4160857455629631,0.6450470878648807,0.09668132473805957,0.36857434570914477,0.27520635405941235,0.45179634902730054,cgreGFP_to_artificial,42,CNN_Jannis_OHE
oneshot_random,1,960,5382,0.134286412009163,0.36645110452714286,0.7084653221232731,0.7824396070832664,0.5898180106986464,0.8475865338607423,cgreGFP_to_artificial,42,CNN_Jannis_OHE
iterative_fancy,1,96,5382,0.7782311072681389,0.8821740799117479,-0.6895332280944724,0.2659511648134557,0.19206692793469335,0.23487188325451355,cgreGFP_to_artificial,42,CNN_Jannis_OHE
iterative_fancy,2,192,5382,0.58303247259776,0.7635656308384762,-0.26575862402862827,0.55702760607008,0.3680151404038999,0.5855067651244351,cgreGFP_to_artificial,42,CNN_Jannis_OHE
iterative_fancy,3,288,5382,0.5832277745921494,0.7636935082820525,-0.26618262302578,0.6244736566951583,0.42183460559150276,0.6652775010416849,cgreGFP_to_artificial,42,CNN_Jannis_OHE
iterative_fancy,4,384,5382,0.511783666554428,0.7153905692378311,-0.11107806172775403,0.5899234737860685,0.39590132342756107,0.6411695859910813,cgreGFP_to_artificial,42,CNN_Jannis_OHE
iterative_fancy,5,480,5382,0.6025214149865957,0.776222529295946,-0.30806895503292697,0.4628139918232172,0.30165216161458414,0.5358598717416795,cgreGFP_to_artificial,42,CNN_Jannis_OHE
iterative_fancy,6,576,5382,0.5196698805705856,0.7208813221124443,-0.12819896643038753,0.4522115411540851,0.29551871329470475,0.5583570161453467,cgreGFP_to_artificial,42,CNN_Jannis_OHE
iterative_fancy,7,672,5382,0.46496746265403394,0.6818852268923516,-0.009440474429783574,0.6019159022936355,0.40729640468381273,0.5785859682802288,cgreGFP_to_artificial,42,CNN_Jannis_OHE
iterative_fancy,8,768,5382,0.5142492303144767,0.7171117279158643,-0.1164307800394273,0.4811278892428668,0.31696639676238153,0.5612566735189592,cgreGFP_to_artificial,42,CNN_Jannis_OHE
iterative_fancy,9,864,5382,0.45859855713001024,0.6771990528123989,0.00438636622068278,0.6102894764586253,0.4135623007750561,0.632170682028705,cgreGFP_to_artificial,42,CNN_Jannis_OHE
iterative_fancy,10,960,5382,0.5347594678923974,0.7312724990674799,-0.16095833436149998,0.5903785159500851,0.39450489200111305,0.5895026105545869,cgreGFP_to_artificial,42,CNN_Jannis_OHE
iterative_random,1,96,5382,0.5360480964243715,0.7321530553268022,-0.1637559361318579,0.7257686790998102,0.5240173228890584,0.5690582817794464,cgreGFP_to_artificial,42,CNN_Jannis_OHE
iterative_random,2,192,5382,0.1898877346607587,0.4357610981498448,0.5877553154574693,0.7426731038171791,0.5441513966837805,0.7913882195127726,cgreGFP_to_artificial,42,CNN_Jannis_OHE
iterative_random,3,288,5382,0.15402044839685186,0.39245439021222817,0.6656228940963784,0.7631427958615733,0.5650769137301,0.8207213493795953,cgreGFP_to_artificial,42,CNN_Jannis_OHE
iterative_random,4,384,5382,0.17570586682112835,0.4191728364542821,0.6185440319810356,0.7561757178181231,0.5637379073512495,0.808931228753474,cgreGFP_to_artificial,42,CNN_Jannis_OHE
iterative_random,5,480,5382,0.14432728933674974,0.3799043160280622,0.6866666613838827,0.7720715603383219,0.5779892449081513,0.831975080306866,cgreGFP_to_artificial,42,CNN_Jannis_OHE
iterative_random,6,576,5382,0.15519855556796996,0.3939524788194256,0.6630652332765127,0.7701367654347494,0.5808517108899309,0.8289072014013533,cgreGFP_to_artificial,42,CNN_Jannis_OHE
iterative_random,7,672,5382,0.1528426170039241,0.39095091380366936,0.6681799562040982,0.7698940171611482,0.5738098864146697,0.8314474585024255,cgreGFP_to_artificial,42,CNN_Jannis_OHE
iterative_random,8,768,5382,0.16864946385196383,0.41066953119505206,0.6338634238376248,0.7573418126531731,0.56445148961373,0.8019760894711268,cgreGFP_to_artificial,42,CNN_Jannis_OHE
iterative_random,9,864,5382,0.13769050472563774,0.3710667119611213,0.7010750652930268,0.7761420990975425,0.584065993604084,0.8441979028024327,cgreGFP_to_artificial,42,CNN_Jannis_OHE
iterative_random,10,960,5382,0.13555123647047632,0.36817283505233833,0.7057193987913247,0.7663482065765391,0.572734038357534,0.8405987898158938,cgreGFP_to_artificial,42,CNN_Jannis_OHE
source_only,0,0,5382,1.1105615861536922,1.053831858577872,-1.4110199195693123,0.7353942535325589,0.523252181183677,0.7826995796534276,cgreGFP_to_artificial,43,CNN_Jannis_OHE
oneshot_fancy,1,960,5382,0.20316586537550346,0.45073924321663345,0.5589286046770514,0.746622336907289,0.5534134570033655,0.8155967545216143,cgreGFP_to_artificial,43,CNN_Jannis_OHE
oneshot_random,1,960,5382,0.14631107249957936,0.3825063038690727,0.6823598847212271,0.7917351148114754,0.6009881389961969,0.8462500420081301,cgreGFP_to_artificial,43,CNN_Jannis_OHE
iterative_fancy,1,96,5382,0.6269734377117088,0.791816542964157,-0.36115409195738235,0.6113265320675351,0.4105126235020034,0.3708603420739839,cgreGFP_to_artificial,43,CNN_Jannis_OHE
iterative_fancy,2,192,5382,0.6021395727938971,0.7759765285070787,-0.30723997882466736,0.5857875779823325,0.38507869558251023,0.2742007178823756,cgreGFP_to_artificial,43,CNN_Jannis_OHE
iterative_fancy,3,288,5382,0.5787361268640123,0.7607470846897886,-0.2564312933568569,0.7394938505354797,0.5300648452640044,0.5265890687591585,cgreGFP_to_artificial,43,CNN_Jannis_OHE
iterative_fancy,4,384,5382,0.5581439885749894,0.7470903483347843,-0.21172593327564715,0.6255894690510895,0.4247255632164834,0.703021063715868,cgreGFP_to_artificial,43,CNN_Jannis_OHE
iterative_fancy,5,480,5382,0.5530623844608324,0.7436816418742851,-0.2006938132245384,0.6259431682288454,0.4375270197882795,0.6972145963681318,cgreGFP_to_artificial,43,CNN_Jannis_OHE
iterative_fancy,6,576,5382,0.5660060004865648,0.7523337028782937,-0.22879429541155538,0.6018697904859316,0.4227412341780467,0.6732952126424239,cgreGFP_to_artificial,43,CNN_Jannis_OHE
iterative_fancy,7,672,5382,0.5695972505275272,0.75471666904046,-0.23659086922868355,0.5789028101631883,0.3963044857954074,0.6909761448695433,cgreGFP_to_artificial,43,CNN_Jannis_OHE
iterative_fancy,8,768,5382,0.5642341341351675,0.7511551997657792,-0.22494758837495676,0.614231605095018,0.43298592675420233,0.7220912082771285,cgreGFP_to_artificial,43,CNN_Jannis_OHE
iterative_fancy,9,864,5382,0.5906640517349127,0.7685467140876426,-0.28232671853761504,0.562230930963278,0.38685680881067497,0.6586478484555768,cgreGFP_to_artificial,43,CNN_Jannis_OHE
iterative_fancy,10,960,5382,0.5369266855046035,0.7327528133720154,-0.16566334568029362,0.6533063497049777,0.47202260657965883,0.7627014887602688,cgreGFP_to_artificial,43,CNN_Jannis_OHE
iterative_random,1,96,5382,0.5610906834541826,0.7490598664020003,-0.21812318322486757,0.6463166676228104,0.4507911876215618,0.6000177506439004,cgreGFP_to_artificial,43,CNN_Jannis_OHE
iterative_random,2,192,5382,0.20212567004515075,0.44958388543757966,0.5611868600435181,0.7248159989446722,0.5234989559117809,0.7816564738255262,cgreGFP_to_artificial,43,CNN_Jannis_OHE
iterative_random,3,288,5382,0.1747166209659244,0.4179911733110215,0.6206916764628772,0.7514926165009106,0.5493954539803935,0.7995639749642391,cgreGFP_to_artificial,43,CNN_Jannis_OHE
iterative_random,4,384,5382,0.16894025689344958,0.4110234262100514,0.6332321145755042,0.7518418844542573,0.5548961738410856,0.7982495126555036,cgreGFP_to_artificial,43,CNN_Jannis_OHE
iterative_random,5,480,5382,0.18560025399673655,0.4308134793582213,0.5970634001369759,0.7440948618321908,0.5484865439378428,0.7932092611293092,cgreGFP_to_artificial,43,CNN_Jannis_OHE
iterative_random,6,576,5382,0.1628973904804772,0.4036054886649551,0.6463511270414698,0.7594784108571204,0.5716594628047675,0.8215578128521304,cgreGFP_to_artificial,43,CNN_Jannis_OHE
iterative_random,7,672,5382,0.1422265751851749,0.37712938785670747,0.6912272942455953,0.7780877673894472,0.5833664242807184,0.8380870551760747,cgreGFP_to_artificial,43,CNN_Jannis_OHE
iterative_random,8,768,5382,0.17058820430910096,0.41302324911450317,0.6296544345124839,0.7488976197145462,0.5395913111196539,0.8086871344469289,cgreGFP_to_artificial,43,CNN_Jannis_OHE
iterative_random,9,864,5382,0.14115175581769196,0.37570168460853615,0.6935607181072247,0.7713698798630909,0.5800295083010493,0.8429333671885715,cgreGFP_to_artificial,43,CNN_Jannis_OHE
iterative_random,10,960,5382,0.14397674345651748,0.3794426747962299,0.6874276935594057,0.782194243317894,0.5869034066338752,0.8442735805694471,cgreGFP_to_artificial,43,CNN_Jannis_OHE
source_only,0,0,5382,1.2259345298905577,1.1072192781425718,-1.6614936159379496,0.7611440728206373,0.5551759223549585,0.8116214432783067,cgreGFP_to_artificial,44,CNN_Jannis_OHE
oneshot_fancy,1,960,5382,0.33693056625337625,0.5804572044977788,0.26852655730500286,0.6360026163389151,0.4507902702179515,0.7092140012742683,cgreGFP_to_artificial,44,CNN_Jannis_OHE
oneshot_random,1,960,5382,0.15411258229252603,0.392571754323367,0.6654228721790822,0.7596266942726453,0.5682246993940429,0.8387388275371781,cgreGFP_to_artificial,44,CNN_Jannis_OHE
iterative_fancy,1,96,5382,0.5802929108147675,0.761769591684236,-0.25981105829968754,0.3268101857894635,0.23477928584692578,0.4609695356244533,cgreGFP_to_artificial,44,CNN_Jannis_OHE
iterative_fancy,2,192,5382,0.48408608868072206,0.6957629543750674,-0.050946851707596386,0.3866799190312814,0.2519546619452845,0.5178786802656303,cgreGFP_to_artificial,44,CNN_Jannis_OHE
iterative_fancy,3,288,5382,0.4582729934750855,0.6769586349808129,0.005093162193907319,0.4584024881005505,0.3054356987410018,0.5829956187664906,cgreGFP_to_artificial,44,CNN_Jannis_OHE
iterative_fancy,4,384,5382,0.42672691608031654,0.6532433819644227,0.07357943250196153,0.4675077527441927,0.30447337156488735,0.6037156774050502,cgreGFP_to_artificial,44,CNN_Jannis_OHE
iterative_fancy,5,480,5382,0.4578775875503175,0.6766665261044893,0.0059515851511006135,0.5705569618887866,0.3840063767339283,0.6819166115001781,cgreGFP_to_artificial,44,CNN_Jannis_OHE
iterative_fancy,6,576,5382,0.40349088243966835,0.6352093217512385,0.12402466728935702,0.4750410172364751,0.3121381204499476,0.6248362648899766,cgreGFP_to_artificial,44,CNN_Jannis_OHE
iterative_fancy,7,672,5382,0.39045161017465085,0.6248612727435193,0.15233281837220392,0.6925804606345234,0.5053090832358584,0.6965557715087354,cgreGFP_to_artificial,44,CNN_Jannis_OHE
iterative_fancy,8,768,5382,0.39535505379239677,0.6287726566831582,0.14168748326943348,0.6818782376409361,0.4916573074778066,0.6775244162395336,cgreGFP_to_artificial,44,CNN_Jannis_OHE
iterative_fancy,9,864,5382,0.3195043853258988,0.5652471895780631,0.3063586504207757,0.6407251599052097,0.46063198527604815,0.6697778828705235,cgreGFP_to_artificial,44,CNN_Jannis_OHE
iterative_fancy,10,960,5382,0.27810935465416814,0.5273607443241942,0.39622691595874215,0.7012669163785427,0.5093232317267635,0.7467835556960383,cgreGFP_to_artificial,44,CNN_Jannis_OHE
iterative_random,1,96,5382,0.5571142356258255,0.7464008545184186,-0.2094903482314463,0.6439891721380823,0.4471167188930493,0.5710027860731444,cgreGFP_to_artificial,44,CNN_Jannis_OHE
iterative_random,2,192,5382,0.17420107745759436,0.41737402585402267,0.6218109171096686,0.7357154659832463,0.5360913924396628,0.7895336431862536,cgreGFP_to_artificial,44,CNN_Jannis_OHE
iterative_random,3,288,5382,0.1824683468254873,0.4271631384207763,0.6038627444239293,0.7312415383296609,0.5360670788147298,0.793309520589143,cgreGFP_to_artificial,44,CNN_Jannis_OHE
iterative_random,4,384,5382,0.1489946151941625,0.38599820620588704,0.6765339359649201,0.7617932939606872,0.562846414856668,0.8244628804438567,cgreGFP_to_artificial,44,CNN_Jannis_OHE
iterative_random,5,480,5382,0.1428688156146474,0.37797991430054506,0.6898329956421527,0.7719873140400665,0.5732587743720956,0.8318809852034068,cgreGFP_to_artificial,44,CNN_Jannis_OHE
iterative_random,6,576,5382,0.14262565906575933,0.3776581245859267,0.690360886477071,0.7628947205731416,0.563883286135574,0.8319882280684991,cgreGFP_to_artificial,44,CNN_Jannis_OHE
iterative_random,7,672,5382,0.14332758992440148,0.3785863044596324,0.6888370004508958,0.7717236052245201,0.5748253263789622,0.8353472286806913,cgreGFP_to_artificial,44,CNN_Jannis_OHE
iterative_random,8,768,5382,0.15196751710315506,0.38983011313026483,0.6700797907730884,0.7720120811665936,0.5790555508128403,0.825291491920895,cgreGFP_to_artificial,44,CNN_Jannis_OHE
iterative_random,9,864,5382,0.1649532477199272,0.4061443680760909,0.6418878781609896,0.7602427171673267,0.5659656043812079,0.8305405995948998,cgreGFP_to_artificial,44,CNN_Jannis_OHE
iterative_random,10,960,5382,0.14953700301016526,0.3867001461212101,0.6753564165505817,0.7733049268520172,0.58675604578853,0.833226749809698,cgreGFP_to_artificial,44,CNN_Jannis_OHE
source_only,0,0,5382,1.3910386298259878,1.1794230071632432,-2.019933236675736,0.7537805465489847,0.5557285433852936,0.7747451576982236,cgreGFP_to_artificial,45,CNN_Jannis_OHE
oneshot_fancy,1,960,5382,0.3778784285914539,0.6147181700514911,0.17962909048120046,0.43309267060562523,0.3154287704486553,0.525196634703285,cgreGFP_to_artificial,45,CNN_Jannis_OHE
oneshot_random,1,960,5382,0.13760112502198296,0.3709462562447328,0.7012691078824731,0.773451804009063,0.5862714881237385,0.8383959034041158,cgreGFP_to_artificial,45,CNN_Jannis_OHE
iterative_fancy,1,96,5382,0.734314982612514,0.8569218065917765,-0.5941916885930805,0.1958009511644984,0.14893374661041647,0.3089469326841576,cgreGFP_to_artificial,45,CNN_Jannis_OHE
iterative_fancy,2,192,5382,0.582625584710736,0.7632991449692158,-0.264875273827363,0.3565690711919826,0.26570197308225596,0.5103182905086792,cgreGFP_to_artificial,45,CNN_Jannis_OHE
iterative_fancy,3,288,5382,0.5235722025767549,0.7235828926783405,-0.13667087488350904,0.6194272531521515,0.42940316211413415,0.7038748075455175,cgreGFP_to_artificial,45,CNN_Jannis_OHE
iterative_fancy,4,384,5382,0.36611756783219707,0.6050764975044041,0.2051618208721876,0.6714152673543916,0.47252433431476437,0.7485215667177731,cgreGFP_to_artificial,45,CNN_Jannis_OHE
iterative_fancy,5,480,5382,0.31504624146329396,0.5612898016740496,0.3160372434777108,0.7296487205454841,0.5262124627090593,0.7882688436121227,cgreGFP_to_artificial,45,CNN_Jannis_OHE
iterative_fancy,6,576,5382,0.4009284999060049,0.633189150180264,0.12958757834917112,0.6858796529473333,0.48970244516059847,0.7421264842650488,cgreGFP_to_artificial,45,CNN_Jannis_OHE
iterative_fancy,7,672,5382,0.268061734389527,0.5177467859770131,0.41804021555810866,0.7285989675834486,0.5331482741502962,0.7612816080432149,cgreGFP_to_artificial,45,CNN_Jannis_OHE
iterative_fancy,8,768,5382,0.19523779851515718,0.4418572150764964,0.5761403715545408,0.7587776100214579,0.5549447895095011,0.8272859070083345,cgreGFP_to_artificial,45,CNN_Jannis_OHE
iterative_fancy,9,864,5382,0.18884051120820744,0.4345578341351211,0.5900288288184761,0.7753413808879756,0.5818702672384363,0.8418384600958579,cgreGFP_to_artificial,45,CNN_Jannis_OHE
iterative_fancy,10,960,5382,0.17337655054356838,0.4163850988490923,0.6236009581472148,0.7665708931571611,0.5640448279451742,0.8398454734806863,cgreGFP_to_artificial,45,CNN_Jannis_OHE
iterative_random,1,96,5382,0.18729386854806682,0.43277461633980663,0.5933865771041607,0.7375556417805156,0.5409068585916947,0.7757730102276058,cgreGFP_to_artificial,45,CNN_Jannis_OHE
iterative_random,2,192,5382,0.18276415446095087,0.42750924488360587,0.6032205485202032,0.738994864418031,0.538650627281727,0.7867338553376954,cgreGFP_to_artificial,45,CNN_Jannis_OHE
iterative_random,3,288,5382,0.16113911245123466,0.4014213652151996,0.6501683339442648,0.7628620686233286,0.5676408466119928,0.8253954269738154,cgreGFP_to_artificial,45,CNN_Jannis_OHE
iterative_random,4,384,5382,0.14934629708740926,0.386453486318094,0.6757704375146392,0.7697741147191546,0.569162885476402,0.8335300689460221,cgreGFP_to_artificial,45,CNN_Jannis_OHE
iterative_random,5,480,5382,0.13778474978579766,0.3711936823085728,0.7008704600552808,0.7776330128699181,0.5911942579556676,0.8424219872833472,cgreGFP_to_artificial,45,CNN_Jannis_OHE
iterative_random,6,576,5382,0.1660399977072109,0.4074800580485024,0.6395285530235091,0.7693941693317874,0.5784721128818845,0.8202855682691647,cgreGFP_to_artificial,45,CNN_Jannis_OHE
iterative_random,7,672,5382,0.13952011035818682,0.37352390868348284,0.6971030067597312,0.7763479579735292,0.5802686072512775,0.8440370933420882,cgreGFP_to_artificial,45,CNN_Jannis_OHE
iterative_random,8,768,5382,0.15186426380776058,0.3896976569184893,0.6703039528142225,0.7674844903445595,0.585081640062493,0.8331495651285836,cgreGFP_to_artificial,45,CNN_Jannis_OHE
iterative_random,9,864,5382,0.13921954626483274,0.37312135594848056,0.6977555288937749,0.7787821753236384,0.578623747653455,0.8396277060683828,cgreGFP_to_artificial,45,CNN_Jannis_OHE
iterative_random,10,960,5382,0.13563772102115787,0.3682902673451443,0.7055316415547805,0.779220049449558,0.5891348319952624,0.8462337137775221,cgreGFP_to_artificial,45,CNN_Jannis_OHE
source_only,0,0,5382,1.3177949597958918,1.147952507639533,-1.8609218413360775,0.7590894162796861,0.5553031429612257,0.8054750678188228,cgreGFP_to_artificial,46,CNN_Jannis_OHE
oneshot_fancy,1,960,5382,0.37425888174807304,0.6117670159039902,0.1874870964198263,0.5188696442969742,0.3708503027686187,0.5850724664048168,cgreGFP_to_artificial,46,CNN_Jannis_OHE
oneshot_random,1,960,5382,0.13476845572360183,0.3671082343445892,0.7074188092489708,0.7789126074503185,0.5781034022855989,0.8475563403841924,cgreGFP_to_artificial,46,CNN_Jannis_OHE
iterative_fancy,1,96,5382,0.5645156197098732,0.7513425448554562,-0.22555869120450556,0.6130089731423637,0.414379184386886,0.6649253037525891,cgreGFP_to_artificial,46,CNN_Jannis_OHE
iterative_fancy,2,192,5382,0.6294553306650226,0.793382209697837,-0.3665422608111266,0.619446925255077,0.42225588769832706,0.7312215971211183,cgreGFP_to_artificial,46,CNN_Jannis_OHE
iterative_fancy,3,288,5382,0.48100360166224515,0.6935442319436051,-0.04425479815917388,0.6832234759556357,0.47147691436812983,0.7674813800305724,cgreGFP_to_artificial,46,CNN_Jannis_OHE
iterative_fancy,4,384,5382,0.24165039542573835,0.49157949044456517,0.47537901165741747,0.7151579109967094,0.5150261230559204,0.7756282178140559,cgreGFP_to_artificial,46,CNN_Jannis_OHE
iterative_fancy,5,480,5382,0.2828975283971752,0.5318811224297918,0.3858318307904073,0.7072634713860634,0.5132223400977121,0.7348790676447525,cgreGFP_to_artificial,46,CNN_Jannis_OHE
iterative_fancy,6,576,5382,0.24114728269351304,0.4910674930124301,0.47647126519320315,0.732318337496155,0.5439745327418143,0.7645368547384417,cgreGFP_to_artificial,46,CNN_Jannis_OHE
iterative_fancy,7,672,5382,0.2010970885763487,0.4484385003279142,0.5634199018136469,0.7054635637842848,0.5204328502388462,0.7669947111571493,cgreGFP_to_artificial,46,CNN_Jannis_OHE
iterative_fancy,8,768,5382,0.23432473181052846,0.48407099872903814,0.4912829661256308,0.7059597368650417,0.5193933197889206,0.7478378414532165,cgreGFP_to_artificial,46,CNN_Jannis_OHE
iterative_fancy,9,864,5382,0.19289780900110426,0.43920133082802043,0.581220469227921,0.7201000140827596,0.5319670924021758,0.7634529076562566,cgreGFP_to_artificial,46,CNN_Jannis_OHE
iterative_fancy,10,960,5382,0.22571941709057544,0.4750993760157715,0.5099650324447322,0.7324211680884388,0.5492469474593393,0.7535722667637761,cgreGFP_to_artificial,46,CNN_Jannis_OHE
iterative_random,1,96,5382,0.5826348646310302,0.7633052237676814,-0.2648954204567442,0.724754203627887,0.5180856171779243,0.5451405318488817,cgreGFP_to_artificial,46,CNN_Jannis_OHE
iterative_random,2,192,5382,0.1726745156997513,0.41554123224988315,0.6251250699243356,0.7430666210173897,0.5450786299895792,0.7996904037591803,cgreGFP_to_artificial,46,CNN_Jannis_OHE
iterative_random,3,288,5382,0.17395589964116184,0.4170802076833206,0.6223431960995287,0.7519602102564683,0.5611806055046676,0.8016976287220743,cgreGFP_to_artificial,46,CNN_Jannis_OHE
iterative_random,4,384,5382,0.2157583325177705,0.46449793596718003,0.5315904637805354,0.7213815855475666,0.5207465789203389,0.7471176738912466,cgreGFP_to_artificial,46,CNN_Jannis_OHE
iterative_random,5,480,5382,0.16102497807349145,0.4012791772239016,0.6504161187242152,0.7554605916706841,0.5538005027588604,0.82302171143426,cgreGFP_to_artificial,46,CNN_Jannis_OHE
iterative_random,6,576,5382,0.14343310729691072,0.37872563591194974,0.6886079231172726,0.779111640096753,0.5864256181161798,0.8394833610757755,cgreGFP_to_artificial,46,CNN_Jannis_OHE
iterative_random,7,672,5382,0.15413525337696568,0.3926006283450979,0.6653736534442873,0.7632534864621541,0.56564469215013,0.8284482301870413,cgreGFP_to_artificial,46,CNN_Jannis_OHE
iterative_random,8,768,5382,0.1555674445625429,0.3944203906525915,0.662264378353099,0.7609251300258838,0.5728946524172206,0.8188940400665147,cgreGFP_to_artificial,46,CNN_Jannis_OHE
iterative_random,9,864,5382,0.1453447148382019,0.3812410193541638,0.68445783912561,0.7655022934060517,0.5712620672717363,0.834936124114211,cgreGFP_to_artificial,46,CNN_Jannis_OHE
iterative_random,10,960,5382,0.1317688486177016,0.3629997914843776,0.7139309312000414,0.7831742703306591,0.5926464931721881,0.848426698939035,cgreGFP_to_artificial,46,CNN_Jannis_OHE
source_only,0,0,4904,2.058906295043317,1.4348889486797634,-2.461616839914357,0.821993108767135,0.6378993874166843,0.815366173395082,artificial_to_cgreGFP,42,CNN_Jannis_OHE
oneshot_fancy,1,960,4904,0.305830417607808,0.5530193645866373,0.48581063339409747,0.8274270347378345,0.6280843250848424,0.8351302825980476,artificial_to_cgreGFP,42,CNN_Jannis_OHE
oneshot_random,1,960,4904,0.09438529041246835,0.3072218911673912,0.8413110341550859,0.851453626423671,0.6650206338507799,0.9206938558104227,artificial_to_cgreGFP,42,CNN_Jannis_OHE
iterative_fancy,1,96,4904,0.4799359183197939,0.6927740745147684,0.19308894196148574,0.7577156644096155,0.54119599254057,0.8467009859931204,artificial_to_cgreGFP,42,CNN_Jannis_OHE
iterative_fancy,2,192,4904,0.3117181415542721,0.558317240960972,0.47591166693267417,0.8408882016364212,0.6489647820661117,0.8649574430473252,artificial_to_cgreGFP,42,CNN_Jannis_OHE
iterative_fancy,3,288,4904,0.3304952300722677,0.5748871455096798,0.4443419515090352,0.8372220473098899,0.6415807161957534,0.8839144427910791,artificial_to_cgreGFP,42,CNN_Jannis_OHE
iterative_fancy,4,384,4904,0.30926720915592837,0.5561179813276391,0.4800323930113808,0.855359832341773,0.6681751852371812,0.8877186673361444,artificial_to_cgreGFP,42,CNN_Jannis_OHE
iterative_fancy,5,480,4904,0.29085828803777525,0.53931279239211,0.510983112575776,0.8567360362222829,0.6684609944356384,0.9015436765267403,artificial_to_cgreGFP,42,CNN_Jannis_OHE
iterative_fancy,6,576,4904,0.28261081877997596,0.5316115299539467,0.5248494932547829,0.860191414707926,0.6769717166200665,0.8842692039231326,artificial_to_cgreGFP,42,CNN_Jannis_OHE
iterative_fancy,7,672,4904,0.24250811516730703,0.49245112972487637,0.5922737342150974,0.8524333502348906,0.6658279253658668,0.87409012846507,artificial_to_cgreGFP,42,CNN_Jannis_OHE
iterative_fancy,8,768,4904,0.2164130361733015,0.4652021454951616,0.6361471077153928,0.8723768965729529,0.6950112848702856,0.9048955469879749,artificial_to_cgreGFP,42,CNN_Jannis_OHE
iterative_fancy,9,864,4904,0.15350882946392158,0.3918020284071046,0.7419072687148822,0.8764402625409228,0.7010539439569476,0.9096557364554831,artificial_to_cgreGFP,42,CNN_Jannis_OHE
iterative_fancy,10,960,4904,0.16309087945135747,0.40384511814723906,0.7257970719190094,0.871625111907099,0.6928580956691129,0.9034995786428903,artificial_to_cgreGFP,42,CNN_Jannis_OHE
iterative_random,1,96,4904,0.2516131043315061,0.5016105105871548,0.5769656146110598,0.8273705798521103,0.6302396264347166,0.8636409230759778,artificial_to_cgreGFP,42,CNN_Jannis_OHE
iterative_random,2,192,4904,0.11623893226644612,0.3409383115263612,0.8045687429506214,0.8288595101872562,0.6306567340640429,0.8992350274945471,artificial_to_cgreGFP,42,CNN_Jannis_OHE
iterative_random,3,288,4904,0.1602935068628179,0.40036671547821995,0.730500264134855,0.828423316721569,0.6317457216613434,0.8820441538072856,artificial_to_cgreGFP,42,CNN_Jannis_OHE
iterative_random,4,384,4904,0.10571758699156324,0.3251424103244042,0.8222581667334175,0.8470802511863548,0.6564062548108797,0.9074733889301048,artificial_to_cgreGFP,42,CNN_Jannis_OHE
iterative_random,5,480,4904,0.09959736437315947,0.315590501081955,0.8325480306922071,0.8495988952519897,0.6610177922155349,0.9129398758107145,artificial_to_cgreGFP,42,CNN_Jannis_OHE
iterative_random,6,576,4904,0.10414198710252086,0.32271037650271,0.8249072057508836,0.8476039361112924,0.6531861335503343,0.9163377445219788,artificial_to_cgreGFP,42,CNN_Jannis_OHE
iterative_random,7,672,4904,0.09485717213934201,0.30798891561116615,0.8405176645218363,0.8373041355138877,0.641730867254664,0.9176866836267428,artificial_to_cgreGFP,42,CNN_Jannis_OHE
iterative_random,8,768,4904,0.10350169262731447,0.32171678947066856,0.8259837259126872,0.8471036995859094,0.6589980939900916,0.9137562522625782,artificial_to_cgreGFP,42,CNN_Jannis_OHE
iterative_random,9,864,4904,0.0892795730342038,0.2987968758775831,0.8498952214485984,0.856733170187166,0.6678402433421701,0.9235082050346106,artificial_to_cgreGFP,42,CNN_Jannis_OHE
iterative_random,10,960,4904,0.09250321292613227,0.3041434084870693,0.8444753506353497,0.8643459387868867,0.6827244538389123,0.9192964631573323,artificial_to_cgreGFP,42,CNN_Jannis_OHE
source_only,0,0,4904,2.086616539325391,1.4445125611518201,-2.5082057733087013,0.8369520778568355,0.6549856266419802,0.8214084528908059,artificial_to_cgreGFP,43,CNN_Jannis_OHE
oneshot_fancy,1,960,4904,0.3029883347544829,0.5504437616636988,0.4905889964935677,0.8149138209977536,0.6110240130699467,0.8363871241597842,artificial_to_cgreGFP,43,CNN_Jannis_OHE
oneshot_random,1,960,4904,0.10376557139624125,0.3221266387560042,0.8255400693983467,0.8478321236836682,0.6580241900949998,0.9118733244725434,artificial_to_cgreGFP,43,CNN_Jannis_OHE
iterative_fancy,1,96,4904,0.3536972064334329,0.5947244794301247,0.40533272011056865,0.7167785762340633,0.4958108725680727,0.8032817054998427,artificial_to_cgreGFP,43,CNN_Jannis_OHE
iterative_fancy,2,192,4904,0.23634945883800154,0.4861578538273362,0.6026282163554906,0.8049031575584884,0.5932415580516742,0.8754523212963559,artificial_to_cgreGFP,43,CNN_Jannis_OHE
iterative_fancy,3,288,4904,0.20722917922008172,0.45522431747445313,0.6515878268783606,0.855177906378654,0.6684292525576289,0.9005054981916801,artificial_to_cgreGFP,43,CNN_Jannis_OHE
iterative_fancy,4,384,4904,0.19685606919509047,0.44368465061921003,0.6690280243420527,0.8229550768804266,0.6179362935146173,0.8982244504166632,artificial_to_cgreGFP,43,CNN_Jannis_OHE
iterative_fancy,5,480,4904,0.16517898541262765,0.40642217632977123,0.7222863619967269,0.8443487467909414,0.6488581480812958,0.9002438996807376,artificial_to_cgreGFP,43,CNN_Jannis_OHE
iterative_fancy,6,576,4904,0.2242279507409788,0.47352713833631416,0.6230079765489622,0.8166439558297229,0.6073521425061575,0.889225597140054,artificial_to_cgreGFP,43,CNN_Jannis_OHE
iterative_fancy,7,672,4904,0.20931438588691684,0.45750889159328567,0.64808199150839,0.8252389381655619,0.6193002877185015,0.9042974975686211,artificial_to_cgreGFP,43,CNN_Jannis_OHE
iterative_fancy,8,768,4904,0.16077507713333802,0.4009676759208129,0.7296906052581749,0.8450961625828819,0.649140271851917,0.9012229563988581,artificial_to_cgreGFP,43,CNN_Jannis_OHE
iterative_fancy,9,864,4904,0.19646749991602538,0.44324654529508223,0.6696813216597224,0.8072530045600755,0.594095655341429,0.899106546753394,artificial_to_cgreGFP,43,CNN_Jannis_OHE
iterative_fancy,10,960,4904,0.2809512102659016,0.5300483093699117,0.5276397750630495,0.8623008951289254,0.6801008208120718,0.8890988007059589,artificial_to_cgreGFP,43,CNN_Jannis_OHE
iterative_random,1,96,4904,0.2128904879570504,0.4614005721247541,0.6420695298548271,0.8354119239700376,0.6412906208486696,0.8359097304852772,artificial_to_cgreGFP,43,CNN_Jannis_OHE
iterative_random,2,192,4904,0.12265431694190147,0.35022038339008976,0.7937826262242078,0.858671914275656,0.6743504883415999,0.8979647061826223,artificial_to_cgreGFP,43,CNN_Jannis_OHE
iterative_random,3,288,4904,0.12398083771708353,0.35210912756854734,0.7915523612214144,0.8274775324833623,0.6273716806461901,0.8940216424820265,artificial_to_cgreGFP,43,CNN_Jannis_OHE
iterative_random,4,384,4904,0.14559328393241067,0.3815668800255214,0.7552155896301915,0.8180486012518666,0.6156811395496546,0.8876428193589245,artificial_to_cgreGFP,43,CNN_Jannis_OHE
iterative_random,5,480,4904,0.09313330844765486,0.3051775031807798,0.8434159778638408,0.856372053890991,0.6702275230626575,0.9188189423337876,artificial_to_cgreGFP,43,CNN_Jannis_OHE
iterative_random,6,576,4904,0.09788178977346529,0.31286065552169595,0.8354324076736791,0.8427943020985009,0.6507333447885032,0.9144101921240869,artificial_to_cgreGFP,43,CNN_Jannis_OHE
iterative_random,7,672,4904,0.09599807187896842,0.3098355561890346,0.8385994821544054,0.8549502487804054,0.6697864653736979,0.9167507680663104,artificial_to_cgreGFP,43,CNN_Jannis_OHE
iterative_random,8,768,4904,0.09513971397554657,0.30844726287575736,0.8400426299947475,0.8628018187652587,0.6779035760366491,0.92061059112946,artificial_to_cgreGFP,43,CNN_Jannis_OHE
iterative_random,9,864,4904,0.10185723359706428,0.3191508007150605,0.8287485370579868,0.8549070002013106,0.6706814998238806,0.9164940661714025,artificial_to_cgreGFP,43,CNN_Jannis_OHE
iterative_random,10,960,4904,0.10354572613393478,0.3217852173949804,0.8259096928552313,0.824480262879496,0.6188222957790677,0.9091489155716476,artificial_to_cgreGFP,43,CNN_Jannis_OHE
source_only,0,0,4904,2.0011028548395133,1.414603426702874,-2.3644325423597867,0.8312121806288687,0.6482818266683142,0.8362475318512371,artificial_to_cgreGFP,44,CNN_Jannis_OHE
oneshot_fancy,1,960,4904,0.3374805729688196,0.5809307815642235,0.4325975702025652,0.853368371909369,0.6673438063061321,0.8384368477110891,artificial_to_cgreGFP,44,CNN_Jannis_OHE
oneshot_random,1,960,4904,0.09455182856660418,0.30749281059336037,0.8410310353614386,0.8545995311957449,0.6715029342719296,0.9173267981401182,artificial_to_cgreGFP,44,CNN_Jannis_OHE
iterative_fancy,1,96,4904,0.49063165554363564,0.700451037220758,0.175106314884924,0.68014530509971,0.4626251548292692,0.7924846699915914,artificial_to_cgreGFP,44,CNN_Jannis_OHE
iterative_fancy,2,192,4904,0.23474609893904552,0.48450603601920744,0.6053239279767679,0.8439696985740772,0.6532563120848909,0.8704566541937839,artificial_to_cgreGFP,44,CNN_Jannis_OHE
iterative_fancy,3,288,4904,0.22308086796816953,0.47231437408591487,0.6249365543830734,0.828725046315074,0.6250047420738006,0.8727147323331534,artificial_to_cgreGFP,44,CNN_Jannis_OHE
iterative_fancy,4,384,4904,0.1757240924647389,0.4191945759009042,0.7045569877954012,0.8233276530979133,0.6155961132831534,0.901171152174594,artificial_to_cgreGFP,44,CNN_Jannis_OHE
iterative_fancy,5,480,4904,0.2077449407309319,0.45579045704241317,0.65072068263987,0.822930515864382,0.6155506654193356,0.889313251646519,artificial_to_cgreGFP,44,CNN_Jannis_OHE
iterative_fancy,6,576,4904,0.20097715270645955,0.4483047542759942,0.6620992912977213,0.8352466983823827,0.6331861725708088,0.9053156335903697,artificial_to_cgreGFP,44,CNN_Jannis_OHE
iterative_fancy,7,672,4904,0.23893139003113184,0.4888060863278319,0.5982872434228433,0.8310178170359974,0.6285811835380811,0.8833027260639904,artificial_to_cgreGFP,44,CNN_Jannis_OHE
iterative_fancy,8,768,4904,0.30856320477091403,0.5554846575477257,0.4812160279540716,0.8545147146182317,0.669234857852589,0.8698417501152371,artificial_to_cgreGFP,44,CNN_Jannis_OHE
iterative_fancy,9,864,4904,0.21459089776536985,0.4632395684366458,0.639210649272741,0.870118448407888,0.689154222688501,0.9100067694486271,artificial_to_cgreGFP,44,CNN_Jannis_OHE
iterative_fancy,10,960,4904,0.24109850837141034,0.4910178289750896,0.5946436908440518,0.8671934745109812,0.6852816317558857,0.9043946487807226,artificial_to_cgreGFP,44,CNN_Jannis_OHE
iterative_random,1,96,4904,0.19736074596596911,0.4442530202102954,0.6681795167567426,0.8354051465545487,0.63874468211661,0.8609929978331823,artificial_to_cgreGFP,44,CNN_Jannis_OHE
iterative_random,2,192,4904,0.11454565510518387,0.33844594118586185,0.8074156314905121,0.8503015871152523,0.6625753291438621,0.9036002511650475,artificial_to_cgreGFP,44,CNN_Jannis_OHE
iterative_random,3,288,4904,0.1111437341340486,0.3333822642763838,0.8131352443500628,0.8591898779140447,0.6751544902578224,0.9080115076464965,artificial_to_cgreGFP,44,CNN_Jannis_OHE
iterative_random,4,384,4904,0.10304004091458539,0.32099850609400876,0.826759895934026,0.8535537268800346,0.6663075236078875,0.9101114384913579,artificial_to_cgreGFP,44,CNN_Jannis_OHE
iterative_random,5,480,4904,0.10389991577422146,0.32233509857634407,0.8253141976516413,0.8505217387100092,0.6599189812259875,0.9087973410426171,artificial_to_cgreGFP,44,CNN_Jannis_OHE
iterative_random,6,576,4904,0.09401057344932783,0.3066114372448096,0.8419410417241198,0.8590721925400002,0.6745502979696493,0.9194179303345776,artificial_to_cgreGFP,44,CNN_Jannis_OHE
iterative_random,7,672,4904,0.09709536268952829,0.3116012880100599,0.8367546190067907,0.8366863481724396,0.6369381474823679,0.9171486583363433,artificial_to_cgreGFP,44,CNN_Jannis_OHE
iterative_random,8,768,4904,0.09540647057534948,0.3088793786826008,0.8395941350145442,0.8504795351578693,0.6616594642710263,0.9180162266461859,artificial_to_cgreGFP,44,CNN_Jannis_OHE
iterative_random,9,864,4904,0.08919337725265004,0.29865260295642837,0.8500401414819552,0.8637242795421242,0.68031548280388,0.9236940817683903,artificial_to_cgreGFP,44,CNN_Jannis_OHE
iterative_random,10,960,4904,0.0860115176907206,0.2932772028145396,0.8553897674791819,0.8498753337592274,0.6578632489764694,0.927713134003171,artificial_to_cgreGFP,44,CNN_Jannis_OHE
source_only,0,0,4904,1.9324917200908536,1.390140899366267,-2.2490773850981993,0.8320537340177021,0.6509702670373033,0.8322991950678594,artificial_to_cgreGFP,45,CNN_Jannis_OHE
oneshot_fancy,1,960,4904,0.19550932914418537,0.4421643689219942,0.6712922837939876,0.7674457223348032,0.5541796761060955,0.8406181305159557,artificial_to_cgreGFP,45,CNN_Jannis_OHE
oneshot_random,1,960,4904,0.10282223257183352,0.3206590597064638,0.8271260947401391,0.8551580941803308,0.6691572705663346,0.9170592556340169,artificial_to_cgreGFP,45,CNN_Jannis_OHE
iterative_fancy,1,96,4904,0.3658222128511963,0.6048323840959545,0.3849470782283496,0.7070765185609766,0.5039574644965821,0.7697025061165296,artificial_to_cgreGFP,45,CNN_Jannis_OHE
iterative_fancy,2,192,4904,0.26898782684519024,0.5186403636868135,0.547753681951957,0.838270287549199,0.6418707988835678,0.8821322830604779,artificial_to_cgreGFP,45,CNN_Jannis_OHE
iterative_fancy,3,288,4904,0.19189362587105308,0.43805664687464,0.6773713265209637,0.8113187151179347,0.5998917789574227,0.8857870621019868,artificial_to_cgreGFP,45,CNN_Jannis_OHE
iterative_fancy,4,384,4904,0.22296816729454647,0.4721950521707597,0.6251260368042124,0.8355786990383167,0.6347157289132304,0.8896347834189218,artificial_to_cgreGFP,45,CNN_Jannis_OHE
iterative_fancy,5,480,4904,0.13332199192553235,0.36513284147763586,0.7758471798879807,0.8038651723408234,0.5872714318240888,0.9031855463475805,artificial_to_cgreGFP,45,CNN_Jannis_OHE
iterative_fancy,6,576,4904,0.19605919418846438,0.4427857203981,0.6703678016543493,0.770021522407657,0.5477740110787481,0.8876083439627952,artificial_to_cgreGFP,45,CNN_Jannis_OHE
iterative_fancy,7,672,4904,0.253407848170789,0.5033963132272514,0.5739481312450848,0.8553739301559565,0.6686453389351908,0.8856156293970314,artificial_to_cgreGFP,45,CNN_Jannis_OHE
iterative_fancy,8,768,4904,0.2218162984295736,0.4709737767960904,0.6270626614432075,0.8455840959807349,0.651314817055666,0.8918642727972789,artificial_to_cgreGFP,45,CNN_Jannis_OHE
iterative_fancy,9,864,4904,0.19509366899452824,0.4416940898342746,0.6719911286987792,0.8602126369179071,0.6734730488955168,0.9091469598164528,artificial_to_cgreGFP,45,CNN_Jannis_OHE
iterative_fancy,10,960,4904,0.14855206859561615,0.38542453035012725,0.7502410170425562,0.8684658462843114,0.6879021226611564,0.9050505267295852,artificial_to_cgreGFP,45,CNN_Jannis_OHE
iterative_random,1,96,4904,0.19451372262087083,0.4410370989167134,0.6729661862514871,0.8213046697950575,0.6162975452002817,0.8753326237358718,artificial_to_cgreGFP,45,CNN_Jannis_OHE
iterative_random,2,192,4904,0.1312738588525585,0.36231734550330114,0.7792906838263873,0.8419010215720792,0.6483416595379554,0.8945768780448309,artificial_to_cgreGFP,45,CNN_Jannis_OHE
iterative_random,3,288,4904,0.1110982377138209,0.3333140226780459,0.8132117369883122,0.851693231936177,0.6634319795161756,0.9099185888326161,artificial_to_cgreGFP,45,CNN_Jannis_OHE
iterative_random,4,384,4904,0.10432732022206635,0.32299739971409425,0.8245956071855884,0.843794349822779,0.6506985735249363,0.9117863098255198,artificial_to_cgreGFP,45,CNN_Jannis_OHE
iterative_random,5,480,4904,0.11878676123699472,0.3446545534836218,0.8002851057152089,0.8078889040365308,0.5971422470539185,0.902587186856233,artificial_to_cgreGFP,45,CNN_Jannis_OHE
iterative_random,6,576,4904,0.12158359319250003,0.3486883898160362,0.7955828224598245,0.8406267219877768,0.6477431639560067,0.9034171267850188,artificial_to_cgreGFP,45,CNN_Jannis_OHE
iterative_random,7,672,4904,0.1030523950602194,0.32101774882429696,0.8267391250428628,0.8469236764640059,0.6565590714812195,0.9142893798373728,artificial_to_cgreGFP,45,CNN_Jannis_OHE
iterative_random,8,768,4904,0.12402097155093157,0.35216611357558464,0.7914848846415267,0.8219781368115775,0.6158937607467645,0.9075108361086492,artificial_to_cgreGFP,45,CNN_Jannis_OHE
iterative_random,9,864,4904,0.09938045357344609,0.3152466551344298,0.8329127204689369,0.8476913045974447,0.6577074445397666,0.9170553745930834,artificial_to_cgreGFP,45,CNN_Jannis_OHE
iterative_random,10,960,4904,0.09725605688190465,0.3118590336705106,0.8364844456027141,0.856653951598687,0.6715159141445527,0.9201381669668172,artificial_to_cgreGFP,45,CNN_Jannis_OHE
source_only,0,0,4904,2.0183207438844204,1.4206761572872335,-2.3933807926075588,0.8260735529040866,0.6434387227779058,0.832642153054669,artificial_to_cgreGFP,46,CNN_Jannis_OHE
oneshot_fancy,1,960,4904,0.309674683022031,0.5564842163278586,0.4793473116164083,0.8246705153315003,0.6285689762222674,0.8225926796354756,artificial_to_cgreGFP,46,CNN_Jannis_OHE
oneshot_random,1,960,4904,0.10781588091076395,0.328353286736655,0.8187303279078811,0.7937741862445512,0.5783707846505665,0.9073500414954971,artificial_to_cgreGFP,46,CNN_Jannis_OHE
iterative_fancy,1,96,4904,0.5289767752110355,0.7273078957436359,0.1106370807635092,0.7735121471058103,0.5642412422376898,0.6960153320858701,artificial_to_cgreGFP,46,CNN_Jannis_OHE
iterative_fancy,2,192,4904,0.15302420732944358,0.39118308671189195,0.7427220586573593,0.8266170218747311,0.6228933514314399,0.8762359526540568,artificial_to_cgreGFP,46,CNN_Jannis_OHE
iterative_fancy,3,288,4904,0.17238023049240336,0.41518698256617265,0.7101789866894996,0.814049924048692,0.6076145708847972,0.8807993053601889,artificial_to_cgreGFP,46,CNN_Jannis_OHE
iterative_fancy,4,384,4904,0.192038860250058,0.4382223867513594,0.6771271455335587,0.8072653035590176,0.5951211651117828,0.883170238823088,artificial_to_cgreGFP,46,CNN_Jannis_OHE
iterative_fancy,5,480,4904,0.14722716161778596,0.38370191766237755,0.752468568785352,0.7616917080583591,0.53263455529772,0.8846699057557097,artificial_to_cgreGFP,46,CNN_Jannis_OHE
iterative_fancy,6,576,4904,0.16370254801848844,0.4046017152935569,0.7247686801862121,0.825462906512298,0.619478779787519,0.8926039042121057,artificial_to_cgreGFP,46,CNN_Jannis_OHE
iterative_fancy,7,672,4904,0.11615961385477644,0.34082196797562275,0.8047021001365273,0.7775430409175594,0.5525973287570654,0.9026738792677003,artificial_to_cgreGFP,46,CNN_Jannis_OHE
iterative_fancy,8,768,4904,0.09582382029415518,0.30955422835773894,0.8388924494554542,0.8187090871472883,0.6090779378159227,0.916179687986487,artificial_to_cgreGFP,46,CNN_Jannis_OHE
iterative_fancy,9,864,4904,0.0940936881576448,0.3067469448220223,0.8418013018658042,0.8493486025384437,0.6559718160856571,0.9212616054505114,artificial_to_cgreGFP,46,CNN_Jannis_OHE
iterative_fancy,10,960,4904,0.09325510805079058,0.3053769933226643,0.8432111975111242,0.8611955366849359,0.6759114781961261,0.923052159532928,artificial_to_cgreGFP,46,CNN_Jannis_OHE
iterative_random,1,96,4904,0.1512052528191378,0.3888511962423901,0.7457802471621355,0.848051125017902,0.6608642110341412,0.8745343612489611,artificial_to_cgreGFP,46,CNN_Jannis_OHE
iterative_random,2,192,4904,0.1280801179873316,0.35788282717578335,0.7846602857300813,0.8328124206645549,0.634975517478879,0.8929767169791902,artificial_to_cgreGFP,46,CNN_Jannis_OHE
iterative_random,3,288,4904,0.12160756745255727,0.34872276589370715,0.7955425147962176,0.8427176236332106,0.6492732915401036,0.8960614189656869,artificial_to_cgreGFP,46,CNN_Jannis_OHE
iterative_random,4,384,4904,0.10247042271641058,0.32011001658244087,0.8277175888372293,0.8603349660187725,0.6766484333102548,0.9120314338164777,artificial_to_cgreGFP,46,CNN_Jannis_OHE
iterative_random,5,480,4904,0.1401578446550832,0.37437660805008,0.7643541347791503,0.8326217053530545,0.6321672115697456,0.8894588789433764,artificial_to_cgreGFP,46,CNN_Jannis_OHE
iterative_random,6,576,4904,0.12171339722316481,0.34887447201416844,0.7953645843498534,0.8582497259864786,0.674749330083751,0.9013661033602893,artificial_to_cgreGFP,46,CNN_Jannis_OHE
iterative_random,7,672,4904,0.13168279451638853,0.3628812402376135,0.7786031447267383,0.8347808332566323,0.637252981273922,0.8962647276160283,artificial_to_cgreGFP,46,CNN_Jannis_OHE
iterative_random,8,768,4904,0.13938843441671292,0.3733476053448219,0.7656477358742351,0.8390527109945626,0.6439302328471722,0.8812341437016555,artificial_to_cgreGFP,46,CNN_Jannis_OHE
iterative_random,9,864,4904,0.09588375262800598,0.3096510174825944,0.8387916858720834,0.8586337186571981,0.6727424595076742,0.9175991145130812,artificial_to_cgreGFP,46,CNN_Jannis_OHE
iterative_random,10,960,4904,0.09187418358356435,0.3031075445837077,0.8455329308517372,0.8530442270747226,0.6637465513700747,0.922534538194562,artificial_to_cgreGFP,46,CNN_Jannis_OHE
