seed,model,n,mse,rmse,r2,spearman,pearson
42,aubin_1_10_1,4904,0.06705793094076364,0.25895546130708197,0.8872562274673711,0.8872175622530694,0.943781208400377
42,mlp_small,4904,0.07479791748522613,0.2734920793829798,0.8742430719743193,0.8888242205941459,0.9351155174464317
42,mlp_deep,4904,0.061608584806504475,0.24821076690285712,0.8964181540641698,0.893800129539195,0.9470907867876317
42,CNN_Jannis,4904,0.06154392154799944,0.2480804739353733,0.8965268716998892,0.8887643828588713,0.9469122773988567
43,aubin_1_10_1,4904,0.05815980889688737,0.2411634485092784,0.9022165436239873,0.8873971982417682,0.9499000111638197
43,mlp_small,4904,0.07680679361854972,0.27714038611965186,0.8708655703030892,0.8888261346330776,0.9337533760149533
43,mlp_deep,4904,0.06044519995750699,0.24585605536066626,0.898374140402298,0.8918370009486176,0.9479053864128419
43,CNN_Jannis,4904,0.06819446533040496,0.26114070025640385,0.8853453845155594,0.8824838399959484,0.9419607286041101
44,aubin_1_10_1,4904,0.06819377532397862,0.2611393791138721,0.8853465446158859,0.8857103988299738,0.9410727246178678
44,mlp_small,4904,0.07512189985706764,0.27408374606508074,0.8736983639237869,0.8894851628112791,0.9349630927337846
44,mlp_deep,4904,0.0623948426750105,0.24978959681101712,0.8950962272311285,0.8922857280128582,0.9479295838833585
44,CNN_Jannis,4904,0.06521361386736375,0.2553695633143538,0.8903570577746038,0.8815037745335831,0.9436848473614866
