model,label,seed,n,mse,rmse,r2,spearman,kendall_tau,pearson
aubin_1_10_1,Aubin 1–10–1,42,4904,0.06458280941685687,0.2541314805703081,0.8914820680374776,0.8605207720160788,0.6710557697092701,0.9465322025070707
mlp_small,Small MLP,42,4904,0.07790923206767998,0.279122252906643,0.8690897961684813,0.8938667527028231,0.7343271030133497,0.9354761122452251
mlp_deep,Deep MLP,42,4904,0.09492142705692695,0.308093211637204,0.8405043531528295,0.8979883896233105,0.7474992669705595,0.9345062425533647
CNN_Jannis_OHE,Jannis OHE,42,4904,0.05796934305624943,0.24076823514793105,0.9025946179410361,0.8992353567718547,0.7383879460915511,0.9521327492593814
CNN_Jannis_ESM,Jannis ESM,42,4904,0.070180408453626,0.26491585164656717,0.8820764711470606,0.8866549945110666,0.7159354238047696,0.939562728960867
aubin_1_10_1,Aubin 1–10–1,43,4904,0.05158723066025711,0.2271282251510303,0.9123823938012036,0.8868536101503255,0.718506035326566,0.955909093848319
mlp_small,Small MLP,43,4904,0.07228155114925928,0.2688522849991409,0.8772344162891259,0.9011820793474317,0.7430836712869733,0.9393924537297467
mlp_deep,Deep MLP,43,4904,0.10041086952462616,0.3168767418486661,0.8294585712106226,0.9024535227981183,0.7471514253723729,0.931688298059377
CNN_Jannis_OHE,Jannis OHE,43,4904,0.07130429451276483,0.26702863987363756,0.8788942240755807,0.9068365066491763,0.7488596844225809,0.9413002086390534
CNN_Jannis_ESM,Jannis ESM,43,4904,0.06863487410529472,0.26198258359153326,0.883428063613917,0.8935961307225665,0.7255789521667058,0.9420307555158932
aubin_1_10_1,Aubin 1–10–1,44,4904,0.04955846577873305,0.22261730790469336,0.9165573799198351,0.8844815243251279,0.7119985777465159,0.9575512980179275
mlp_small,Small MLP,44,4904,0.07288254461878894,0.26996767328476373,0.8772861430324782,0.896385635583859,0.7354206790460733,0.9401808801908147
mlp_deep,Deep MLP,44,4904,0.053798702536255974,0.231945473196301,0.9094180050572709,0.8941790630792397,0.7363884348160852,0.9557892061841672
CNN_Jannis_OHE,Jannis OHE,44,4904,0.058285146977965406,0.24142316992775445,0.9018640851935738,0.9028554417241587,0.7413190308646358,0.9507335849660223
CNN_Jannis_ESM,Jannis ESM,44,4904,0.0650359756789366,0.2550215200310291,0.890497574433607,0.8947981144087435,0.7269907267890067,0.9449543177610062
aubin_1_10_1,Aubin 1–10–1,45,4904,0.05491614476549855,0.2343419398347179,0.9073439069902505,0.8859259946800692,0.7159892546250759,0.9535914277406149
mlp_small,Small MLP,45,4904,0.07641324685557825,0.2764294609038231,0.8710733803681798,0.8960770057792063,0.73693002639204,0.9362143671789076
mlp_deep,Deep MLP,45,4904,0.06936293669512673,0.26336844286118777,0.8829688656897348,0.9021934475562104,0.7506902470820791,0.9491807697436629
CNN_Jannis_OHE,Jannis OHE,45,4904,0.05788335943066589,0.24058960790247338,0.9023375373849252,0.9028337537144167,0.7432030101857791,0.9522522680636211
CNN_Jannis_ESM,Jannis ESM,45,4904,0.07160254157040617,0.2675865123103296,0.8791901401707622,0.8903678095861451,0.7216522684091112,0.9399264113269875
aubin_1_10_1,Aubin 1–10–1,46,4904,0.05269906995526716,0.2295627799867983,0.9106279326333312,0.8893928925180596,0.7265283956598644,0.9547936740670597
mlp_small,Small MLP,46,4904,0.09245514966561609,0.3040643840794513,0.8432058123354977,0.8926077475673679,0.7324712583654419,0.933680290963653
mlp_deep,Deep MLP,46,4904,0.07513325076420552,0.2741044522881843,0.8725819268826722,0.8893854750216238,0.7298303364872468,0.9372026176562578
CNN_Jannis_OHE,Jannis OHE,46,4904,0.057129937821978755,0.239018697640956,0.9031136478117453,0.8975493810501315,0.7341832608889036,0.9507266351347139
CNN_Jannis_ESM,Jannis ESM,46,4904,0.0672387589488374,0.2593043751054683,0.8859701528029321,0.8875416066752196,0.7177406148505743,0.942387689077651
