pair,model,arm,n_runs,spearman_mean,spearman_sd,runs_json
cgreGFP_to_artificial,aubin_1_10_1,oneshot_fancy,5,0.36119347020791326,0.05688429175622484,"[0.4507013128009454, 0.37331612613376275, 0.3528039241505924, 0.32812577655224, 0.3010202114020257]"
cgreGFP_to_artificial,aubin_1_10_1,oneshot_random,5,0.6884253910286751,0.01744377280807358,"[0.7035381947129545, 0.6913782006901407, 0.6769818415637092, 0.7054508316148159, 0.6647778865617551]"
cgreGFP_to_artificial,aubin_1_10_1,iterative_fancy,5,0.6850765791102431,0.052574541025149905,"[0.6013353031513615, 0.6850529842285902, 0.7427085889937235, 0.6843441722107385, 0.7119418469668021]"
cgreGFP_to_artificial,aubin_1_10_1,iterative_random,5,0.6918804461957764,0.03739199953906081,"[0.6335789471206215, 0.7372846848267783, 0.6932003611646521, 0.6920442990077101, 0.7032939388591198]"
cgreGFP_to_artificial,aubin_linear,oneshot_fancy,5,0.47906920895981014,0.15315627698368603,"[0.3914684148386534, 0.6272289028239945, 0.3203288439276606, 0.6588960941172253, 0.39742378909151704]"
cgreGFP_to_artificial,aubin_linear,oneshot_random,5,0.7343456826970983,0.005048748543683763,"[0.7341978583446087, 0.7374469914339128, 0.7402807873582485, 0.7328670672332516, 0.7269357091154699]"
cgreGFP_to_artificial,aubin_linear,iterative_fancy,5,0.6756609619787715,0.010277136990888794,"[0.664744840070135, 0.6685345764100009, 0.6726910041052749, 0.6827798217571848, 0.6895545675512617]"
cgreGFP_to_artificial,aubin_linear,iterative_random,5,0.730339376638279,0.005446359399947514,"[0.7317248442781202, 0.7342332140368555, 0.7286070689582399, 0.7217732956976264, 0.735358460220553]"
cgreGFP_to_artificial,mlp_small,oneshot_fancy,5,0.704972647367091,0.07095323308378822,"[0.7560478779291651, 0.7562419950602507, 0.6208294462925142, 0.6340072006441818, 0.7577367169093436]"
cgreGFP_to_artificial,mlp_small,oneshot_random,5,0.7727164073751713,0.004773612624733297,"[0.7747209947566003, 0.7761830758849472, 0.7643454623434633, 0.7735195180132902, 0.7748129858775558]"
cgreGFP_to_artificial,mlp_small,iterative_fancy,5,0.7708575160034922,0.011227795121510986,"[0.7753455280526972, 0.776442430991028, 0.7510177701253006, 0.7733316606049618, 0.7781501902434736]"
cgreGFP_to_artificial,mlp_small,iterative_random,5,0.7678349435466861,0.006759281028328824,"[0.76547308921401, 0.7598899632728419, 0.7756948790805571, 0.7740221723139333, 0.7640946138520884]"
artificial_to_cgreGFP,aubin_1_10_1,oneshot_fancy,5,0.830500217756468,0.013035532117048164,"[0.8292737438314866, 0.833863846840107, 0.8220344265810668, 0.8506231134507146, 0.816705958078965]"
artificial_to_cgreGFP,aubin_1_10_1,oneshot_random,5,0.8568558210797486,0.00200008221287326,"[0.8579561170213251, 0.8593370105456599, 0.8570451214185887, 0.8541075504870992, 0.85583330592607]"
artificial_to_cgreGFP,aubin_1_10_1,iterative_fancy,5,0.8486428849979013,0.017935456846306336,"[0.846027340997988, 0.8659164446147153, 0.8576022190924217, 0.8544743099970494, 0.8191941102873326]"
artificial_to_cgreGFP,aubin_1_10_1,iterative_random,5,0.8583451566065975,0.003536535608795638,"[0.8611603940600792, 0.8583900193177902, 0.8610794634707238, 0.8586281830217329, 0.852467723162661]"
artificial_to_cgreGFP,aubin_linear,oneshot_fancy,5,0.7927741221766104,0.002953100989544718,"[0.7968667750748081, 0.7922055971608698, 0.7887544875345113, 0.7938965089792898, 0.7921472421335726]"
artificial_to_cgreGFP,aubin_linear,oneshot_random,5,0.7973843180005415,0.0045013340738618,"[0.7986266202116366, 0.7971101152318165, 0.8036462170008959, 0.7964227801039809, 0.7911158574543781]"
artificial_to_cgreGFP,aubin_linear,iterative_fancy,5,0.7892239635628713,0.0035310718523635706,"[0.7885750665661364, 0.7922186988739701, 0.7885229016221915, 0.7927970408977865, 0.7840061098542714]"
artificial_to_cgreGFP,aubin_linear,iterative_random,5,0.8009009625482036,0.0034279091494031845,"[0.801177686688192, 0.8001251215055057, 0.7997242398027417, 0.8064044393213677, 0.7970733254232116]"
artificial_to_cgreGFP,mlp_small,oneshot_fancy,5,0.8596341965149407,0.008161740228796314,"[0.8644569447719197, 0.8651069168709186, 0.8647836245881974, 0.8577193905118426, 0.8461041058318249]"
artificial_to_cgreGFP,mlp_small,oneshot_random,5,0.8602917858576374,0.003508747653367469,"[0.8582270958319654, 0.8644881282518629, 0.8627954807828728, 0.855698008583632, 0.8602502158378539]"
artificial_to_cgreGFP,mlp_small,iterative_fancy,5,0.8684511235683623,0.002277843473037205,"[0.8716959825985355, 0.867593539546563, 0.8696139750305354, 0.867634131460139, 0.8657179892060388]"
artificial_to_cgreGFP,mlp_small,iterative_random,5,0.8649766340963426,0.006546108152996113,"[0.854307183575876, 0.8655272759416223, 0.8722580254528997, 0.86672822287301, 0.8660624626383047]"
