representation,model,holdout_fit_seconds,holdout_inference_seconds,device,cv_fit_seconds_mean,holdout_total_seconds,cv_total_seconds_mean,holdout_spearman,cv_spearman_mean,cv_spearman_sd,holdout_pearson,cv_pearson_mean,cv_pearson_sd,holdout_r2,cv_r2_mean,cv_r2_sd,holdout_rmse,cv_rmse_mean,cv_rmse_sd
one-hot / Hamming,aubin_linear,52.82709965761751,0.3638519337400794,CPU (1 thread),,,,0.8314980331424501,0.8471166444359224,0.00411419137013947,0.7668457039406301,0.7774790137047658,0.007768971482986334,0.5850747488746273,0.6034441711079809,0.013146638317881142,0.496779568616309,0.4845513716738963,0.007605248432330798
one-hot / Hamming,aubin_1_10_1,64.58194661233574,0.3818321358412504,CPU (1 thread),,,,0.8891514413683725,0.8945567007026188,0.004350705936380891,0.9442335895681797,0.9530708578640354,0.00463850019897509,0.8870042633497925,0.9075365346765981,0.009009944549748228,0.2592446616288245,0.23374895246387944,0.011299091951362698
one-hot / Hamming,mean,0.0011730948463082314,0.0001423293724656105,CPU (1 thread),,,,,,,,,,-0.0011015413546051622,-0.00041389332055126183,0.0005110159343356161,0.771645554056463,0.7697313279640843,0.0030959204185778545
one-hot / Hamming,linear_regression,2.887971367686987,0.006540901958942413,CPU (1 thread),,,,0.8365619330062214,0.8509255207648294,0.003982780485115288,0.761041961127294,0.7732148286064238,0.008119100476921118,0.5694075946405683,0.5906104435520774,0.014835731384010776,0.5060716117120514,0.49231992768615296,0.008698022668226143
one-hot / Hamming,ridge,5.720407322049141,0.008412526920437813,CPU (1 thread),,,,0.8502954400745193,0.8616135118260857,0.004720577322305664,0.772118077834955,0.7815848251090195,0.008217823969456,0.5959880116407639,0.6104870729544734,0.012931868147962945,0.4902029487706803,0.4802325378440164,0.0077931295103829705
one-hot / Hamming,mlp_small,165.70416250824928,0.5822959505021572,CPU (1 thread),,,,0.8896124821102832,0.8970278393802109,0.004874079493993742,0.935450874941342,0.9382000670038597,0.004557343334820952,0.8740708542086323,0.8796908843941942,0.008615411169689181,0.27367928211320186,0.26676198098471365,0.009127642699205052
one-hot / Hamming,mlp_deep,214.96083093993366,0.7065690374001861,CPU (1 thread),,,,0.8903671462494165,0.8994535287440293,0.004695155120978568,0.9469335929446127,0.9519523175568931,0.005165817267959008,0.8956957431890554,0.9042075274952879,0.011089113430949048,0.2490748111786626,0.23780935771113065,0.013707559616335002
one-hot / Hamming,knn,256.9677622066811,84.86293857078999,CPU (1 thread),,,,0.7135296059413059,0.6832256374667434,0.01995029026999484,0.6532041699464355,0.6424698321040001,0.01417231659625698,-0.02351647957831582,0.060718655288801604,0.02471155882116807,0.7802364102047249,0.7457977484155118,0.01122462946129177
ESM mean,mean,0.08314335718750954,0.008414198644459248,CPU (1 thread),0.6589212770573795,4.9683862160891294,6.396600580960512,,,,,,,-0.0011015413546051622,-0.00041389332055126183,0.0005110159343356161,0.771645554056463,0.7697313279640843,0.0030959204185778545
ESM mean,linear_regression,0.658001696690917,0.013181321322917938,CPU (1 thread),1.2470737281255424,2.9370402758941054,3.659975862875581,0.6857885030212547,0.6843097619200174,0.013837166569564099,0.6401795399172505,0.6471696127013216,0.009005678608769104,0.4065903021384153,0.41712633094818985,0.012057273534412546,0.5940952951139638,0.5875058395319757,0.006063246910257772
ESM mean,ridge,0.6280233915895224,0.010048219002783298,CPU (1 thread),0.891714131552726,2.888039573095739,3.2854330820962785,0.7008696577987598,0.7057992857404993,0.013978565060080357,0.6543924658017737,0.6602791840188706,0.015597329969470242,0.42574441245503325,0.4337234875957397,0.023861724720288812,0.5844285291443717,0.5789892314675416,0.01159907264655975
ESM mean,aubin_linear,39.99920635018498,0.029543986544013023,CPU (1 thread),70.30421244977042,42.36070702318102,72.71802871916444,0.604908308974223,0.6303424440990381,0.018513563040905064,0.577297761710255,0.6034961413609532,0.014540886059702019,0.3310157217191756,0.3625951684533555,0.01816444974734424,0.630792831222439,0.6143421289236928,0.008423337577202138
ESM mean,aubin_1_10_1,17.9909784225747,0.044924198649823666,CPU (1 thread),20.482579339854418,20.458283479325473,23.218951147049665,0.6142802320500298,0.6354236380484916,0.01488165004332094,0.6291436696621149,0.6585907876110089,0.016732548034739662,0.394499179285426,0.43238097744461435,0.022163306048635683,0.6001173202751401,0.5797038762510216,0.0117632273466727
ESM mean,mlp_small,18.409057741984725,0.05489783734083176,CPU (1 thread),21.376328473724424,20.815717407502234,23.977583396527915,0.7095314545138592,0.7392327238283498,0.013557836715866977,0.6967430740843003,0.7176685020451273,0.011457441676701647,0.4824740689539857,0.5095526474255994,0.01672364624697698,0.554810729011119,0.5388618676943473,0.008425750651188845
ESM mean,mlp_deep,30.931534524075687,0.09226525202393532,CPU (1 thread),35.24686427786946,33.389485037885606,38.13074050815776,0.707732168054639,0.7333475228242748,0.008382874277658568,0.7409094261708205,0.7580346906263522,0.01133672143345299,0.5334464516538893,0.5665544636125976,0.019593457763078942,0.5267803198507075,0.5065226362720441,0.010425658752032985
ESM mean,knn,40.109062710776925,6.347642110660672,CPU (1 thread),46.231102217920125,49.738272215239704,54.41122860582546,0.49696921771970776,0.5156194047138591,0.021213089848628772,0.4975877695739904,0.5150153656687062,0.017406686520833832,0.07783756118722318,0.11532062006654527,0.024440183368279234,0.7405979534906332,0.7237791851709602,0.010544742546996305
ESM residues,CNN_old,1792.076949850656,12.384670965373516,Tesla V100-PCIE-32GB,1989.743834578339,2101.0726379025728,2252.182578805834,0.8780060129448819,0.8830427881384931,0.0035777053933997538,0.9332533461086561,0.937178016024197,0.005607432841456793,0.8702848104315231,0.8770161740564891,0.011076672543678985,0.277762882605351,0.26961595299719465,0.01135407533946387
ESM residues,CNN_new,3477.0299092829227,26.41063157748431,NVIDIA A100-PCIE-40GB,4818.406020539813,3990.7977808201686,5015.788748754747,0.8827633762607718,0.8829166978968124,0.008519624250072676,0.9378492561803011,0.940232954672662,0.0051902843964868805,0.8792523064936965,0.8827247733860787,0.010070503997705801,0.2679897694686724,0.2633121838539627,0.010724825656074521
ESM residues,CNN_Jannis,1754.0355812953785,8.428295106627047,NVIDIA A100-PCIE-40GB,2185.251572145894,2259.2357560535893,2403.9629871505313,0.8872631717496594,0.8914609513002605,0.006307260798524177,0.9449898745849928,0.9462994489604751,0.004495974138142386,0.8927922119473142,0.8943862388454346,0.008950018377185426,0.25251777910984485,0.24988352235247832,0.010539435649228662
one-hot / native residues,CNN_Jannis_OHE,1244.1516248043627,4.5973982298746705,NVIDIA GeForce RTX 2080 Ti,1238.40195742324,1252.1338114449754,1244.2234544808045,0.8923426186026564,0.9000390442056959,0.005715386657954045,0.9540843903472307,0.9556634881052851,0.0041740707063313365,0.909318553667924,0.912477572141599,0.007967282760108678,0.232240529192931,0.22745160319267071,0.009929032028980014
