seed,train_fraction,n_train,n_test,n,mse,rmse,r2,spearman,kendall_tau,pearson,method
42,0.1,2451,4904,4904,0.23422178369388452,0.48396465128548855,0.6064391775994902,0.7741933625778187,0.5757557021378483,0.8049319644006263,random
42,0.2,4903,4904,4904,0.157389844716676,0.39672388977307127,0.7355392152373876,0.8513785729425396,0.6647124741680914,0.8805461702846255,random
42,0.4,9806,4904,4904,0.08611325919842878,0.2934506077663306,0.8553046408611789,0.8863346428682206,0.716191337395953,0.9299321774829745,random
42,0.6,14709,4904,4904,0.06036078491869627,0.2456843196435138,0.8985762990158518,0.8918350057325851,0.7254844716500785,0.9493637782279528,random
42,0.8,19612,4904,4904,0.0595990664346552,0.24412920029086074,0.8998562079478436,0.9000530890078732,0.7390151023316481,0.9494947157890516,random
43,0.1,2451,4904,4904,0.4803907804291392,0.6931022871331036,0.18408703699616213,0.6442441205553352,0.46517910381732036,0.5247487737311325,random
43,0.2,4903,4904,4904,0.10047886401471305,0.3169840122383352,0.8293430869254638,0.8655390303782977,0.68096558760376,0.9113249497431638,random
43,0.4,9806,4904,4904,0.07395210527151946,0.27194136366415367,0.8743970871411062,0.891056875029093,0.7209845672236718,0.9427841087256166,random
43,0.6,14709,4904,4904,0.06614161635779366,0.25718012434438564,0.8876627021606406,0.9007522257916645,0.7372139323286954,0.9437476806966123,random
43,0.8,19612,4904,4904,0.05094271626979215,0.22570493186856186,0.9134770602008233,0.9075050943874652,0.7491372458433451,0.9568025640606983,random
44,0.1,2451,4904,4904,0.3064402692678098,0.5535704736235575,0.48404014200233403,0.7740836900331066,0.5760599763398105,0.7607891524881438,random
44,0.2,4903,4904,4904,0.11214341229920373,0.33487820517197553,0.8111818031503442,0.8624252907762934,0.6765398120993967,0.9070181695721347,random
44,0.4,9806,4904,4904,0.07060914007486731,0.2657238041178609,0.8811139215697302,0.8829796490161684,0.7082067978586798,0.9397348608830381,random
44,0.6,14709,4904,4904,0.06744260752159414,0.25969714577098096,0.886445478321183,0.8964013037550888,0.7299856944423111,0.9469673534838403,random
44,0.8,19612,4904,4904,0.0846975064014637,0.29102836013258865,0.8573930460246918,0.9028672926233048,0.7401078519051046,0.9453133674056073,random
45,0.1,2451,4904,4904,0.24154294335353707,0.49147018562018296,0.5924618248279758,0.8088288531511728,0.6115505714422168,0.8142833470357291,random
45,0.2,4903,4904,4904,0.11376334629434025,0.3372882243635853,0.808055222369304,0.8592930149078037,0.6758827812699977,0.904843404103234,random
45,0.4,9806,4904,4904,0.07283491288844884,0.26987944139642955,0.8771108479707234,0.8892589415724026,0.720249454334336,0.938280479644658,random
45,0.6,14709,4904,4904,0.05790793450921537,0.24064067509300122,0.9022960736082248,0.8989169451296307,0.7376670656532374,0.9507162308207421,random
45,0.8,19612,4904,4904,0.05992189063221783,0.24478948227450018,0.8988980691298094,0.9034269409324112,0.7429708990527356,0.9496982157316609,random
46,0.1,2451,4904,4904,0.2580157073046551,0.5079524655956058,0.5624325591615947,0.7641687361786181,0.5687238112011134,0.7741666162118654,random
46,0.2,4903,4904,4904,0.10033203393126153,0.316752322692765,0.829847446963466,0.8618660917142831,0.6789780214641301,0.9132112986871668,random
46,0.4,9806,4904,4904,0.08665663190767954,0.2943749851935105,0.853039487201658,0.8872456631292481,0.7170391665988859,0.9293479082622942,random
46,0.6,14709,4904,4904,0.060382444971028265,0.24572839675346492,0.8975977385503073,0.8929543692521671,0.7265722084232045,0.94771125192415,random
46,0.8,19612,4904,4904,0.051331851770753924,0.22656533664873346,0.9129465905488309,0.900455483021112,0.7390832868083725,0.9556728588787946,random
42,0.1,2451,4904,4904,0.2327704408086752,0.48246289060266095,0.608877856404168,0.777370131787951,0.5824410931036197,0.7999293464762408,fancy
42,0.2,4903,4904,4904,0.11015775668588772,0.3319002209789679,0.8149028812292101,0.8546041143228974,0.667678205009957,0.9061841420404457,fancy
42,0.4,9806,4904,4904,0.0652363771214047,0.25541412866441965,0.8903838839179663,0.8926841607210346,0.7270287406166637,0.9483202658270086,fancy
42,0.6,14709,4904,4904,0.06753607181215474,0.2598770320981728,0.8865197269660042,0.8920279889208133,0.7268126551238497,0.9456933113739256,fancy
42,0.8,19612,4904,4904,0.055810451206827996,0.23624235692785492,0.9062221851055084,0.8967071994548355,0.7330058792789113,0.9520465287326778,fancy
43,0.1,2451,4904,4904,0.47348741457016535,0.6881042178116374,0.19581196162453085,0.641962503941145,0.46150242755503246,0.5196344133862061,fancy
43,0.2,4903,4904,4904,0.15327724422582759,0.3915063782696619,0.7396684208101592,0.8510179169440865,0.6604663361099988,0.8800494250460619,fancy
43,0.4,9806,4904,4904,0.0724493053030236,0.26916408620583765,0.8769494966065879,0.8858667537681741,0.7148620538219896,0.9418286334787445,fancy
43,0.6,14709,4904,4904,0.05676199607161982,0.23824776194461894,0.903593386285566,0.9030499846672346,0.7409732087661968,0.9521450710752781,fancy
43,0.8,19612,4904,4904,0.05698515640963874,0.23871563922298586,0.9032143627488209,0.9082826913049294,0.7501746854552376,0.9512982670329871,fancy
44,0.1,2451,4904,4904,0.2604682199862317,0.5103608723111831,0.5614442379974827,0.7819702866007848,0.5833494099324521,0.7900242192958943,fancy
44,0.2,4903,4904,4904,0.10488877388343548,0.3238653638218133,0.8233965888107528,0.8587092127605981,0.6722847381783248,0.9101013316262264,fancy
44,0.4,9806,4904,4904,0.07409918215199247,0.2722116495523152,0.8752376651011469,0.8889845721155359,0.7146623564413028,0.9421442578800134,fancy
44,0.6,14709,4904,4904,0.05268965067102457,0.22954226336564812,0.9112853387607168,0.8908828029397199,0.722400629079709,0.9572054630470701,fancy
44,0.8,19612,4904,4904,0.0796109021046565,0.28215403967453045,0.8659574675249788,0.9006930296723722,0.7364384416507822,0.9353835101318894,fancy
45,0.1,2451,4904,4904,0.24154294335353707,0.49147018562018296,0.5924618248279758,0.8088288531511728,0.6115505714422168,0.8142833470357294,fancy
45,0.2,4903,4904,4904,0.15258304077573923,0.3906187921436182,0.7425575215048703,0.8460872638875221,0.6575941195863617,0.8742707417334041,fancy
45,0.4,9806,4904,4904,0.06475559225951517,0.2544712012380088,0.8907425092398584,0.895305040564951,0.7307516196197107,0.9505425772821844,fancy
45,0.6,14709,4904,4904,0.05417110035102896,0.2327468589498663,0.9086009672747674,0.8981969410093239,0.7344639753487543,0.9532957029339242,fancy
45,0.8,19612,4904,4904,0.05993224792032492,0.24481063686107457,0.8988805940165385,0.9016640174990216,0.7416139148702657,0.9527527074602853,fancy
46,0.1,2451,4904,4904,0.2580157073046551,0.5079524655956058,0.5624325591615947,0.7641687361786181,0.5687238112011134,0.7741666162118654,fancy
46,0.2,4903,4904,4904,0.11894095061224842,0.34487816778138974,0.7982886859332314,0.8654988578332271,0.6832189660153751,0.898549219800969,fancy
46,0.4,9806,4904,4904,0.06296515953409214,0.2509285944927205,0.8932177269084519,0.8929420394214571,0.72436357329714,0.9501261350852892,fancy
46,0.6,14709,4904,4904,0.06588851804097197,0.2566875884046051,0.8882600190468983,0.8969740207121104,0.7350950883246488,0.9547154174951753,fancy
46,0.8,19612,4904,4904,0.0536142433309747,0.2315474969222831,0.9090758950612194,0.897606156825359,0.7341195751329779,0.9556132789785833,fancy
