source,target,model,training_size,n_folds,spearman_mean,spearman_sd,spearman_defined_folds,pearson_mean,pearson_sd,pearson_defined_folds,r2_mean,r2_sd,r2_defined_folds,rmse_mean,rmse_sd,rmse_defined_folds
natural,artificial,aubin_1_10_1,500,10,0.27506128241301747,0.020389816410646792,10,0.24759076575832842,0.02493456251885246,10,-3.4368763196651835,0.22718422039294484,10,1.0735689599751006,0.028215311557338713,10
natural,artificial,aubin_1_10_1,1000,10,0.3240016430893117,0.02266628622708578,10,0.29883306745752286,0.026261446416511222,10,-4.34369073166892,0.11480675709349221,10,1.181821568044509,0.01631925832623104,10
natural,artificial,aubin_1_10_1,2500,10,0.45943256061145477,0.07478808870267807,10,0.435905869155033,0.07107171142569464,10,-4.354555089027434,0.1236632440193146,10,1.1830778657892858,0.015376929735378499,10
natural,artificial,aubin_1_10_1,5000,10,0.5586809041332181,0.019541240108652918,10,0.5436060684251688,0.016589101436062754,10,-14.70581534919295,2.2283654327481823,10,2.101182488824981,0.12634021186532876,10
natural,artificial,aubin_1_10_1,10000,10,0.6738650733674121,0.011492194591961262,10,0.7129761042713008,0.012141439459206224,10,-7.58114730673052,0.9467663188725701,10,1.5332946033386725,0.08824100615615611,10
natural,artificial,aubin_1_10_1,15000,10,0.6426721065483381,0.035940186737144775,10,0.719366913833513,0.015688364746752087,10,-5.6219039998669675,0.48401155916875105,10,1.349467162200158,0.03819285785982972,10
natural,artificial,aubin_1_10_1,17500,10,0.49240925506017674,0.05616180910424353,10,0.7026362995404198,0.015159419242482724,10,-5.251435420477668,0.30405046217619663,10,1.3195711028469448,0.022501500476225088,10
natural,artificial,mlp_small,500,10,0.31211360625303036,0.02033398234596472,10,0.34235129312217333,0.011783930771856856,10,-8.553470513821107,2.9369743338850336,10,1.604895540614883,0.23487840545778574,10
natural,artificial,mlp_small,1000,10,0.41025929376633086,0.024238940238319743,10,0.4415494476609691,0.019717162223307567,10,-14.02977776785097,3.782320398852167,10,2.000083824194631,0.24954179761902792,10
natural,artificial,mlp_small,2500,10,0.5570008197553526,0.02725119804333646,10,0.5811289148526383,0.025331091606017788,10,-13.325528648532167,3.8255574900384777,10,1.9688508986144044,0.23420978077803634,10
natural,artificial,mlp_small,5000,10,0.6508880332048828,0.014126072931715312,10,0.6759929120757548,0.013887437083882,10,-5.444547024017348,1.6433391952379153,10,1.313575746134051,0.17866455333726472,10
natural,artificial,mlp_small,10000,10,0.6774603734902177,0.01295579467102583,10,0.7253767750291089,0.009825223125301681,10,-4.408560713595266,0.6749043947769253,10,1.2228064175877364,0.08630297811935442,10
natural,artificial,mlp_small,15000,10,0.6859773083280223,0.009661378416845357,10,0.7381574382039371,0.00813039665025998,10,-4.501113434178032,0.4936726248709571,10,1.232251487516021,0.04848059127683292,10
natural,artificial,mlp_small,17500,10,0.6873408811356597,0.010426674022465368,10,0.7386873201501127,0.008196451446899108,10,-4.1825670890077005,0.32636313715589016,10,1.1931882272961034,0.029803780569538044,10
natural,artificial,mlp_deep,500,10,0.32065620591450517,0.020242774301266885,10,0.35163583691682687,0.008988159293213522,10,-8.58222910030253,3.4278577087359023,10,1.5900033237772713,0.2593199489300528,10
natural,artificial,mlp_deep,1000,10,0.43072112025303066,0.02366825298987525,10,0.46352926260665583,0.021858491858811124,10,-13.262534503233681,3.8802315017081215,10,1.9394722593824885,0.22004357273945105,10
natural,artificial,mlp_deep,2500,10,0.595615384107945,0.023419410535165802,10,0.5891812232953834,0.051399222297865935,10,-8.017087021182776,1.9386447628155423,10,1.5603723237408924,0.16523196940934382,10
natural,artificial,mlp_deep,5000,10,0.6593550208883843,0.013788993597446536,10,0.6313972256466401,0.04433722334082518,10,-6.83351421987238,1.4194511838751003,10,1.464432043236799,0.1286769373795082,10
natural,artificial,mlp_deep,10000,10,0.6797362259346649,0.029577371855447718,10,0.6819746048385815,0.03052953346840087,10,-5.773745568493261,0.8171224052670342,10,1.3914497064791882,0.08516168017794193,10
natural,artificial,mlp_deep,15000,10,0.6947716366098213,0.010993141237028594,10,0.6988371571519444,0.01984596685894232,10,-6.069118855555689,0.9047106406376388,10,1.4137243455632889,0.0769934326173268,10
natural,artificial,mlp_deep,17500,10,0.6919682228188201,0.019246181898532326,10,0.6921454149444339,0.0282736091149447,10,-5.942026280379702,0.8361737436574934,10,1.404250328348998,0.09344774669495415,10
natural,artificial,CNN_Jannis_OHE,500,10,0.3212569661046944,0.09056844924139221,10,0.35546550299483176,0.09515391795307059,10,-5.103154132144595,1.4866454644373213,10,1.2676365958160347,0.17165863074490953,10
natural,artificial,CNN_Jannis_OHE,1000,10,0.4945134736540858,0.03334725471700698,10,0.5224484450744682,0.033339318985790886,10,-5.5942529767002345,1.4763476524524017,10,1.3479877305560481,0.16943561069813173,10
natural,artificial,CNN_Jannis_OHE,2500,10,0.6006504409898619,0.011175383287322717,10,0.654060044309921,0.01377044203180894,10,-3.9652596261890762,0.5366121306491709,10,1.1676537688846973,0.06557220157887754,10
natural,artificial,CNN_Jannis_OHE,5000,10,0.6469481268131878,0.016655837506021978,10,0.6986405016052967,0.019143890146292804,10,-3.4500264159681877,0.5260622978904819,10,1.076947727790743,0.06545929108434563,10
natural,artificial,CNN_Jannis_OHE,10000,10,0.6684098854828151,0.01289697961334356,10,0.7222641287233449,0.01914084467706299,10,-3.6812779413526755,0.3939591719034202,10,1.128284650259052,0.06939988424436637,10
natural,artificial,CNN_Jannis_OHE,15000,10,0.6794917639223763,0.012648521515989133,10,0.7323925052892929,0.02512944006839882,10,-3.9498546114951276,0.5271977747702196,10,1.1518019850545138,0.05803307446086526,10
natural,artificial,CNN_Jannis_OHE,17500,10,0.6886904913029731,0.012428803843338587,10,0.7515454648249629,0.018281659627222144,10,-3.972684046359632,0.2806006456613642,10,1.1541504132254343,0.032054985479958074,10
artificial,artificial,aubin_1_10_1,500,10,0.2744508231967276,0.01682860963360482,10,0.26747251169167885,0.01837287751679108,10,-0.6331057929985259,0.0950493238004787,10,0.6817517125662759,0.004858943442659299,10
artificial,artificial,aubin_1_10_1,1000,10,0.30793929294528327,0.01626390695649918,10,0.32258768868961785,0.019708549386848444,10,0.02485256594816271,0.018515215311249323,10,0.5491343768913172,0.006497726806130498,10
artificial,artificial,aubin_1_10_1,2500,10,0.43642496491228416,0.020877335981545547,10,0.45577135712610184,0.022440820806183207,10,0.16263603614823852,0.016429697361932987,10,0.5068449750798173,0.006232579659002796,10
artificial,artificial,aubin_1_10_1,5000,10,0.511474934092791,0.017261773896528602,10,0.5288244473923145,0.01952538243209294,10,0.22361492039226666,0.024576345831191827,10,0.4853627287395379,0.005566023714060704,10
artificial,artificial,aubin_1_10_1,10000,10,0.6337048251296539,0.009337989101753581,10,0.6835281301235125,0.01226841612044009,10,0.4127870349699787,0.022803073913276933,10,0.41958487805953704,0.00844439430677064,10
artificial,artificial,aubin_1_10_1,15000,10,0.6709300287115758,0.010689339546958106,10,0.7554481396700771,0.01326664875107116,10,0.5392832832186195,0.026261882688452802,10,0.3701148453306229,0.01072335089105901,10
artificial,artificial,aubin_1_10_1,17500,10,0.671115576964291,0.010402591558169949,10,0.7723051566713564,0.010779906048426314,10,0.5634445578755349,0.022568027805886102,10,0.35836976459832737,0.009226082695549677,10
artificial,artificial,mlp_small,500,10,0.24417976779164757,0.02549166372617872,10,0.26794844950607766,0.026219368032433372,10,0.05204247692854088,0.01790965371757348,10,0.541791960311767,0.006093832093880491,10
artificial,artificial,mlp_small,1000,10,0.3186756939400895,0.020807913710682788,10,0.34387388445715694,0.02095786077210847,10,0.0953279885775637,0.01950354413475137,10,0.528987915548282,0.009456096271231073,10
artificial,artificial,mlp_small,2500,10,0.4572339773472125,0.021134573878150226,10,0.4786880577151004,0.021465081251070134,10,0.17941639514416807,0.03487676235221414,10,0.5009485185982829,0.008199906073472568,10
artificial,artificial,mlp_small,5000,10,0.596375631024512,0.016392500040202807,10,0.6442300843373405,0.021892686891965163,10,0.34732294833926247,0.038558371255795316,10,0.4411759238621487,0.011362726653727806,10
artificial,artificial,mlp_small,10000,10,0.6792186678856622,0.009511238958964463,10,0.7603341915992399,0.017306862522273394,10,0.5620784524084371,0.026912969960672238,10,0.3594709669181333,0.010826427007093633,10
artificial,artificial,mlp_small,15000,10,0.7043939614450901,0.010794929645379805,10,0.8000385489391467,0.012925257495881685,10,0.6342294008854557,0.023518762041430212,10,0.32721539233580177,0.010989615455613468,10
artificial,artificial,mlp_small,17500,10,0.7074180086178325,0.013394790645904516,10,0.8103436273384403,0.014308613040711574,10,0.6490519656758144,0.026278779394921778,10,0.32020947748899353,0.012604583051476255,10
artificial,artificial,mlp_deep,500,10,0.25097157740077886,0.03075363169114276,10,0.2738396294274955,0.03026702587153091,10,0.05295847957569085,0.015688897780332802,10,0.5418570697399547,0.007139669820168949,10
artificial,artificial,mlp_deep,1000,10,0.3267018508852003,0.024844466781479665,10,0.35636639530754194,0.024824076146435052,10,0.09383987954874429,0.017323588412397284,10,0.5283874898874862,0.01003756549708588,10
artificial,artificial,mlp_deep,2500,10,0.48550142875965774,0.01887118587233561,10,0.5305019969816075,0.02324368006656818,10,0.2253883054359974,0.026043731557978504,10,0.48708499109050063,0.008714465772486484,10
artificial,artificial,mlp_deep,5000,10,0.5925053483917541,0.019002864156338336,10,0.660020150886796,0.020747699437074756,10,0.4139759708569287,0.03365981841606585,10,0.42167721379203094,0.011529750107391809,10
artificial,artificial,mlp_deep,10000,10,0.6747005082172147,0.008239125243976547,10,0.7658739442596786,0.015739287051215252,10,0.5736446660977552,0.03310903109952735,10,0.3547197179554425,0.013868723370407744,10
artificial,artificial,mlp_deep,15000,10,0.7144050087246233,0.010832802668551954,10,0.8040564429620879,0.01591558556839384,10,0.6386924995642457,0.030439987049064646,10,0.32390740290159836,0.015209170493977242,10
artificial,artificial,mlp_deep,17500,10,0.7198284059473107,0.010208532341254394,10,0.813030356389808,0.01452454600115736,10,0.6535130557936485,0.022994769292644122,10,0.31750274993220473,0.011501348174666871,10
artificial,artificial,CNN_Jannis_OHE,500,10,0.16843120105237178,0.07859173895913708,10,0.17001181164574955,0.10980603025504909,10,0.005275440349970964,0.017933102444643696,10,0.5559083187235251,0.01105845735951763,10
artificial,artificial,CNN_Jannis_OHE,1000,10,0.3270079085624934,0.11342828467771891,10,0.3631375832384954,0.15484038182664198,10,0.11193267088576311,0.08770152536276972,10,0.5240457967185995,0.027114993686885174,10
artificial,artificial,CNN_Jannis_OHE,2500,10,0.528816287297283,0.03116475017230792,10,0.6029290029170651,0.029850861133328282,10,0.33570503606856755,0.04442880278821041,10,0.45150141509497493,0.014247857983917828,10
artificial,artificial,CNN_Jannis_OHE,5000,10,0.62929512719924,0.019239064718352215,10,0.7229063891705124,0.029276004468899813,10,0.5132569571590174,0.041337146447132544,10,0.3820871678621124,0.014977100728823599,10
artificial,artificial,CNN_Jannis_OHE,10000,10,0.6895182984567285,0.009441567774937426,10,0.795355003480121,0.013589355048400482,10,0.6291643576903322,0.022462068282583923,10,0.3293915614750681,0.010108521582622158,10
artificial,artificial,CNN_Jannis_OHE,15000,10,0.7139760624042919,0.01587660826882887,10,0.8185049861611858,0.015023639575410756,10,0.6675751430303125,0.021979829822432725,10,0.3099295430987058,0.012281656837267216,10
artificial,artificial,CNN_Jannis_OHE,17500,10,0.7224656067515214,0.009705861739013761,10,0.8278950596009984,0.015019848147411925,10,0.6825057594105266,0.028003841305573367,10,0.30273993129898463,0.015868560889556342,10
