source,target,target_peak,model,training_size,n_folds,spearman_mean,spearman_sd,spearman_defined_folds,pearson_mean,pearson_sd,pearson_defined_folds,r2_mean,r2_sd,r2_defined_folds,rmse_mean,rmse_sd,rmse_defined_folds
natural,artificial,cgre132,aubin_1_10_1,500,10,0.25641921404792256,0.06485816287409961,10,0.19088472783832539,0.08310475639442343,10,-1.1905700460417747,0.13138179791327118,10,0.8170914775896362,0.045495686939500575,10
natural,artificial,cgre1338,aubin_1_10_1,500,10,0.24751733659722652,0.023891113788270583,10,0.24265848994972444,0.015376807459188076,10,-9.245431231414457,0.5917426332370761,10,1.428016346052209,0.02876106860775958,10
natural,artificial,cgre4111,aubin_1_10_1,500,10,0.3597371018363338,0.015055851629138656,10,0.3857151132405019,0.019996373613282513,10,-2.1915727233332456,0.1606083721073541,10,1.3917247638691215,0.023516806786437475,10
natural,artificial,cgre9708,aubin_1_10_1,500,10,0.23657147717058682,0.049642988842179984,10,0.17110473200476178,0.06232586510889452,10,-1.1199312778712578,0.1448227219994927,10,0.6574432523894346,0.0348787884409221,10
natural,artificial,cgre132,aubin_1_10_1,1000,10,0.3227433448814359,0.06399628325191158,10,0.2546570127217346,0.08336956400992589,10,-1.757562662041779,0.05321976196742843,10,0.9167487314313016,0.03602360881469366,10
natural,artificial,cgre1338,aubin_1_10_1,1000,10,0.2849287416972064,0.032824220857923934,10,0.2771611469223349,0.026660106460888768,10,-11.090988883831034,0.40744645131703117,10,1.5518400615503627,0.011532428019603122,10
natural,artificial,cgre4111,aubin_1_10_1,1000,10,0.39954561810823735,0.021046872756217347,10,0.42385997711976964,0.02220045936610018,10,-2.714912163876068,0.16627037170768197,10,1.5015613375657026,0.016859633526792428,10
natural,artificial,cgre9708,aubin_1_10_1,1000,10,0.28878886767036704,0.03632577493179604,10,0.23965413306625233,0.04988164376153468,10,-1.8112992169268012,0.11716043523783574,10,0.7571361416306688,0.028857435453034295,10
natural,artificial,cgre132,aubin_1_10_1,2500,10,0.5143967061393485,0.10519910861150479,10,0.43580990528314123,0.10599553561521345,10,-1.7673090169677104,0.04945774118404321,10,0.9183195506981047,0.03445500806513384,10
natural,artificial,cgre1338,aubin_1_10_1,2500,10,0.37918519539085216,0.050433541257733056,10,0.343453429747544,0.04055057759234527,10,-11.106365181664495,0.4299066281775753,10,1.5527797907708507,0.012009639395162777,10
natural,artificial,cgre4111,aubin_1_10_1,2500,10,0.5115907002817527,0.05570104435115969,10,0.5021856425600609,0.03954335346691267,10,-2.716293060942981,0.16697496670508913,10,1.5018430944916283,0.0171969201746739,10
natural,artificial,cgre9708,aubin_1_10_1,2500,10,0.4325576406338659,0.10315155985024368,10,0.46217449902938573,0.12707361161134462,10,-1.8282530965345511,0.12270155965682913,10,0.7593690271965583,0.028268289017210596,10
natural,artificial,cgre132,aubin_1_10_1,5000,10,0.653996290688022,0.03594909263623219,10,0.5999118662337397,0.06077513418007269,10,-7.886765158193576,2.521941373865379,10,1.6269536372469986,0.21123855498213193,10
natural,artificial,cgre1338,aubin_1_10_1,5000,10,0.4516373796232223,0.019060212794804673,10,0.40927684313636636,0.02151491060854728,10,-18.714719369057185,4.529992436573469,10,1.9699312517551513,0.22826650125115325,10
natural,artificial,cgre4111,aubin_1_10_1,5000,10,0.5808222464456675,0.030390897823680058,10,0.522104011156913,0.016292003564988847,10,-11.039930921619206,1.4944429639114827,10,2.7006238565090483,0.18568997579045832,10
natural,artificial,cgre9708,aubin_1_10_1,5000,10,0.5482676997759608,0.03848399707720506,10,0.6431315531736566,0.01941996135048521,10,-21.181845947901834,5.179382320711619,10,2.1072212097887255,0.16498031601082352,10
natural,artificial,cgre132,aubin_1_10_1,10000,10,0.7918535531467918,0.02622946147057846,10,0.7427088542597147,0.029200665051923154,10,-4.633471671620004,1.0432807051844395,10,1.3035980834230898,0.12092883248087902,10
natural,artificial,cgre1338,aubin_1_10_1,10000,10,0.5107213950370226,0.010987589138059967,10,0.5974353538002648,0.016925896340952897,10,-10.043642315732905,2.101133878510302,10,1.478211982456689,0.14820790238226228,10
natural,artificial,cgre4111,aubin_1_10_1,10000,10,0.6770300576097548,0.024916581382724207,10,0.7507944393212702,0.033587284669221285,10,-4.191806600625634,1.175676695007652,10,1.764060185571584,0.1876803004799698,10
natural,artificial,cgre9708,aubin_1_10_1,10000,10,0.7158552876760792,0.01676228013416911,10,0.7609657697039531,0.02269576734292083,10,-11.45566863894354,2.28711520161112,10,1.587308161903327,0.1392101866738977,10
natural,artificial,cgre132,aubin_1_10_1,15000,10,0.7941339334551232,0.027808318824797097,10,0.7526624569399563,0.031697052608352934,10,-4.073118142195736,0.5118002388971681,10,1.2403710277460323,0.03493720233989899,10
natural,artificial,cgre1338,aubin_1_10_1,15000,10,0.5249168553292378,0.020577987511369644,10,0.6278684614487285,0.02347675583992087,10,-7.939576858846064,1.1192112077443903,10,1.332520347796315,0.08753178510279573,10
natural,artificial,cgre4111,aubin_1_10_1,15000,10,0.6807226985710587,0.02568667859454019,10,0.7341609663887189,0.036905906428150795,10,-2.6522979827384523,0.3862995882078662,10,1.4874184440826828,0.08049294965203875,10
natural,artificial,cgre9708,aubin_1_10_1,15000,10,0.5709149388379325,0.10421000769872338,10,0.7627757705566487,0.0272664808830053,10,-7.822623015687616,0.9698960576772336,10,1.337558829175602,0.03182913597439141,10
natural,artificial,cgre132,aubin_1_10_1,17500,10,0.6401575515050273,0.054258724222807884,10,0.7417258827295627,0.03406833456420715,10,-3.8544529656812343,0.4338979562092373,10,1.2137945990581747,0.030820033649374655,10
natural,artificial,cgre1338,aubin_1_10_1,17500,10,0.5270744648718446,0.023508897092027883,10,0.6434270061340326,0.018622083429770907,10,-7.4276694097462554,0.7479045818492541,10,1.2945367168818809,0.05409329418932661,10
natural,artificial,cgre4111,aubin_1_10_1,17500,10,0.6166029904816618,0.04851246612232878,10,0.6922847914557588,0.05037169443730808,10,-2.683659318766672,0.4158755811640196,10,1.4932547396982125,0.07684579578200723,10
natural,artificial,cgre9708,aubin_1_10_1,17500,10,0.1858020133821733,0.1912747239999822,10,0.7331075178423252,0.04523964659546337,10,-7.039959987716509,0.9127580761412537,10,1.2766983557495117,0.032140698727312116,10
natural,artificial,cgre132,mlp_small,500,10,0.3603627470881149,0.047241496537743975,10,0.36423083015602536,0.0431488890145553,10,-3.8152447823147404,1.901004563401945,10,1.1886447524919348,0.23355245449401482,10
natural,artificial,cgre1338,mlp_small,500,10,0.26252302484378437,0.03895207057791699,10,0.2654169681636853,0.040455831012564406,10,-10.98793225399375,5.052735977369606,10,1.5081984475235566,0.36764832988272406,10
natural,artificial,cgre4111,mlp_small,500,10,0.31742336324728293,0.0402231170294477,10,0.34770642188533085,0.04097228881038595,10,-6.8409830164820224,2.784511261415747,10,2.149100328702355,0.41546912102329947,10
natural,artificial,cgre9708,mlp_small,500,10,0.30814528983293915,0.040682722858135574,10,0.3920509522836518,0.03154585873622023,10,-12.569722002493908,8.734203851330541,10,1.573638633741686,0.5945546787212422,10
natural,artificial,cgre132,mlp_small,1000,10,0.48856386595482765,0.047943243961136195,10,0.4869814729993829,0.048733217096236854,10,-7.0955945557254525,2.9696799598666046,10,1.5489815104840199,0.34038959469272634,10
natural,artificial,cgre1338,mlp_small,1000,10,0.33319768480298356,0.03660367566677141,10,0.3360061631506718,0.03966846150383306,10,-12.84444339540317,5.386304303423949,10,1.6260769961203636,0.3733601395463824,10
natural,artificial,cgre4111,mlp_small,1000,10,0.4145094407941084,0.029994144104668913,10,0.4457987296806268,0.028673099210172817,10,-10.0573017813157,5.255102551162171,10,2.5280543862305946,0.6115031382657978,10
natural,artificial,cgre9708,mlp_small,1000,10,0.4047661835134038,0.04772964836845784,10,0.49741142481319534,0.04211188657328174,10,-26.12177133895957,12.244602061670502,10,2.2972224039435436,0.5779048397480941,10
natural,artificial,cgre132,mlp_small,2500,10,0.6613108590629346,0.046673287617932595,10,0.6337092740147756,0.062124599869799534,10,-7.189757827192369,2.6893044884019512,10,1.5644743731964046,0.2992974908412725,10
natural,artificial,cgre1338,mlp_small,2500,10,0.43520111503102027,0.0199168801978126,10,0.44360628037523736,0.02510773508691275,10,-16.2267467568486,5.021201154958805,10,1.8361751662300132,0.25984471527408465,10
natural,artificial,cgre4111,mlp_small,2500,10,0.5683287629297967,0.03043677424118152,10,0.5910187953074851,0.025915829599476307,10,-8.892389827257038,4.037952485496726,10,2.4139817153623504,0.41246113927099554,10
natural,artificial,cgre9708,mlp_small,2500,10,0.5631625419976594,0.04462148365711935,10,0.656181309713055,0.02579000559522611,10,-20.993220182830672,10.155296679480855,10,2.0607723396688473,0.5147999464371477,10
natural,artificial,cgre132,mlp_small,5000,10,0.7659528191058337,0.03435812490453562,10,0.6988787344461548,0.030570344778685435,10,-3.2176690558967223,1.4847499084166418,10,1.1134073701705578,0.2053386596471376,10
natural,artificial,cgre1338,mlp_small,5000,10,0.4945807023168161,0.017521274128257793,10,0.5606964191342552,0.013788701714077518,10,-8.906437758659651,1.9802440182474694,10,1.399611748836254,0.1469261208451956,10
natural,artificial,cgre4111,mlp_small,5000,10,0.6438775261852593,0.028994104103564323,10,0.7391666004007965,0.021674132669229216,10,-2.9054375558256362,1.353520117954514,10,1.517316034805128,0.27757382241626927,10
natural,artificial,cgre9708,mlp_small,5000,10,0.6991410852116215,0.026331759978475876,10,0.7052298943218129,0.022050439361003767,10,-6.748643725687382,2.9795311771601725,10,1.223967830724265,0.20577065331763097,10
natural,artificial,cgre132,mlp_small,10000,10,0.7977147950394692,0.025653988604768745,10,0.7317170072674954,0.022895566832442607,10,-3.3312669298350803,0.9426964174945632,10,1.1412658657924901,0.13075622970385117,10
natural,artificial,cgre1338,mlp_small,10000,10,0.5070013008984516,0.018874674987436908,10,0.6277080452100974,0.015178749741242977,10,-6.527622545634498,1.2244905475914636,10,1.2219768357321854,0.10879856201839874,10
natural,artificial,cgre4111,mlp_small,10000,10,0.6728142159338677,0.023674998920625218,10,0.8212065628170393,0.019494036419600784,10,-2.108391056741551,0.49929434826416674,10,1.369745654715865,0.11252017027212459,10
natural,artificial,cgre9708,mlp_small,10000,10,0.7323111820890824,0.01917605829039572,10,0.7208754848218034,0.02476856340072695,10,-5.666962322169938,1.856373097822405,10,1.1582373141104052,0.19994719043041037,10
natural,artificial,cgre132,mlp_small,15000,10,0.8073744751155072,0.02082174093949409,10,0.738419341342395,0.02520609314653107,10,-3.508502693329336,0.5650212690385769,10,1.1697474174156919,0.07994276394536008,10
natural,artificial,cgre1338,mlp_small,15000,10,0.5143806129533325,0.01818523838057042,10,0.644172636971775,0.009396135258361714,10,-7.052191225647394,0.8739034815434644,10,1.2650025111497591,0.06806986607224182,10
natural,artificial,cgre4111,mlp_small,15000,10,0.6839408872831052,0.02401178455441782,10,0.8480494266471554,0.010564080435982816,10,-2.067804717710657,0.49872195958594595,10,1.3604593019481228,0.10208373355541207,10
natural,artificial,cgre9708,mlp_small,15000,10,0.738213257960144,0.01771535814753572,10,0.7219883478544228,0.020135162279495546,10,-5.375955100024738,1.3939634871700617,10,1.13379671955051,0.12091707305992601,10
natural,artificial,cgre132,mlp_small,17500,10,0.8087581434379352,0.022258568423768,10,0.738857284000234,0.024957987777230833,10,-3.2618270192235905,0.42885939716476673,10,1.137486068232565,0.0542687925462887,10
natural,artificial,cgre1338,mlp_small,17500,10,0.5154882779207867,0.019313377440034096,10,0.6447869478578092,0.008517131813457753,10,-6.994163565431504,1.1776097786471305,10,1.2588300128838905,0.09262062141106424,10
natural,artificial,cgre4111,mlp_small,17500,10,0.6846458405898889,0.02937492457115911,10,0.8517534932844931,0.013186333082579922,10,-1.8538566350738936,0.4556053469189502,10,1.3120627030510281,0.09869238277089497,10
natural,artificial,cgre9708,mlp_small,17500,10,0.7404712625940284,0.018653470988373038,10,0.7193515554579147,0.01842370251329807,10,-4.620421136301817,1.0439744070376558,10,1.0643741250169296,0.0792471023137191,10
natural,artificial,cgre132,mlp_deep,500,10,0.3713795451100428,0.050922026488159695,10,0.37498202619185333,0.047897291589994666,10,-4.09202816145356,2.2794213624612008,10,1.2148434535933557,0.2752581771258672,10
natural,artificial,cgre1338,mlp_deep,500,10,0.26709745285363734,0.04044058264933015,10,0.2721850516438482,0.04064294529136159,10,-11.192185591313788,5.627201645040695,10,1.5135716162830815,0.39986334875909935,10
natural,artificial,cgre4111,mlp_deep,500,10,0.32337969077886697,0.04218341236706095,10,0.35484139162052736,0.040317399693907546,10,-6.241923441748129,2.9098431371653364,10,2.055472697108895,0.45316496948611984,10
natural,artificial,cgre9708,mlp_deep,500,10,0.3207681349154733,0.039834068736065764,10,0.40453487821107875,0.029043505818196185,10,-12.802779206694646,9.538851163686338,10,1.5761255281237534,0.6196192068583809,10
natural,artificial,cgre132,mlp_deep,1000,10,0.5156601538604506,0.043429489391705274,10,0.5119115544755678,0.04793291327580332,10,-7.318262073311018,3.3659161240977484,10,1.5667259831106255,0.36361548776675123,10
natural,artificial,cgre1338,mlp_deep,1000,10,0.34094204383562793,0.04333792828557023,10,0.3469429128881553,0.040836370533959554,10,-12.847905888856962,5.9624601788195974,10,1.6223257454497777,0.39876308421643675,10
natural,artificial,cgre4111,mlp_deep,1000,10,0.436522933932734,0.02831946256780147,10,0.46392098831217454,0.030967893468596176,10,-8.626535672958926,3.9792025472768997,10,2.373348636217714,0.4997940197653842,10
natural,artificial,cgre9708,mlp_deep,1000,10,0.42975934938331034,0.03840243058359696,10,0.5313415947507256,0.03354020462528711,10,-24.25743437780782,13.469435528144027,10,2.1954886727518366,0.643071351111765,10
natural,artificial,cgre132,mlp_deep,2500,10,0.7033306704074488,0.03462932070602578,10,0.6506819153017198,0.08969311914608549,10,-4.572500103334488,1.602380976626739,10,1.2935014526412387,0.2214366219884382,10
natural,artificial,cgre1338,mlp_deep,2500,10,0.46060896028428566,0.013776450142423857,10,0.4542442630433204,0.04224493548860736,10,-13.40057661526985,3.2594914184961454,10,1.684086549390593,0.194438997844074,10
natural,artificial,cgre4111,mlp_deep,2500,10,0.5985462909538908,0.02881724739030956,10,0.592655172475449,0.07384213215962054,10,-4.570277184306372,0.7318929502731438,10,1.8353094864805368,0.11561217601100111,10
natural,artificial,cgre9708,mlp_deep,2500,10,0.6199756147861545,0.043567363066438006,10,0.6591435423610441,0.03304136156528337,10,-9.524994181820393,4.278331900118902,10,1.4285918064512013,0.3504948089480234,10
natural,artificial,cgre132,mlp_deep,5000,10,0.7748095409185521,0.028310574843909846,10,0.691510348643124,0.06537139851314495,10,-3.8340890519634003,1.4654603504397983,10,1.1989992997924,0.1885198766255039,10
natural,artificial,cgre1338,mlp_deep,5000,10,0.5018856968488009,0.018790165654133172,10,0.494813056527956,0.0466790469938856,10,-10.971799209189422,1.9546292532420226,10,1.5399964586664874,0.13134836481692963,10
natural,artificial,cgre4111,mlp_deep,5000,10,0.6523102727670367,0.030201201090394102,10,0.6331567504927265,0.0675270501778779,10,-4.163159245186696,1.3461776609724119,10,1.7572999928735744,0.2241091083083358,10
natural,artificial,cgre9708,mlp_deep,5000,10,0.7084145730191466,0.02756281796899032,10,0.7061087469227543,0.04404468584360475,10,-8.365009373150002,2.746782874954791,10,1.3614324216147349,0.1573643603303592,10
natural,artificial,cgre132,mlp_deep,10000,10,0.8068681020098911,0.02759869085416628,10,0.7273054943331427,0.048921179749275186,10,-3.819765022152887,0.9671775068568872,10,1.205898938429544,0.12189853084320922,10
natural,artificial,cgre1338,mlp_deep,10000,10,0.5135689009308589,0.02073586223380901,10,0.6071592819853684,0.02143384499975704,10,-8.163830361237952,2.248569608960136,10,1.3430248493647547,0.1658197577594615,10
natural,artificial,cgre4111,mlp_deep,10000,10,0.6527877991567547,0.08790286011519872,10,0.670165630887808,0.07901032890236982,10,-4.020520422477814,0.9294667182941111,10,1.7389046094559184,0.15535135670896896,10
natural,artificial,cgre9708,mlp_deep,10000,10,0.7457201016411545,0.017843696546047436,10,0.7232680121480071,0.03211305227146702,10,-7.09086646810439,2.015047241633819,10,1.2779704286665348,0.18140817250211752,10
natural,artificial,cgre132,mlp_deep,15000,10,0.817649986043846,0.018445789316915064,10,0.746115984689686,0.032619170549325546,10,-4.203698492047943,0.9078185838609989,10,1.2530786214558431,0.08107055810043808,10
natural,artificial,cgre1338,mlp_deep,15000,10,0.5227451222916712,0.017824116892914913,10,0.6028229074115404,0.0370707806133868,10,-8.261729905206877,1.471483577161436,10,1.3546701420114262,0.10768106184941753,10
natural,artificial,cgre4111,mlp_deep,15000,10,0.6841262946180414,0.025671057151908715,10,0.6919321440938402,0.07264179943712701,10,-3.7644934129159218,0.7723373789328587,10,1.6961292514974904,0.13845282620393076,10
natural,artificial,cgre9708,mlp_deep,15000,10,0.7545651434857266,0.020001217550025683,10,0.7544775924127111,0.05384586140514862,10,-8.046553612052017,1.7458357069064145,10,1.3510193672883957,0.09932942890133256,10
natural,artificial,cgre132,mlp_deep,17500,10,0.8185948164191362,0.021426986160530473,10,0.74103163651119,0.03997564178689386,10,-3.950278269825214,0.6038508682605936,10,1.225804285034334,0.08467197658016803,10
natural,artificial,cgre1338,mlp_deep,17500,10,0.5260271865179282,0.020608249447626344,10,0.6053616815026744,0.028307012552577778,10,-8.335066535701788,1.1287988190098854,10,1.3616171846263385,0.08210474792912383,10
natural,artificial,cgre4111,mlp_deep,17500,10,0.6669575273844642,0.08424379542414062,10,0.6748557383997273,0.08514298676788194,10,-4.012312536443299,1.871036401341696,10,1.7227481083539011,0.26384969985801887,10
natural,artificial,cgre9708,mlp_deep,17500,10,0.7562933609537517,0.01828565094851208,10,0.747332603364144,0.054052486234709596,10,-7.470447779548505,1.4946337976513784,10,1.3068317353814183,0.09814339827042244,10
natural,artificial,cgre132,CNN_Jannis_OHE,500,10,0.36156810281154483,0.11591857173202078,10,0.39737916172752585,0.14404151024176068,10,-2.0871264461315544,1.3969315664916067,10,0.953120498179608,0.17486571912296509,10
natural,artificial,cgre1338,CNN_Jannis_OHE,500,10,0.2846658849761706,0.08131027088926412,10,0.27583771217717584,0.07827222529013894,10,-11.192576895305951,0.8558478420274502,10,1.5575835509580362,0.046710781054870344,10
natural,artificial,cgre4111,CNN_Jannis_OHE,500,10,0.3181750539289442,0.09123043957577809,10,0.32307472964812545,0.08367339414072601,10,-3.5037028942250936,1.435719703038553,10,1.6365451808637825,0.22744306933984695,10
natural,artificial,cgre9708,CNN_Jannis_OHE,500,10,0.3206188227021181,0.10251249158330708,10,0.42557040842649985,0.11769809974183935,10,-3.62921029291578,3.798380333669473,10,0.9232971532627122,0.34068345287896556,10
natural,artificial,cgre132,CNN_Jannis_OHE,1000,10,0.5828181426020466,0.05897537056383832,10,0.5822718840109207,0.0659465568227918,10,-3.02043215027428,1.4142593910778867,10,1.088319430407512,0.17305299481114098,10
natural,artificial,cgre1338,CNN_Jannis_OHE,1000,10,0.4114163346755255,0.034742330055174624,10,0.41234831563033075,0.04286921387575814,10,-10.031510569190855,1.7306571462065246,10,1.4786895321421274,0.12241019160542055,10
natural,artificial,cgre4111,CNN_Jannis_OHE,1000,10,0.4906160848820333,0.03484540693246596,10,0.4764892002391596,0.04884894986026499,10,-3.7276277789602887,1.2954085456752744,10,1.679916449085161,0.2162501499865808,10
natural,artificial,cgre9708,CNN_Jannis_OHE,1000,10,0.49320333245673814,0.040045307315275745,10,0.6186843804174618,0.052617047970763046,10,-5.597441408375519,2.70952908820638,10,1.145025510589394,0.2763370069812292,10
natural,artificial,cgre132,CNN_Jannis_OHE,2500,10,0.7115627105893755,0.02096047422721959,10,0.6815844264228909,0.04223569266206618,10,-2.601977321626239,0.5396864919432304,10,1.0433871427997563,0.06217704473363799,10
natural,artificial,cgre1338,CNN_Jannis_OHE,2500,10,0.48753136500546396,0.023012073689680116,10,0.5771367335668266,0.018252707412072824,10,-6.711324492891376,0.8876788683453786,10,1.2376052286083763,0.06735448911552437,10
natural,artificial,cgre4111,CNN_Jannis_OHE,2500,10,0.6171984898200391,0.021951720653207968,10,0.6886561619928668,0.04775514496121134,10,-1.9562896286988487,0.6267318632026184,10,1.3329018623621978,0.1337095775992925,10
natural,artificial,cgre9708,CNN_Jannis_OHE,2500,10,0.5863091985445689,0.025586495839724017,10,0.6688628552571003,0.05333408991409122,10,-4.591447061539844,1.512624282637733,10,1.0567208417684584,0.13169466733019777,10
natural,artificial,cgre132,CNN_Jannis_OHE,5000,10,0.7661638992716895,0.018967200445222737,10,0.6942266708078997,0.04153730940107982,10,-2.0842327859176706,0.5811913744238746,10,0.9649889113889923,0.08783213772271446,10
natural,artificial,cgre1338,CNN_Jannis_OHE,5000,10,0.5164531048592836,0.01724645288235986,10,0.6321936571217428,0.018573976609297688,10,-6.429900194053187,0.7972699719315818,10,1.215164554453345,0.06642910011394125,10
natural,artificial,cgre4111,CNN_Jannis_OHE,5000,10,0.6574353032639684,0.024105917566107374,10,0.7789400550365311,0.023519589938088493,10,-1.0417896838424174,0.4932319869393477,10,1.104930225626819,0.13344723817110823,10
natural,artificial,cgre9708,CNN_Jannis_OHE,5000,10,0.6477401998578098,0.034437121395108676,10,0.6892016234550133,0.02579034867549618,10,-4.2441830000594765,1.2471528735677162,10,1.0227072196938165,0.089168154152866,10
natural,artificial,cgre132,CNN_Jannis_OHE,10000,10,0.7868196257165627,0.01944479491694967,10,0.7245135514786692,0.04057018466446108,10,-2.6147474643453714,0.36239184613589803,10,1.0486099735785888,0.06724591976562042,10
natural,artificial,cgre1338,CNN_Jannis_OHE,10000,10,0.5235621345947326,0.017867663034350816,10,0.6615049338955444,0.022633887535104716,10,-6.087778962049109,0.9647639742695406,10,1.1858587059753556,0.08093110051524348,10
natural,artificial,cgre4111,CNN_Jannis_OHE,10000,10,0.682945868062645,0.030908982162202163,10,0.7986993920602471,0.042547739034167496,10,-1.468901796635094,0.5914393365957313,10,1.2153018251587784,0.13907488423381403,10
natural,artificial,cgre9708,CNN_Jannis_OHE,10000,10,0.6803119135573202,0.030330775216950805,10,0.7043386374589184,0.04087069146829759,10,-4.55368354238113,0.715330227844876,10,1.0633680963234855,0.08836844727634259,10
natural,artificial,cgre132,CNN_Jannis_OHE,15000,10,0.7943244369625753,0.019067799322315993,10,0.7315871866650597,0.034148357892459395,10,-3.046881502407836,0.5207576041315168,10,1.1075862078476915,0.06582928586293586,10
natural,artificial,cgre1338,CNN_Jannis_OHE,15000,10,0.5316635483815595,0.013280083751220027,10,0.6758398409159889,0.024658361031001934,10,-5.862903192630528,0.7372551542060843,10,1.1678507449735502,0.06105484641437274,10
natural,artificial,cgre4111,CNN_Jannis_OHE,15000,10,0.6876751024786174,0.02371733262213444,10,0.8097898643491543,0.03191576982282957,10,-1.2990504186497893,0.36324170577545495,10,1.1782760024173218,0.0983653435398341,10
natural,artificial,cgre9708,CNN_Jannis_OHE,15000,10,0.7043039678667533,0.02907878852079014,10,0.7123531292269686,0.04529646763492285,10,-5.590583332292358,1.122372241823944,10,1.1534949849794915,0.06520858776406512,10
natural,artificial,cgre132,CNN_Jannis_OHE,17500,10,0.8076564062256478,0.02003607529194183,10,0.7517840922215898,0.041924628497971614,10,-3.0633645774410816,0.36294176853683263,10,1.1109034563764748,0.04312752829076569,10
natural,artificial,cgre1338,CNN_Jannis_OHE,17500,10,0.5352406554060323,0.011632003228606958,10,0.677853245712336,0.0305376162800585,10,-5.915110260798696,0.8442793108806462,10,1.1714159068986754,0.06413459887168742,10
natural,artificial,cgre4111,CNN_Jannis_OHE,17500,10,0.6950079997234592,0.025740510068509845,10,0.8250264194206363,0.01790442723457077,10,-1.2709627029079114,0.2139933662330853,10,1.1731837538939849,0.05483913647531282,10
natural,artificial,cgre9708,CNN_Jannis_OHE,17500,10,0.7168569038567532,0.030533251855542835,10,0.751518101945289,0.030078749435502875,10,-5.64129864429084,0.726095126172485,10,1.1610985357326025,0.045426507795055596,10
artificial,artificial,cgre132,aubin_1_10_1,500,10,0.27358368056966215,0.06585201358772148,10,0.234763886349351,0.07523161278805021,10,-0.603440766136974,0.12814047782322383,10,0.6978097097526186,0.016884151572344373,10
artificial,artificial,cgre1338,aubin_1_10_1,500,10,0.2648162586044395,0.029216746563320108,10,0.26728098998132527,0.026072711009231194,10,-0.4423689579596834,0.07855302657107753,10,0.5358604878839929,0.011928945699593862,10
artificial,artificial,cgre4111,aubin_1_10_1,500,10,0.3322951180577866,0.02778179463914301,10,0.3589273695346385,0.03332966529561273,10,-0.019463814822127744,0.012339880388590872,10,0.7869201980002625,0.0075519275021189896,10
artificial,artificial,cgre9708,aubin_1_10_1,500,10,0.22710823555502208,0.034441735554868555,10,0.2089178009014007,0.06179342730472902,10,-1.4671496330753186,0.33785311612489094,10,0.7064164546282296,0.015941263276300303,10
artificial,artificial,cgre132,aubin_1_10_1,1000,10,0.33472704502585265,0.04492514198368584,10,0.32213918971419503,0.045651571941482665,10,0.002687567581015615,0.029106779601857133,10,0.5511226153231783,0.017478601840405665,10
artificial,artificial,cgre1338,aubin_1_10_1,1000,10,0.297159957632939,0.013768841470567476,10,0.29642517884440284,0.011269850011646168,10,0.06895341902797894,0.015439833652532601,10,0.430723662885972,0.004449092978824584,10
artificial,artificial,cgre4111,aubin_1_10_1,1000,10,0.35827412895623323,0.045131551062255505,10,0.38090402828369996,0.03917684163780187,10,0.05861033816754609,0.009705074958547952,10,0.756208878266128,0.008762480875588822,10
artificial,artificial,cgre9708,aubin_1_10_1,1000,10,0.24159604016610828,0.023544306870623758,10,0.29088235791617356,0.05438173917164927,10,-0.030841060983889813,0.04467028307610355,10,0.4584823510899903,0.0179902789099606,10
artificial,artificial,cgre132,aubin_1_10_1,2500,10,0.4870246639407389,0.025797046453708332,10,0.4681006923348653,0.045294904609102446,10,0.19210128308929425,0.02874072893749844,10,0.4961791683449846,0.02107139579000185,10
artificial,artificial,cgre1338,aubin_1_10_1,2500,10,0.38463203595356965,0.0214220972948887,10,0.3749610676935384,0.022009189839428494,10,0.03838646187236962,0.03796241538501469,10,0.43765744095291537,0.008248607380914177,10
artificial,artificial,cgre4111,aubin_1_10_1,2500,10,0.46545145777786734,0.032213899709480374,10,0.4813978365617687,0.027831418910880527,10,0.21321986667357481,0.0201692485036161,10,0.6912487683178253,0.008711508974520232,10
artificial,artificial,cgre9708,aubin_1_10_1,2500,10,0.4085917019769608,0.05394905837871742,10,0.49862583191423493,0.06591404233157194,10,0.2068365329577154,0.04664818704408977,10,0.4022945227035438,0.02231755124354588,10
artificial,artificial,cgre132,aubin_1_10_1,5000,10,0.5724632478581176,0.015569200353097975,10,0.5461394637478926,0.0645190751500569,10,0.2789172004349531,0.06367475927453732,10,0.4685119166677919,0.028062274966312282,10
artificial,artificial,cgre1338,aubin_1_10_1,5000,10,0.442977098902252,0.02467041221233664,10,0.4322820225885935,0.025256187924545745,10,0.0005414052193966845,0.08207757932133619,10,0.44598169256022546,0.019426103078113263,10
artificial,artificial,cgre4111,aubin_1_10_1,5000,10,0.5369473629781462,0.02605842491790149,10,0.5492344921249575,0.020792387659328164,10,0.29249244792509205,0.02528010732124852,10,0.6554201065799815,0.009307147761348514,10
artificial,artificial,cgre9708,aubin_1_10_1,5000,10,0.4935120266326479,0.05041845570485655,10,0.5876418111078147,0.04749297540717158,10,0.3225086279896249,0.054218386626855394,10,0.37153719915015243,0.020551654967771286,10
artificial,artificial,cgre132,aubin_1_10_1,10000,10,0.7383473763436178,0.02119355869302862,10,0.7016193182718038,0.0354654266545582,10,0.4360299277233902,0.06796357843430141,10,0.41392246257288895,0.028754656622671817,10
artificial,artificial,cgre1338,aubin_1_10_1,10000,10,0.5113027983247336,0.017854420390569347,10,0.588657202384565,0.020293693632400862,10,0.3040960040783546,0.027636928219411827,10,0.3722927337057088,0.005824892881812968,10
artificial,artificial,cgre4111,aubin_1_10_1,10000,10,0.64278947422619,0.01706520136893279,10,0.7372456451902383,0.011680301995565962,10,0.518050257713863,0.013948078602993744,10,0.541052802577729,0.01085629719868413,10
artificial,artificial,cgre9708,aubin_1_10_1,10000,10,0.6423796516240736,0.02835634901188594,10,0.7065903546474431,0.028135371019559048,10,0.3929719503643071,0.06590702225733923,10,0.3510715133818214,0.01449406427420429,10
artificial,artificial,cgre132,aubin_1_10_1,15000,10,0.7829009913201752,0.023012434391764747,10,0.7616982184652952,0.02900326976858427,10,0.544152393792271,0.054102145294883656,10,0.37220785566161607,0.026190915185636664,10
artificial,artificial,cgre1338,aubin_1_10_1,15000,10,0.5155506878621657,0.02005469715532364,10,0.6584540931639113,0.01609518954308109,10,0.4103059621183028,0.02812207916005778,10,0.3426962491240826,0.007620121092061572,10
artificial,artificial,cgre4111,aubin_1_10_1,15000,10,0.68201617563878,0.019968581316080716,10,0.8191334138116199,0.008207104122402059,10,0.6397739624964804,0.013770835185822021,10,0.4677542644711489,0.012137847064013524,10
artificial,artificial,cgre9708,aubin_1_10_1,15000,10,0.7032522600251826,0.024667733711491426,10,0.7825068332394817,0.026147854580794185,10,0.5629008144674239,0.056018008523158955,10,0.29780101206564413,0.017157359873143097,10
artificial,artificial,cgre132,aubin_1_10_1,17500,10,0.78827505993308,0.01908434686732278,10,0.7720487882180753,0.021341794305242096,10,0.5539809884051218,0.04520589586038444,10,0.3682995095011259,0.023134080793133113,10
artificial,artificial,cgre1338,aubin_1_10_1,17500,10,0.5113199042271518,0.02742733063249568,10,0.6721468384318803,0.02032712793274094,10,0.42551003755941996,0.03087214785253597,10,0.33822471800684034,0.008503479308647354,10
artificial,artificial,cgre4111,aubin_1_10_1,17500,10,0.6876838998540874,0.020792344975422313,10,0.8456817531617258,0.009435569785702575,10,0.6822020013786385,0.01078245856736942,10,0.4393583773280281,0.01067971906694533,10
artificial,artificial,cgre9708,aubin_1_10_1,17500,10,0.6971834438428453,0.033931853777626086,10,0.7993432468737443,0.027773394530043145,10,0.592085204158959,0.0604757569301369,10,0.28759645355731506,0.021989023691001294,10
artificial,artificial,cgre132,mlp_small,500,10,0.27701147730912135,0.027086613465208527,10,0.28169945548458436,0.0445324281403257,10,0.050745583532659365,0.06066680806757568,10,0.5371955740758759,0.012253250257420353,10
artificial,artificial,cgre1338,mlp_small,500,10,0.228159233313957,0.038270802666976834,10,0.2353243430084376,0.03245914204291582,10,0.03312523209387348,0.019065097612800345,10,0.4389569091966762,0.007467647851150677,10
artificial,artificial,cgre4111,mlp_small,500,10,0.263906573442599,0.038379157542866124,10,0.2834783123641068,0.04074527909232653,10,0.0707124790019575,0.018936224134119838,10,0.7513134228226717,0.011476819766118744,10
artificial,artificial,cgre9708,mlp_small,500,10,0.2076417871009129,0.028322108839212348,10,0.27129168716718194,0.058855859600227725,10,0.053586613085673196,0.029600209206513576,10,0.4397019351518443,0.024446043432230932,10
artificial,artificial,cgre132,mlp_small,1000,10,0.358085709601213,0.045971754943472984,10,0.3559431323029377,0.04521325101695963,10,0.11554235856996364,0.031024085272248703,10,0.5191862386635783,0.022779067029127097,10
artificial,artificial,cgre1338,mlp_small,1000,10,0.28684492912975224,0.025415646273789023,10,0.29380599792746165,0.021120869481382965,10,0.0520791902328,0.030129655271589287,10,0.43461032887849305,0.00943257702697325,10
artificial,artificial,cgre4111,mlp_small,1000,10,0.3439480251339934,0.03603568773933026,10,0.3754599108722247,0.03454147528197139,10,0.11646997391484323,0.02157521877290964,10,0.7325505671913768,0.011076569884535389,10
artificial,artificial,cgre9708,mlp_small,1000,10,0.28582411189539947,0.033399989863713585,10,0.3502864967260036,0.051614035303620194,10,0.09722043159264784,0.04441250797426122,10,0.4296045274596801,0.029091717272546502,10
artificial,artificial,cgre132,mlp_small,2500,10,0.5192981085673907,0.03090147696367939,10,0.49926284791197206,0.042988332166630776,10,0.22098123937226627,0.0494353958456427,10,0.48695248573151445,0.021124153763325985,10
artificial,artificial,cgre1338,mlp_small,2500,10,0.39030182850974526,0.022087077788579657,10,0.39626894083530445,0.022421318438108698,10,0.055478587854894554,0.06258296378450622,10,0.43365656875775144,0.015093832267530676,10
artificial,artificial,cgre4111,mlp_small,2500,10,0.47707337011958845,0.027779490699304077,10,0.508245904035261,0.026380895512558098,10,0.2375844274291546,0.021196317920207288,10,0.6804691011190187,0.010581120874487808,10
artificial,artificial,cgre9708,mlp_small,2500,10,0.4422626021921256,0.05165286894396036,10,0.5109745380778641,0.0603019625388005,10,0.2036213259203569,0.08454191988138435,10,0.4027159187848472,0.028386301820952073,10
artificial,artificial,cgre132,mlp_small,5000,10,0.6928955401351434,0.033675381509838495,10,0.6720632453465116,0.05159566135742198,10,0.37482283455135323,0.10583152455769484,10,0.43499829287054714,0.03721682866874422,10
artificial,artificial,cgre1338,mlp_small,5000,10,0.47554337514050554,0.03702544979757647,10,0.5168840697983603,0.04621074191257471,10,0.19946277507588792,0.05673110614983703,10,0.3991255188794166,0.012734700110234788,10
artificial,artificial,cgre4111,mlp_small,5000,10,0.6108609891969279,0.02310344171670483,10,0.6956513170242624,0.024742559867159057,10,0.4708835414658471,0.03293893547414095,10,0.5667675447700757,0.02067604958329205,10
artificial,artificial,cgre9708,mlp_small,5000,10,0.6062026196254708,0.0386839011791542,10,0.6923217051802274,0.04062366075946349,10,0.344122642263962,0.10508484228959732,10,0.3638123389285553,0.01892467007926928,10
artificial,artificial,cgre132,mlp_small,10000,10,0.7905833660644491,0.03200860013661742,10,0.7725590193598603,0.03482211388853381,10,0.5791254844685005,0.05977253941943804,10,0.35738915007542016,0.029629372572100434,10
artificial,artificial,cgre1338,mlp_small,10000,10,0.5495184188971342,0.026884456491979323,10,0.6454551823175717,0.02572832797029402,10,0.39364893350833463,0.02788328194866437,10,0.3475074709572294,0.007484326670548039,10
artificial,artificial,cgre4111,mlp_small,10000,10,0.6762443467417631,0.02336409207635419,10,0.817358309618759,0.011973654158059998,10,0.6610389776509934,0.02020394355971297,10,0.45362244061037027,0.015604603611927876,10
artificial,artificial,cgre9708,mlp_small,10000,10,0.7005285398393022,0.03733246067237667,10,0.8059642551007684,0.03266499298726777,10,0.61450041400592,0.059931523853341384,10,0.27936480602951325,0.021207061049620193,10
artificial,artificial,cgre132,mlp_small,15000,10,0.8123051751979998,0.02634041296214379,10,0.8083168739689557,0.02452116170308716,10,0.6458245587461016,0.0465333850235407,10,0.3280955559107801,0.026509634126145893,10
artificial,artificial,cgre1338,mlp_small,15000,10,0.5791528510899171,0.026808282066662657,10,0.6927734367153182,0.01868622719782206,10,0.4708984581525987,0.022816722200730975,10,0.3246028744498529,0.005039228888349273,10
artificial,artificial,cgre4111,mlp_small,15000,10,0.6977070539647338,0.022219280371246087,10,0.8558956597371834,0.008556243957577899,10,0.7289749245255395,0.016020719946509672,10,0.4056572019198573,0.014738203575890809,10
artificial,artificial,cgre9708,mlp_small,15000,10,0.7284107655277099,0.02677657731117426,10,0.8431682253351303,0.01912284687049536,10,0.6912196621175828,0.03752914429157038,10,0.2505059370627167,0.016170814053704873,10
artificial,artificial,cgre132,mlp_small,17500,10,0.8083347639104497,0.028957455581350017,10,0.818934445326791,0.026987506543278496,10,0.6609956332650729,0.04862408084883717,10,0.32091734789597404,0.0299436540416473,10
artificial,artificial,cgre1338,mlp_small,17500,10,0.590668408587161,0.02689289177142589,10,0.7033856588177607,0.018515740263245723,10,0.48810354242364334,0.02495216483890271,10,0.3192737625207443,0.006568384435437192,10
artificial,artificial,cgre4111,mlp_small,17500,10,0.698936826992006,0.02104321750512906,10,0.8629147641773809,0.008103385975570214,10,0.7398041236823991,0.017393684630650844,10,0.39736807599984036,0.013801487222901178,10
artificial,artificial,cgre9708,mlp_small,17500,10,0.7317320349817132,0.04094622585252886,10,0.8561396410318283,0.025764597106620674,10,0.7073045633321422,0.052693152630880875,10,0.24327872353941551,0.021514744805632067,10
artificial,artificial,cgre132,mlp_deep,500,10,0.28884149767496275,0.03132836387439642,10,0.29577624689720566,0.04025936514440921,10,0.05253364323594632,0.04369679472480316,10,0.5368938139706504,0.0114481999236343,10
artificial,artificial,cgre1338,mlp_deep,500,10,0.22960521904619607,0.049097919327075114,10,0.23620291918610095,0.04683242368285015,10,0.035059993630496965,0.030215219143735695,10,0.4384656293199579,0.00774676991386248,10
artificial,artificial,cgre4111,mlp_deep,500,10,0.27405665977239385,0.043425222559319895,10,0.29619669517335895,0.04712707130003645,10,0.06588942897863255,0.021707444600878974,10,0.7532910222966431,0.014798161278566367,10
artificial,artificial,cgre9708,mlp_deep,500,10,0.21138293310956277,0.03079630441517422,10,0.2671826564533165,0.04466866487845028,10,0.05835085245768758,0.021371029924050218,10,0.4387778133725676,0.026947088951101032,10
artificial,artificial,cgre132,mlp_deep,1000,10,0.37319404110231585,0.05001204649888842,10,0.3766354676090034,0.0469956180173345,10,0.1293061833812012,0.04586843226358541,10,0.5150043190375152,0.024066638217671535,10
artificial,artificial,cgre1338,mlp_deep,1000,10,0.2895195359628806,0.02660756628965285,10,0.3008483334826245,0.025440560575017965,10,0.009320329812961835,0.03832639194266371,10,0.444293351477177,0.011411367753679265,10
artificial,artificial,cgre4111,mlp_deep,1000,10,0.3459626181084875,0.038298621796896026,10,0.38015130712805034,0.040386242874689615,10,0.12981657870380114,0.023722299363756166,10,0.726980269748612,0.011360252913719707,10
artificial,artificial,cgre9708,mlp_deep,1000,10,0.2981312083671172,0.03580214801363428,10,0.3678304730104895,0.05697563701344588,10,0.10691642629701295,0.04632493941552698,10,0.4272720192866403,0.028916727455866684,10
artificial,artificial,cgre132,mlp_deep,2500,10,0.5704629783896104,0.040590328151601074,10,0.5644003833280482,0.04361089508896187,10,0.255840330218224,0.06466178100658665,10,0.47582517732100654,0.026095053204058423,10
artificial,artificial,cgre1338,mlp_deep,2500,10,0.3947038757157962,0.020981292893988476,10,0.4247471567462511,0.02185169599584374,10,0.11386872489766338,0.034482812165087084,10,0.4201460760002866,0.008369710353630985,10
artificial,artificial,cgre4111,mlp_deep,2500,10,0.4948833076423371,0.034647388465194405,10,0.5522612720760645,0.034591824929478994,10,0.2713316012733183,0.04939405971083149,10,0.6647958641899255,0.018515442859357852,10
artificial,artificial,cgre9708,mlp_deep,2500,10,0.4819555532908872,0.03792597303845625,10,0.5805991757760666,0.047582953954881026,10,0.26051256535478406,0.09088348387141379,10,0.38757284685078386,0.02353421038826992,10
artificial,artificial,cgre132,mlp_deep,5000,10,0.6963352931127474,0.03275993136340452,10,0.6897636360667625,0.04396112953808676,10,0.4492733284511271,0.07946450723931875,10,0.4088520235223677,0.032788203461343736,10
artificial,artificial,cgre1338,mlp_deep,5000,10,0.46563613639414675,0.03307613093038607,10,0.5336629214952222,0.03276875039053106,10,0.24805713101022894,0.047157470301863916,10,0.38689897261596046,0.011641250421444054,10
artificial,artificial,cgre4111,mlp_deep,5000,10,0.5861603489860349,0.01720209995320604,10,0.6907846989288686,0.017787637713572908,10,0.46193840747701903,0.02903602119031383,10,0.5715557147963949,0.017440519130148376,10
artificial,artificial,cgre9708,mlp_deep,5000,10,0.6218896150740872,0.03820768066185832,10,0.7258693470563309,0.044124378303128424,10,0.4966350164893395,0.06520590355376599,10,0.3194021442334004,0.015428343696506011,10
artificial,artificial,cgre132,mlp_deep,10000,10,0.7882703526593634,0.025508712663772547,10,0.7861089594251882,0.025512106341067653,10,0.6034767099618759,0.05025944242309385,10,0.34707003350546256,0.025763958729623112,10
artificial,artificial,cgre1338,mlp_deep,10000,10,0.5476100569336243,0.020602128277526582,10,0.6419735763143739,0.016195307063096673,10,0.38714376734287054,0.03759927323593905,10,0.34926798567818784,0.00897159241635568,10
artificial,artificial,cgre4111,mlp_deep,10000,10,0.6550138121710203,0.020097802161492224,10,0.8156479924416054,0.011948913405565559,10,0.6586573884106269,0.01862166693988492,10,0.45528784355146446,0.016113533321382302,10
artificial,artificial,cgre9708,mlp_deep,10000,10,0.7079078111048507,0.021028115639071955,10,0.8197652488575464,0.03374765463085698,10,0.6453007986756479,0.072539950865803,10,0.267253009086655,0.026932066324707384,10
artificial,artificial,cgre132,mlp_deep,15000,10,0.8263374580673741,0.01693499283889024,10,0.8145837781550428,0.030631690960743398,10,0.6529102661256762,0.05278060989798901,10,0.32472694693855486,0.03124081396782086,10
artificial,artificial,cgre1338,mlp_deep,15000,10,0.5826898627532257,0.02378688786517779,10,0.6872504808862978,0.023731593560695464,10,0.45246623516942447,0.03930366841859722,10,0.33008039649027904,0.010188605455821528,10
artificial,artificial,cgre4111,mlp_deep,15000,10,0.6870710278853014,0.022566081404837627,10,0.8620817784781242,0.008307283847415765,10,0.7365320544677584,0.017874302395812627,10,0.39989831042084717,0.015500838642844251,10
artificial,artificial,cgre9708,mlp_deep,15000,10,0.7615216861925922,0.02012390814468136,10,0.8523097343288866,0.03159069465129083,10,0.7128614424941236,0.06419143688929034,10,0.24092395775671246,0.030936804042537937,10
artificial,artificial,cgre132,mlp_deep,17500,10,0.8343033610560996,0.020434943881092866,10,0.8223813163070821,0.02763881449276327,10,0.6614722123893354,0.044198654355337715,10,0.3207950271320936,0.026786622168089053,10
artificial,artificial,cgre1338,mlp_deep,17500,10,0.5889901028462762,0.02659112279618602,10,0.7029497203178668,0.021512923046243575,10,0.4856752055934491,0.030642925172184792,10,0.319998410367594,0.00897478829549939,10
artificial,artificial,cgre4111,mlp_deep,17500,10,0.6897212677164092,0.020750006021758378,10,0.8692871659704068,0.010591372520342915,10,0.7483599950269866,0.020451909958331724,10,0.3906265154778926,0.014829250475564446,10
artificial,artificial,cgre9708,mlp_deep,17500,10,0.7662988921704577,0.01876981379877212,10,0.8575032229638758,0.02613365373024488,10,0.7185448101648225,0.04796742312290209,10,0.2385910467512385,0.02201785039595,10
artificial,artificial,cgre132,CNN_Jannis_OHE,500,10,0.1709427863665241,0.11707791743873311,10,0.1416266255508182,0.15473412391271293,10,-0.00851744084707895,0.017917932516680987,10,0.5544045420140884,0.02139435311635217,10
artificial,artificial,cgre1338,CNN_Jannis_OHE,500,10,0.18026135946252145,0.049995524812706256,10,0.17444196782137644,0.04839502247628881,10,0.009660777965927615,0.010947389117746812,10,0.44425039776747843,0.005418988305470894,10
artificial,artificial,cgre4111,CNN_Jannis_OHE,500,10,0.1988725430069503,0.08845352126301702,10,0.19169365591164506,0.09223392310245265,10,0.012258839721670111,0.01846704757119924,10,0.7745309793801838,0.005736003689946662,10
artificial,artificial,cgre9708,CNN_Jannis_OHE,500,10,0.12364811537349119,0.08936708675593616,10,0.17228499729915847,0.15372566797282491,10,0.00769958455936508,0.04295092932581016,10,0.45044735573234956,0.030521121755910884,10
artificial,artificial,cgre132,CNN_Jannis_OHE,1000,10,0.3732597043850808,0.1447994948825212,10,0.37137221985958435,0.2025574676695104,10,0.1348647906373658,0.11103220345183848,10,0.5128217608102402,0.041763652413489234,10
artificial,artificial,cgre1338,CNN_Jannis_OHE,1000,10,0.28604266301657394,0.08522188902333688,10,0.28431001600276834,0.09131683950383296,10,0.05525866648610141,0.04043753389148913,10,0.4338645884140505,0.01238740294876404,10
artificial,artificial,cgre4111,CNN_Jannis_OHE,1000,10,0.3484993915426505,0.11249248641626491,10,0.36000692302393805,0.13861623329180123,10,0.11330227859289368,0.08947477966841039,10,0.7330215869773847,0.03662626801386337,10
artificial,artificial,cgre9708,CNN_Jannis_OHE,1000,10,0.30022987530566836,0.12471556653493525,10,0.43686117406769076,0.19817422416730177,10,0.14430494782669157,0.14522554269280216,10,0.41647525067272245,0.0391481594471543,10
artificial,artificial,cgre132,CNN_Jannis_OHE,2500,10,0.6145783641717892,0.028395296506387793,10,0.6143451149178117,0.03793121577877619,10,0.32786992827442146,0.06871131879603272,10,0.45216181596843513,0.02819629319605327,10
artificial,artificial,cgre1338,CNN_Jannis_OHE,2500,10,0.44032114404823125,0.03225063751184479,10,0.49885457997271454,0.042696450396889685,10,0.22205993350578984,0.055482065252597586,10,0.39356112440990776,0.015897074025169763,10
artificial,artificial,cgre4111,CNN_Jannis_OHE,2500,10,0.539540391710368,0.03830742194392788,10,0.6283186250255064,0.05596255005507628,10,0.36632407598688943,0.07452269378531455,10,0.6193672790011966,0.03633206894145602,10
artificial,artificial,cgre9708,CNN_Jannis_OHE,2500,10,0.5208252492587437,0.053345123656237406,10,0.6701976917522271,0.056098970511789505,10,0.4265662065071695,0.1031209874020308,10,0.34091544100036025,0.03342673314380559,10
artificial,artificial,cgre132,CNN_Jannis_OHE,5000,10,0.7429779669022472,0.02274650266702874,10,0.7251841720985518,0.044670279867324754,10,0.506268016438354,0.06399194922544117,10,0.386957170440266,0.025212124751450918,10
artificial,artificial,cgre1338,CNN_Jannis_OHE,5000,10,0.5006761714069249,0.024850574253956516,10,0.614584072120566,0.02958776919602696,10,0.35998330646652993,0.04052864015088608,10,0.3569359456160249,0.010612854329217353,10
artificial,artificial,cgre4111,CNN_Jannis_OHE,5000,10,0.6284842706225404,0.03055101632370949,10,0.7744697456272258,0.020526619011535383,10,0.589747853475075,0.028244815535043058,10,0.4989073238628186,0.015836316778530746,10
artificial,artificial,cgre9708,CNN_Jannis_OHE,5000,10,0.6450420998652471,0.04002924632832363,10,0.7773875668357058,0.04980931334163906,10,0.597028652256111,0.0770595923039831,10,0.28554823152934067,0.02776460813130504,10
artificial,artificial,cgre132,CNN_Jannis_OHE,10000,10,0.8038146391895659,0.021809895527003336,10,0.7852265994294696,0.041050128653820676,10,0.6020786547714188,0.07252050295409179,10,0.34712286842535633,0.03235361576333601,10
artificial,artificial,cgre1338,CNN_Jannis_OHE,10000,10,0.5551852622750993,0.022928968887973744,10,0.6904902654744206,0.01485067508106255,10,0.4697096307407218,0.02374235851357337,10,0.32497349858732516,0.006158491899757068,10
artificial,artificial,cgre4111,CNN_Jannis_OHE,10000,10,0.6775606969212031,0.024448510669863754,10,0.8564612827680611,0.012550402945210003,10,0.7294330129419475,0.021315996851106096,10,0.40517160418301607,0.017634616393770966,10
artificial,artificial,cgre9708,CNN_Jannis_OHE,10000,10,0.721512595441046,0.026459135723385922,10,0.8492418662485328,0.02616588883053575,10,0.7154361323072405,0.04629026517723693,10,0.24029827470457485,0.021788526888337795,10
artificial,artificial,cgre132,CNN_Jannis_OHE,15000,10,0.826615844588245,0.025056934581205007,10,0.8119107704297898,0.03377820482656403,10,0.650044816574897,0.05659459373916903,10,0.32587857830326755,0.0313761537182282,10
artificial,artificial,cgre1338,CNN_Jannis_OHE,15000,10,0.5817890041190372,0.0327656887087857,10,0.7139067430331115,0.020793201694736203,10,0.4990452734804525,0.035292954210852365,10,0.3157592966575254,0.010641188509375015,10
artificial,artificial,cgre4111,CNN_Jannis_OHE,15000,10,0.6970777782267518,0.030142544689164524,10,0.8791281716684798,0.012817776194730493,10,0.7697458272226696,0.022726746615922052,10,0.37353790983226925,0.01763344963799327,10
artificial,artificial,cgre9708,CNN_Jannis_OHE,15000,10,0.7504216226831334,0.02330691690176967,10,0.869074259513362,0.02342748629726217,10,0.7514646548432311,0.04010684895366321,10,0.22454238760176076,0.02126299358297076,10
artificial,artificial,cgre132,CNN_Jannis_OHE,17500,10,0.8343824068577579,0.01757547561507686,10,0.8202061414126469,0.03376967840468653,10,0.6650576763397662,0.059574951462930716,10,0.3186248957236362,0.032041299856028854,10
artificial,artificial,cgre1338,CNN_Jannis_OHE,17500,10,0.5911362255275978,0.024503537150407206,10,0.7259731583780382,0.01832622170234853,10,0.5169726286644185,0.029572684378438394,10,0.3101117396515204,0.009262202169988121,10
artificial,artificial,cgre4111,CNN_Jannis_OHE,17500,10,0.6972175663420815,0.026238773470607313,10,0.886158705780217,0.011557111303049539,10,0.780838742608983,0.02147723887979764,10,0.3644699110610596,0.0174261363026516,10
artificial,artificial,cgre9708,CNN_Jannis_OHE,17500,10,0.7671262282786484,0.01692142061897855,10,0.8792422328330914,0.02181641628922046,10,0.7671539900289382,0.040423955170276894,10,0.2177531787597224,0.025669139547565865,10
