source,target,model,training_size,n,mse,rmse,r2,spearman,pearson
natural,natural,aubin_1_10_1,500,24516,0.6131837670704483,0.7830605130323252,-0.03507236068431907,0.05111606775671455,0.012561634618775162
natural,artificial,aubin_1_10_1,500,26902,1.54164261984374,1.2416290186056944,-2.32326638367418,0.0168385444485724,0.01151821936423802
natural,natural,aubin_1_10_1,1000,24516,0.5921399335628985,0.7695062920879195,0.00045025357302286295,0.092900468359901,0.04255762795554656
natural,artificial,aubin_1_10_1,1000,26902,1.8279795041630156,1.3520279228488647,-2.940513033329404,0.057341716466436606,0.049488137470671996
natural,natural,aubin_1_10_1,2500,24516,0.5895912153187325,0.767848432516947,0.004752565459575253,0.23238280666942115,0.22883199968474263
natural,artificial,aubin_1_10_1,2500,26902,1.8303193137462084,1.3528929424556138,-2.945556880996778,0.16389142632663722,0.189971670405994
natural,natural,aubin_1_10_1,5000,24516,0.27958598919880917,0.5287589140608498,0.5280505691843862,0.7673130343422908,0.7306570449771634
natural,artificial,aubin_1_10_1,5000,26902,4.8513022823723055,2.2025672026915104,-9.457786768819249,0.4932410443264824,0.45242203039183965
natural,natural,aubin_1_10_1,10000,24516,0.09847432243951722,0.31380618610779043,0.833772427014446,0.8737745255289022,0.9131243275215054
natural,artificial,aubin_1_10_1,10000,26902,2.4650733055817637,1.5700551918903245,-4.313874398829743,0.7122042654321868,0.7299365996478097
natural,natural,aubin_1_10_1,15000,24516,0.06403646950288928,0.2530542817319819,0.8919045427850835,0.8918797321281294,0.9444433246894824
natural,artificial,aubin_1_10_1,15000,26902,1.8781612752451722,1.3704602421249483,-3.0486881646886204,0.7481022030175302,0.7578877742158633
natural,natural,aubin_1_10_1,17500,24516,0.053901425327978696,0.23216680496569422,0.9090127975418655,0.8931770314909505,0.9534721380929589
natural,artificial,aubin_1_10_1,17500,26902,1.8086315673698177,1.344853734563658,-2.8988053462749264,0.7112661723873817,0.7428716738680757
natural,natural,mlp_small,500,24516,0.4621099555825521,0.679786698591957,0.21994470775739816,0.4584003565442655,0.4692131207839404
natural,artificial,mlp_small,500,26902,3.035870516543623,1.742374964393033,-5.544322466798177,0.32829306771487166,0.3084708894206495
natural,natural,mlp_small,1000,24516,0.3889278066879746,0.6236407673396397,0.34347834267105515,0.5862792812878289,0.5878840580297169
natural,artificial,mlp_small,1000,26902,4.372003480555937,2.090933638486869,-8.424578698862607,0.43741557591714236,0.41878884623192214
natural,natural,mlp_small,2500,24516,0.2590282379938634,0.5089481682783261,0.5627526621176773,0.7637673298913696,0.7651368650722077
natural,artificial,mlp_small,2500,26902,4.230724460797338,2.056872495026694,-8.120028337424248,0.5599729569952998,0.5410451656441215
natural,natural,mlp_small,5000,24516,0.1340361024970823,0.36610941328663255,0.7737430889741069,0.8537193925761465,0.8821359637307981
natural,artificial,mlp_small,5000,26902,1.9185357023903529,1.3851121623862643,-3.1357219394199403,0.6504066083441236,0.65944292100491
natural,natural,mlp_small,10000,24516,0.08625179372486821,0.2936865569359078,0.854404417503441,0.8853190287448254,0.9245598399318513
natural,artificial,mlp_small,10000,26902,1.571916548971918,1.2537609616557368,-2.3885268595318117,0.7150749890327304,0.7399180477360305
natural,natural,mlp_small,15000,24516,0.07546422065362084,0.2747075183784034,0.872614160364471,0.893910386658042,0.934143710107912
natural,artificial,mlp_small,15000,26902,1.5984435933780317,1.2642956906428304,-2.4457103038647174,0.7214776419846575,0.7548194507961677
natural,natural,mlp_small,17500,24516,0.07187168383308913,0.26808894761457275,0.878678468924756,0.8964797615831227,0.9374004090517589
natural,artificial,mlp_small,17500,26902,1.5170299383429462,1.2316776925571666,-2.2702096661244546,0.7132118075802107,0.7446117747863301
natural,natural,mlp_deep,500,24516,0.461868158171563,0.6796088273202189,0.22035286894893713,0.46094217301959506,0.4720424105982183
natural,artificial,mlp_deep,500,26902,2.957772107571304,1.7198174634452645,-5.375968391855405,0.3326293323214179,0.3174273567750845
natural,natural,mlp_deep,1000,24516,0.37964987885378665,0.616157349103122,0.3591397596577973,0.6049922092815662,0.6187378735189519
natural,artificial,mlp_deep,1000,26902,4.059653039864119,2.014858069409386,-7.751255513504546,0.4615715298579948,0.4519220684198263
natural,natural,mlp_deep,2500,24516,0.18698706985699412,0.4324200155600965,0.684360287717652,0.7914908178265899,0.8303067521003467
natural,artificial,mlp_deep,2500,26902,2.731474826996621,1.6527174068777217,-4.888147067009731,0.5914734509849023,0.5635441884002981
natural,natural,mlp_deep,5000,24516,0.11845111072691719,0.34416727143486087,0.8000510166934935,0.8488628714334964,0.8949407701136923
natural,artificial,mlp_deep,5000,26902,2.3898850607695854,1.5459253089232952,-4.151793665451274,0.6607899555868902,0.6046718294984635
natural,natural,mlp_deep,10000,24516,0.07707909823530379,0.27763122705362914,0.8698881991755854,0.8772685715574902,0.9326922082860885
natural,artificial,mlp_deep,10000,26902,2.1171044190593955,1.455027291517034,-3.5637697453520563,0.6915196502530488,0.6596808702064219
natural,natural,mlp_deep,15000,24516,0.061249129078599356,0.24748561388209891,0.8966096559794272,0.8899587943844544,0.9469466988367478
natural,artificial,mlp_deep,15000,26902,2.121174318335145,1.4564251845993137,-3.572543088326584,0.7332109866448282,0.7040760519527143
natural,natural,mlp_deep,17500,24516,0.05798725851709398,0.24080543705882967,0.9021157901004829,0.895087257730487,0.9498159605831251
natural,artificial,mlp_deep,17500,26902,2.1395497377157113,1.462719979256355,-3.612154352783933,0.7098747994810888,0.677252452846095
natural,natural,CNN_Jannis_OHE,500,24516,0.5286094304738022,0.7270553145901639,0.10769162449525482,0.3494498094193348,0.3307090233779477
natural,artificial,CNN_Jannis_OHE,500,26902,2.053425924078852,1.4329779914844651,-3.42650018689028,0.15628784165319606,0.19762554581879077
natural,natural,CNN_Jannis_OHE,1000,24516,0.33305716190445317,0.5771110481566378,0.4377896458963907,0.6526732412253805,0.6628450503827914
natural,artificial,CNN_Jannis_OHE,1000,26902,2.1185148674237064,1.4555118918867362,-3.566810200756369,0.5093052490127014,0.49664110250048976
natural,natural,CNN_Jannis_OHE,2500,24516,0.16012427360336515,0.4001553118519922,0.7297054834420378,0.7974380554981939,0.8568713422983373
natural,artificial,CNN_Jannis_OHE,2500,26902,1.4811434212367243,1.217022358560731,-2.192850325904382,0.6717115212884213,0.6945712000299804
natural,natural,CNN_Jannis_OHE,5000,24516,0.10217618883095941,0.31965010375558994,0.8275235669002352,0.8485433729194997,0.9107049465746879
natural,artificial,CNN_Jannis_OHE,5000,26902,1.2536980477856656,1.119686584623423,-1.702554096426284,0.6827450936049023,0.7273510496517057
natural,natural,CNN_Jannis_OHE,10000,24516,0.07079232034364091,0.26606826256365285,0.8805004664645755,0.8736100327921131,0.9388757857551622
natural,artificial,CNN_Jannis_OHE,10000,26902,1.3457069518931861,1.160046099037959,-1.900894551005969,0.7205130737808628,0.7668028918394836
natural,natural,CNN_Jannis_OHE,15000,24516,0.056021468344635464,0.2366885471344895,0.905434102136266,0.8854412376643386,0.9516931423950769
natural,artificial,CNN_Jannis_OHE,15000,26902,1.349540931983865,1.1616974356448693,-1.9091593310444974,0.7386005342362695,0.7931959822829587
natural,natural,CNN_Jannis_OHE,17500,24516,0.05033997627112779,0.22436571991088075,0.9150246290362698,0.8944794982252845,0.9566355863852708
natural,artificial,CNN_Jannis_OHE,17500,26902,1.3506145791201187,1.162159446513308,-1.9114737555355648,0.749420958586669,0.8078112039212728
artificial,natural,aubin_1_10_1,500,24516,2.008597339125522,1.417249921194396,-2.3905718010210073,0.10671802983414536,0.06171290205869429
artificial,artificial,aubin_1_10_1,500,26902,0.45329887922355083,0.6732747427488653,0.022839075872526315,0.35616573079158914,0.31796952838551484
artificial,natural,aubin_1_10_1,1000,24516,1.823899759888188,1.3505183300822645,-2.078796816716992,0.4015562600736721,0.41007204865041585
artificial,artificial,aubin_1_10_1,1000,26902,0.3261825513302876,0.57112393692638,0.2968594057895888,0.5301777864180579,0.5515713651219786
artificial,natural,aubin_1_10_1,2500,24516,1.6884991167914836,1.2994226090042775,-1.8502365207426545,0.5980518271110491,0.5773685374814252
artificial,artificial,aubin_1_10_1,2500,26902,0.2831850405902677,0.5321513324142557,0.38954767230784393,0.611558036709339,0.6241529594080991
artificial,natural,aubin_1_10_1,5000,24516,1.7081509202360623,1.3069624785111706,-1.8834093470232092,0.6924213078377416,0.653376887222862
artificial,artificial,aubin_1_10_1,5000,26902,0.2634673663663936,0.5132907230472743,0.4320523897235323,0.6588871429158832,0.6592707898318193
artificial,natural,aubin_1_10_1,10000,24516,2.03369502940333,1.4260767964606007,-2.432937445577593,0.8119608973083221,0.8205921753433101
artificial,artificial,aubin_1_10_1,10000,26902,0.1886627557549037,0.43435326147607517,0.593306135947932,0.7418809341117621,0.7714286361521314
artificial,natural,aubin_1_10_1,15000,24516,1.9601897490468978,1.4000677658766727,-2.308858355185505,0.8352942879791088,0.8447890351221066
artificial,artificial,aubin_1_10_1,15000,26902,0.14746595724091346,0.3840129649385727,0.6821126685737744,0.7608541890150174,0.8261785675739343
artificial,natural,aubin_1_10_1,17500,24516,1.9622522019180058,1.400804126892124,-2.3123398367196577,0.836605349694085,0.8385123235335709
artificial,artificial,aubin_1_10_1,17500,26902,0.13705490736456066,0.3702092750925626,0.7045554134924024,0.7614245035758779,0.8399484167306759
artificial,natural,mlp_small,500,24516,2.1005874591750477,1.4493403531175995,-2.545853848316883,0.3533303399735825,0.3643448907717832
artificial,artificial,mlp_small,500,26902,0.3216739311807379,0.567163055197302,0.306578484379459,0.5269199263268628,0.553981567748896
artificial,natural,mlp_small,1000,24516,2.0431902620019176,1.4294020645017684,-2.448965679442984,0.4465299989025257,0.4477045607919139
artificial,artificial,mlp_small,1000,26902,0.30744458710046535,0.5544768589404478,0.33725219580584387,0.5570770746728475,0.5809525213010718
artificial,natural,mlp_small,2500,24516,2.0579296485619776,1.4345485870342551,-2.473846200521761,0.6085895930605806,0.6033353270998992
artificial,artificial,mlp_small,2500,26902,0.27606538068961617,0.5254192427858121,0.4048952801817275,0.6280450801967272,0.6402072701553736
artificial,natural,mlp_small,5000,24516,2.6803520594665784,1.6371780781169099,-3.524513665637211,0.7206794154244324,0.6933352650493232
artificial,artificial,mlp_small,5000,26902,0.20972086318951838,0.4579529049908062,0.5479118924050624,0.7222336499801159,0.7490969200544708
artificial,natural,mlp_small,10000,24516,2.898482206006353,1.7024929386068985,-3.8927238137858344,0.7771859635614445,0.7427096960837971
artificial,artificial,mlp_small,10000,26902,0.14146106770415184,0.3761131049354062,0.695057204018195,0.7817628302168033,0.8361570083640399
artificial,natural,mlp_small,15000,24516,2.769787182509641,1.6642677616626602,-3.6754828023098067,0.8054347878518952,0.7700582917583247
artificial,artificial,mlp_small,15000,26902,0.11738618880974283,0.3426166791178486,0.7469545988430254,0.8037352075791107,0.8647462305844849
artificial,natural,mlp_small,17500,24516,2.7016552672473564,1.643671277125495,-3.5604741113501603,0.8117240539667943,0.7723836502003163
artificial,artificial,mlp_small,17500,26902,0.11280826920383112,0.3358694228473785,0.7568230639059796,0.8073917491797679,0.8709581764599119
artificial,natural,mlp_deep,500,24516,1.9072547963782152,1.3810339591690768,-2.2195025872021836,0.34513683184310157,0.34857814034137524
artificial,artificial,mlp_deep,500,26902,0.3222820352242663,0.5676988948591201,0.305267615245704,0.5238893247822525,0.5525756588409227
artificial,natural,mlp_deep,1000,24516,1.8582681296958792,1.3631830873715678,-2.1368116429079653,0.44270209793376025,0.4485399584747706
artificial,artificial,mlp_deep,1000,26902,0.30722829359162973,0.5542817817605318,0.3377184523413522,0.5601633236800474,0.5823517009155681
artificial,natural,mlp_deep,2500,24516,2.0634845788762752,1.4364834071009227,-2.4832230874235894,0.6239840433787087,0.6244962496592307
artificial,artificial,mlp_deep,2500,26902,0.2616844069797948,0.5115509817992677,0.43589585442583845,0.6388209053636926,0.6690582181331887
artificial,natural,mlp_deep,5000,24516,2.2449142579557266,1.4983037936132066,-2.7894817594692745,0.6982582154895871,0.6906338713545443
artificial,artificial,mlp_deep,5000,26902,0.19940927818446438,0.44655266003514565,0.5701402242950877,0.7116982644427676,0.7588615408910817
artificial,natural,mlp_deep,10000,24516,2.2307760975511743,1.4935782863817935,-2.765616125948693,0.7237621580937829,0.7160309083494433
artificial,artificial,mlp_deep,10000,26902,0.14022861454406696,0.37447111309694764,0.697713961235233,0.7748441019662337,0.8360219134846059
artificial,natural,mlp_deep,15000,24516,2.2363604505665275,1.4954465722875316,-2.775042679241373,0.759977603522116,0.7432603798366128
artificial,artificial,mlp_deep,15000,26902,0.11642371775817505,0.3412091994043757,0.7490293648424624,0.8026272816261039,0.8669839467823872
artificial,natural,mlp_deep,17500,24516,2.155255567084725,1.4680788695041982,-2.6381352336812705,0.7837272553326236,0.7693531883682133
artificial,artificial,mlp_deep,17500,26902,0.11099796670881301,0.3331635735022858,0.760725471213962,0.8056785217834669,0.8727216967591849
artificial,natural,CNN_Jannis_OHE,500,24516,2.1138528087402504,1.453909491247736,-2.5682461512888883,0.15036380676500832,0.150430960560962
artificial,artificial,CNN_Jannis_OHE,500,26902,0.3387907716419946,0.5820573611268863,0.2696802955467097,0.4758901570360628,0.5197267072615699
artificial,natural,CNN_Jannis_OHE,1000,24516,2.0437709556837698,1.429605174754124,-2.449945907577497,0.36756645311326425,0.37757821795977164
artificial,artificial,CNN_Jannis_OHE,1000,26902,0.30526789422283385,0.55251053765773,0.3419444183577536,0.5568221867629052,0.5881191595524544
artificial,natural,CNN_Jannis_OHE,2500,24516,1.9152197021913129,1.3839146296615672,-2.2329475841269706,0.6898342934041637,0.698523793472525
artificial,artificial,CNN_Jannis_OHE,2500,26902,0.22729953348779822,0.4767594083893869,0.5100181527535949,0.6710283936647756,0.7231623642291458
artificial,natural,CNN_Jannis_OHE,5000,24516,1.861995277176827,1.3645494777313232,-2.143103178250061,0.7876957643199348,0.799608075194906
artificial,artificial,CNN_Jannis_OHE,5000,26902,0.16122556699479187,0.4015290363034682,0.6524515474040871,0.7415861757154307,0.8098961289941633
artificial,natural,CNN_Jannis_OHE,10000,24516,2.02504258070144,1.423039908330557,-2.418331855892215,0.819667803893717,0.8195283868527318
artificial,artificial,CNN_Jannis_OHE,10000,26902,0.11872596484102985,0.3445663431634463,0.7440664893751645,0.7884867406349497,0.8634667814916459
artificial,natural,CNN_Jannis_OHE,15000,24516,1.945331468543892,1.3947514002659729,-2.2837771376095204,0.834271895688132,0.8379301945751519
artificial,artificial,CNN_Jannis_OHE,15000,26902,0.10556444792010192,0.32490682959904355,0.7724383222360853,0.8043141047356308,0.8793182976150262
artificial,natural,CNN_Jannis_OHE,17500,24516,1.9903557414179722,1.4107996815345445,-2.3597794437933937,0.8365833104458364,0.8372766742682936
artificial,artificial,CNN_Jannis_OHE,17500,26902,0.10099092805875835,0.3177906985088745,0.782297302919825,0.8098131276183187,0.8850778380349272
