source,model,training_size,n_folds,fit_seconds_mean,fit_seconds_sd,fit_seconds_defined_folds,inference_seconds_mean,inference_seconds_sd,inference_seconds_defined_folds
natural,aubin_1_10_1,500,10,23.899800376500934,4.422718957181363,10,0.29592668721452353,0.10252923185263953,10
natural,aubin_1_10_1,1000,10,7.862728872522712,2.6693473189450643,10,0.2924203326925635,0.11064287168865948,10
natural,aubin_1_10_1,2500,10,11.007032130099834,3.220769317917403,10,0.3053152797743678,0.136641962350769,10
natural,aubin_1_10_1,5000,10,19.4951456557028,6.736451583565956,10,0.2806083239614964,0.11342463931041377,10
natural,aubin_1_10_1,10000,10,33.74521664492786,10.919331130516108,10,0.2781123767606914,0.10733703337992644,10
natural,aubin_1_10_1,15000,10,48.05372473681346,15.887232898853771,10,0.27822664482519033,0.09904975262197657,10
natural,aubin_1_10_1,17500,10,55.49019929701463,17.387123368602772,10,0.2677392417564988,0.1302096987801356,10
natural,mlp_small,500,10,30.11187514811754,5.136193067262091,10,0.5002223295159638,0.2638681257697047,10
natural,mlp_small,1000,10,13.954282865021378,5.351426920458923,10,0.45172464326024053,0.1875685690931063,10
natural,mlp_small,2500,10,24.623325895145534,9.471657034896715,10,0.4341457745991647,0.19829678729969188,10
natural,mlp_small,5000,10,41.39862854238599,13.46112323421142,10,0.46970685869455336,0.273624139246949,10
natural,mlp_small,10000,10,80.55592340836301,29.38333015994218,10,0.4725411543622613,0.3285435983232113,10
natural,mlp_small,15000,10,111.23776263697073,39.19419506637866,10,0.35035783536732196,0.12476110936283019,10
natural,mlp_small,17500,10,121.73717406569048,39.90173981861068,10,0.34823747277259826,0.11585278167413961,10
natural,mlp_deep,500,10,32.366115448996425,3.520760651859716,10,0.694416101835668,0.19305950057901383,10
natural,mlp_deep,1000,10,20.53022999893874,4.26707719690029,10,0.6906453181058169,0.22479027177513658,10
natural,mlp_deep,2500,10,44.37651391224936,10.722324249370642,10,0.6261716378852725,0.19102857164607923,10
natural,mlp_deep,5000,10,70.87985082836822,12.64433226316723,10,0.6727394251152873,0.23139119003938338,10
natural,mlp_deep,10000,10,137.50321000814438,32.61522669288314,10,0.5745672300457955,0.18964845241588224,10
natural,mlp_deep,15000,10,196.2124190269038,40.38060620868959,10,0.5599028705619276,0.18808644083905787,10
natural,mlp_deep,17500,10,207.1462338935584,58.599462046938065,10,0.46657189251855014,0.10722845280010043,10
natural,CNN_Jannis_OHE,500,10,141.5983121083118,95.56227713834899,10,5.12430526567623,2.074822924046343,10
natural,CNN_Jannis_OHE,1000,10,203.71306701004505,79.65064701461442,10,4.123925606068224,0.3421412170870864,10
natural,CNN_Jannis_OHE,2500,10,283.0863461866975,38.525135052023906,10,4.101830203272402,0.30378520479525745,10
natural,CNN_Jannis_OHE,5000,10,420.7026637244038,78.66652571243412,10,4.126168778445572,0.30606659815667553,10
natural,CNN_Jannis_OHE,10000,10,664.8674036172218,180.50484194905954,10,4.040814225748181,0.2938004203128619,10
natural,CNN_Jannis_OHE,15000,10,1076.3468611216172,228.59232564659092,10,4.121157313324511,0.35873524336215923,10
natural,CNN_Jannis_OHE,17500,10,1325.0505140795372,137.38038981547504,10,4.119249821826815,0.36711933106547995,10
artificial,aubin_1_10_1,500,10,23.52627694392577,1.6650975417279583,10,0.34369603963568807,0.09770241203013219,10
artificial,aubin_1_10_1,1000,10,8.54624922974035,1.6479892328378858,10,0.3634947309270501,0.1533951024370658,10
artificial,aubin_1_10_1,2500,10,13.853225341718645,4.138280882006167,10,0.33607487762346866,0.1048240239735017,10
artificial,aubin_1_10_1,5000,10,19.328792363405228,5.25934607292151,10,0.32151497835293413,0.12948245665874497,10
artificial,aubin_1_10_1,10000,10,38.501467977650464,10.629964983004015,10,0.32618712512776254,0.12453890547960901,10
artificial,aubin_1_10_1,15000,10,53.614563533104956,12.091339684017328,10,0.31690485766157506,0.08377336160458466,10
artificial,aubin_1_10_1,17500,10,61.952458190359174,15.990717207675642,10,0.303993153385818,0.12677478677846798,10
artificial,mlp_small,500,10,28.75797274587676,3.7895090571154557,10,0.5478020859882236,0.14782515860096093,10
artificial,mlp_small,1000,10,11.790301097836345,3.0912911203258804,10,0.6118055149912834,0.16589229289715207,10
artificial,mlp_small,2500,10,22.078286887239663,6.970088977258807,10,0.5843489467166364,0.1792336144807765,10
artificial,mlp_small,5000,10,50.271399116143584,11.08178848376378,10,0.590812518261373,0.19739171053565982,10
artificial,mlp_small,10000,10,96.62557443967088,22.045255428736233,10,0.5055370432324707,0.17424761255380636,10
artificial,mlp_small,15000,10,134.70458473917097,35.64083864949852,10,0.44552196906879543,0.174143783685961,10
artificial,mlp_small,17500,10,150.7774961763993,35.69380475135079,10,0.4535118589177728,0.1656982928588299,10
artificial,mlp_deep,500,10,28.778501962963492,2.281189030606893,10,0.699644310772419,0.13867051416004195,10
artificial,mlp_deep,1000,10,17.276972993183882,2.67855552164981,10,0.7526762434281409,0.18946032551314448,10
artificial,mlp_deep,2500,10,41.781521125976,10.915607666845638,10,0.6930402719415725,0.1614231969214867,10
artificial,mlp_deep,5000,10,75.31789745790884,8.821507920910575,10,0.6719417326152325,0.16817251074163744,10
artificial,mlp_deep,10000,10,143.17190332543106,31.954753494335424,10,0.6763739560730755,0.21422989639609186,10
artificial,mlp_deep,15000,10,228.41510478202252,39.96904090796619,10,0.5590258972719312,0.13549583952857497,10
artificial,mlp_deep,17500,10,226.8107953910716,35.12579861220925,10,0.48705068696290255,0.08190219648068275,10
artificial,CNN_Jannis_OHE,500,10,108.63729822319002,50.60331430058298,10,4.516262058075517,1.3686373255407702,10
artificial,CNN_Jannis_OHE,1000,10,171.56227388316765,78.43621106014835,10,4.979391395300627,2.015328657969459,10
artificial,CNN_Jannis_OHE,2500,10,321.46318183336405,74.20360234025684,10,4.071060081757605,0.33905339500549675,10
artificial,CNN_Jannis_OHE,5000,10,453.83236827803773,75.16469347788555,10,4.056124044582248,0.3300593403592692,10
artificial,CNN_Jannis_OHE,10000,10,827.0093750627711,142.05074506214552,10,4.078341137059033,0.4062506830796957,10
artificial,CNN_Jannis_OHE,15000,10,1066.7619937421755,136.17051240143883,10,4.035376764088869,0.32598799936878703,10
artificial,CNN_Jannis_OHE,17500,10,1269.6314541969448,158.90605931883243,10,4.0435245665721595,0.3318785847929678,10
