source,fold,training_size,partition,gene,n
natural,0,500,train,cgreGFP,500
natural,0,500,validation,cgreGFP,4413
natural,0,500,test,cgreGFP,2452
natural,0,1000,train,cgreGFP,1000
natural,0,1000,validation,cgreGFP,4413
natural,0,1000,test,cgreGFP,2452
natural,0,2500,train,cgreGFP,2500
natural,0,2500,validation,cgreGFP,4413
natural,0,2500,test,cgreGFP,2452
natural,0,5000,train,cgreGFP,5000
natural,0,5000,validation,cgreGFP,4413
natural,0,5000,test,cgreGFP,2452
natural,0,10000,train,cgreGFP,10000
natural,0,10000,validation,cgreGFP,4413
natural,0,10000,test,cgreGFP,2452
natural,0,15000,train,cgreGFP,15000
natural,0,15000,validation,cgreGFP,4413
natural,0,15000,test,cgreGFP,2452
natural,0,17500,train,cgreGFP,17500
natural,0,17500,validation,cgreGFP,4413
natural,0,17500,test,cgreGFP,2452
natural,1,500,train,cgreGFP,500
natural,1,500,validation,cgreGFP,4413
natural,1,500,test,cgreGFP,2452
natural,1,1000,train,cgreGFP,1000
natural,1,1000,validation,cgreGFP,4413
natural,1,1000,test,cgreGFP,2452
natural,1,2500,train,cgreGFP,2500
natural,1,2500,validation,cgreGFP,4413
natural,1,2500,test,cgreGFP,2452
natural,1,5000,train,cgreGFP,5000
natural,1,5000,validation,cgreGFP,4413
natural,1,5000,test,cgreGFP,2452
natural,1,10000,train,cgreGFP,10000
natural,1,10000,validation,cgreGFP,4413
natural,1,10000,test,cgreGFP,2452
natural,1,15000,train,cgreGFP,15000
natural,1,15000,validation,cgreGFP,4413
natural,1,15000,test,cgreGFP,2452
natural,1,17500,train,cgreGFP,17500
natural,1,17500,validation,cgreGFP,4413
natural,1,17500,test,cgreGFP,2452
natural,2,500,train,cgreGFP,500
natural,2,500,validation,cgreGFP,4413
natural,2,500,test,cgreGFP,2452
natural,2,1000,train,cgreGFP,1000
natural,2,1000,validation,cgreGFP,4413
natural,2,1000,test,cgreGFP,2452
natural,2,2500,train,cgreGFP,2500
natural,2,2500,validation,cgreGFP,4413
natural,2,2500,test,cgreGFP,2452
natural,2,5000,train,cgreGFP,5000
natural,2,5000,validation,cgreGFP,4413
natural,2,5000,test,cgreGFP,2452
natural,2,10000,train,cgreGFP,10000
natural,2,10000,validation,cgreGFP,4413
natural,2,10000,test,cgreGFP,2452
natural,2,15000,train,cgreGFP,15000
natural,2,15000,validation,cgreGFP,4413
natural,2,15000,test,cgreGFP,2452
natural,2,17500,train,cgreGFP,17500
natural,2,17500,validation,cgreGFP,4413
natural,2,17500,test,cgreGFP,2452
natural,3,500,train,cgreGFP,500
natural,3,500,validation,cgreGFP,4413
natural,3,500,test,cgreGFP,2452
natural,3,1000,train,cgreGFP,1000
natural,3,1000,validation,cgreGFP,4413
natural,3,1000,test,cgreGFP,2452
natural,3,2500,train,cgreGFP,2500
natural,3,2500,validation,cgreGFP,4413
natural,3,2500,test,cgreGFP,2452
natural,3,5000,train,cgreGFP,5000
natural,3,5000,validation,cgreGFP,4413
natural,3,5000,test,cgreGFP,2452
natural,3,10000,train,cgreGFP,10000
natural,3,10000,validation,cgreGFP,4413
natural,3,10000,test,cgreGFP,2452
natural,3,15000,train,cgreGFP,15000
natural,3,15000,validation,cgreGFP,4413
natural,3,15000,test,cgreGFP,2452
natural,3,17500,train,cgreGFP,17500
natural,3,17500,validation,cgreGFP,4413
natural,3,17500,test,cgreGFP,2452
natural,4,500,train,cgreGFP,500
natural,4,500,validation,cgreGFP,4413
natural,4,500,test,cgreGFP,2452
natural,4,1000,train,cgreGFP,1000
natural,4,1000,validation,cgreGFP,4413
natural,4,1000,test,cgreGFP,2452
natural,4,2500,train,cgreGFP,2500
natural,4,2500,validation,cgreGFP,4413
natural,4,2500,test,cgreGFP,2452
natural,4,5000,train,cgreGFP,5000
natural,4,5000,validation,cgreGFP,4413
natural,4,5000,test,cgreGFP,2452
natural,4,10000,train,cgreGFP,10000
natural,4,10000,validation,cgreGFP,4413
natural,4,10000,test,cgreGFP,2452
natural,4,15000,train,cgreGFP,15000
natural,4,15000,validation,cgreGFP,4413
natural,4,15000,test,cgreGFP,2452
natural,4,17500,train,cgreGFP,17500
natural,4,17500,validation,cgreGFP,4413
natural,4,17500,test,cgreGFP,2452
natural,5,500,train,cgreGFP,500
natural,5,500,validation,cgreGFP,4413
natural,5,500,test,cgreGFP,2452
natural,5,1000,train,cgreGFP,1000
natural,5,1000,validation,cgreGFP,4413
natural,5,1000,test,cgreGFP,2452
natural,5,2500,train,cgreGFP,2500
natural,5,2500,validation,cgreGFP,4413
natural,5,2500,test,cgreGFP,2452
natural,5,5000,train,cgreGFP,5000
natural,5,5000,validation,cgreGFP,4413
natural,5,5000,test,cgreGFP,2452
natural,5,10000,train,cgreGFP,10000
natural,5,10000,validation,cgreGFP,4413
natural,5,10000,test,cgreGFP,2452
natural,5,15000,train,cgreGFP,15000
natural,5,15000,validation,cgreGFP,4413
natural,5,15000,test,cgreGFP,2452
natural,5,17500,train,cgreGFP,17500
natural,5,17500,validation,cgreGFP,4413
natural,5,17500,test,cgreGFP,2452
natural,6,500,train,cgreGFP,500
natural,6,500,validation,cgreGFP,4413
natural,6,500,test,cgreGFP,2451
natural,6,1000,train,cgreGFP,1000
natural,6,1000,validation,cgreGFP,4413
natural,6,1000,test,cgreGFP,2451
natural,6,2500,train,cgreGFP,2500
natural,6,2500,validation,cgreGFP,4413
natural,6,2500,test,cgreGFP,2451
natural,6,5000,train,cgreGFP,5000
natural,6,5000,validation,cgreGFP,4413
natural,6,5000,test,cgreGFP,2451
natural,6,10000,train,cgreGFP,10000
natural,6,10000,validation,cgreGFP,4413
natural,6,10000,test,cgreGFP,2451
natural,6,15000,train,cgreGFP,15000
natural,6,15000,validation,cgreGFP,4413
natural,6,15000,test,cgreGFP,2451
natural,6,17500,train,cgreGFP,17500
natural,6,17500,validation,cgreGFP,4413
natural,6,17500,test,cgreGFP,2451
natural,7,500,train,cgreGFP,500
natural,7,500,validation,cgreGFP,4413
natural,7,500,test,cgreGFP,2451
natural,7,1000,train,cgreGFP,1000
natural,7,1000,validation,cgreGFP,4413
natural,7,1000,test,cgreGFP,2451
natural,7,2500,train,cgreGFP,2500
natural,7,2500,validation,cgreGFP,4413
natural,7,2500,test,cgreGFP,2451
natural,7,5000,train,cgreGFP,5000
natural,7,5000,validation,cgreGFP,4413
natural,7,5000,test,cgreGFP,2451
natural,7,10000,train,cgreGFP,10000
natural,7,10000,validation,cgreGFP,4413
natural,7,10000,test,cgreGFP,2451
natural,7,15000,train,cgreGFP,15000
natural,7,15000,validation,cgreGFP,4413
natural,7,15000,test,cgreGFP,2451
natural,7,17500,train,cgreGFP,17500
natural,7,17500,validation,cgreGFP,4413
natural,7,17500,test,cgreGFP,2451
natural,8,500,train,cgreGFP,500
natural,8,500,validation,cgreGFP,4413
natural,8,500,test,cgreGFP,2451
natural,8,1000,train,cgreGFP,1000
natural,8,1000,validation,cgreGFP,4413
natural,8,1000,test,cgreGFP,2451
natural,8,2500,train,cgreGFP,2500
natural,8,2500,validation,cgreGFP,4413
natural,8,2500,test,cgreGFP,2451
natural,8,5000,train,cgreGFP,5000
natural,8,5000,validation,cgreGFP,4413
natural,8,5000,test,cgreGFP,2451
natural,8,10000,train,cgreGFP,10000
natural,8,10000,validation,cgreGFP,4413
natural,8,10000,test,cgreGFP,2451
natural,8,15000,train,cgreGFP,15000
natural,8,15000,validation,cgreGFP,4413
natural,8,15000,test,cgreGFP,2451
natural,8,17500,train,cgreGFP,17500
natural,8,17500,validation,cgreGFP,4413
natural,8,17500,test,cgreGFP,2451
natural,9,500,train,cgreGFP,500
natural,9,500,validation,cgreGFP,4413
natural,9,500,test,cgreGFP,2451
natural,9,1000,train,cgreGFP,1000
natural,9,1000,validation,cgreGFP,4413
natural,9,1000,test,cgreGFP,2451
natural,9,2500,train,cgreGFP,2500
natural,9,2500,validation,cgreGFP,4413
natural,9,2500,test,cgreGFP,2451
natural,9,5000,train,cgreGFP,5000
natural,9,5000,validation,cgreGFP,4413
natural,9,5000,test,cgreGFP,2451
natural,9,10000,train,cgreGFP,10000
natural,9,10000,validation,cgreGFP,4413
natural,9,10000,test,cgreGFP,2451
natural,9,15000,train,cgreGFP,15000
natural,9,15000,validation,cgreGFP,4413
natural,9,15000,test,cgreGFP,2451
natural,9,17500,train,cgreGFP,17500
natural,9,17500,validation,cgreGFP,4413
natural,9,17500,test,cgreGFP,2451
artificial,0,500,train,cgre132,79
artificial,0,500,train,cgre1338,190
artificial,0,500,train,cgre4111,153
artificial,0,500,train,cgre9708,78
artificial,0,500,validation,cgre132,700
artificial,0,500,validation,cgre1338,1680
artificial,0,500,validation,cgre4111,1348
artificial,0,500,validation,cgre9708,685
artificial,0,500,test,cgre132,427
artificial,0,500,test,cgre1338,1024
artificial,0,500,test,cgre4111,822
artificial,0,500,test,cgre9708,418
artificial,0,1000,train,cgre132,159
artificial,0,1000,train,cgre1338,381
artificial,0,1000,train,cgre4111,305
artificial,0,1000,train,cgre9708,155
artificial,0,1000,validation,cgre132,700
artificial,0,1000,validation,cgre1338,1680
artificial,0,1000,validation,cgre4111,1348
artificial,0,1000,validation,cgre9708,685
artificial,0,1000,test,cgre132,427
artificial,0,1000,test,cgre1338,1024
artificial,0,1000,test,cgre4111,822
artificial,0,1000,test,cgre9708,418
artificial,0,2500,train,cgre132,397
artificial,0,2500,train,cgre1338,952
artificial,0,2500,train,cgre4111,763
artificial,0,2500,train,cgre9708,388
artificial,0,2500,validation,cgre132,700
artificial,0,2500,validation,cgre1338,1680
artificial,0,2500,validation,cgre4111,1348
artificial,0,2500,validation,cgre9708,685
artificial,0,2500,test,cgre132,427
artificial,0,2500,test,cgre1338,1024
artificial,0,2500,test,cgre4111,822
artificial,0,2500,test,cgre9708,418
artificial,0,5000,train,cgre132,793
artificial,0,5000,train,cgre1338,1903
artificial,0,5000,train,cgre4111,1527
artificial,0,5000,train,cgre9708,777
artificial,0,5000,validation,cgre132,700
artificial,0,5000,validation,cgre1338,1680
artificial,0,5000,validation,cgre4111,1348
artificial,0,5000,validation,cgre9708,685
artificial,0,5000,test,cgre132,427
artificial,0,5000,test,cgre1338,1024
artificial,0,5000,test,cgre4111,822
artificial,0,5000,test,cgre9708,418
artificial,0,10000,train,cgre132,1586
artificial,0,10000,train,cgre1338,3807
artificial,0,10000,train,cgre4111,3053
artificial,0,10000,train,cgre9708,1554
artificial,0,10000,validation,cgre132,700
artificial,0,10000,validation,cgre1338,1680
artificial,0,10000,validation,cgre4111,1348
artificial,0,10000,validation,cgre9708,685
artificial,0,10000,test,cgre132,427
artificial,0,10000,test,cgre1338,1024
artificial,0,10000,test,cgre4111,822
artificial,0,10000,test,cgre9708,418
artificial,0,15000,train,cgre132,2379
artificial,0,15000,train,cgre1338,5710
artificial,0,15000,train,cgre4111,4580
artificial,0,15000,train,cgre9708,2331
artificial,0,15000,validation,cgre132,700
artificial,0,15000,validation,cgre1338,1680
artificial,0,15000,validation,cgre4111,1348
artificial,0,15000,validation,cgre9708,685
artificial,0,15000,test,cgre132,427
artificial,0,15000,test,cgre1338,1024
artificial,0,15000,test,cgre4111,822
artificial,0,15000,test,cgre9708,418
artificial,0,17500,train,cgre132,2776
artificial,0,17500,train,cgre1338,6662
artificial,0,17500,train,cgre4111,5343
artificial,0,17500,train,cgre9708,2719
artificial,0,17500,validation,cgre132,700
artificial,0,17500,validation,cgre1338,1680
artificial,0,17500,validation,cgre4111,1348
artificial,0,17500,validation,cgre9708,685
artificial,0,17500,test,cgre132,427
artificial,0,17500,test,cgre1338,1024
artificial,0,17500,test,cgre4111,822
artificial,0,17500,test,cgre9708,418
artificial,1,500,train,cgre132,79
artificial,1,500,train,cgre1338,190
artificial,1,500,train,cgre4111,153
artificial,1,500,train,cgre9708,78
artificial,1,500,validation,cgre132,700
artificial,1,500,validation,cgre1338,1680
artificial,1,500,validation,cgre4111,1348
artificial,1,500,validation,cgre9708,685
artificial,1,500,test,cgre132,427
artificial,1,500,test,cgre1338,1024
artificial,1,500,test,cgre4111,822
artificial,1,500,test,cgre9708,418
artificial,1,1000,train,cgre132,159
artificial,1,1000,train,cgre1338,381
artificial,1,1000,train,cgre4111,305
artificial,1,1000,train,cgre9708,155
artificial,1,1000,validation,cgre132,700
artificial,1,1000,validation,cgre1338,1680
artificial,1,1000,validation,cgre4111,1348
artificial,1,1000,validation,cgre9708,685
artificial,1,1000,test,cgre132,427
artificial,1,1000,test,cgre1338,1024
artificial,1,1000,test,cgre4111,822
artificial,1,1000,test,cgre9708,418
artificial,1,2500,train,cgre132,397
artificial,1,2500,train,cgre1338,952
artificial,1,2500,train,cgre4111,763
artificial,1,2500,train,cgre9708,388
artificial,1,2500,validation,cgre132,700
artificial,1,2500,validation,cgre1338,1680
artificial,1,2500,validation,cgre4111,1348
artificial,1,2500,validation,cgre9708,685
artificial,1,2500,test,cgre132,427
artificial,1,2500,test,cgre1338,1024
artificial,1,2500,test,cgre4111,822
artificial,1,2500,test,cgre9708,418
artificial,1,5000,train,cgre132,793
artificial,1,5000,train,cgre1338,1903
artificial,1,5000,train,cgre4111,1527
artificial,1,5000,train,cgre9708,777
artificial,1,5000,validation,cgre132,700
artificial,1,5000,validation,cgre1338,1680
artificial,1,5000,validation,cgre4111,1348
artificial,1,5000,validation,cgre9708,685
artificial,1,5000,test,cgre132,427
artificial,1,5000,test,cgre1338,1024
artificial,1,5000,test,cgre4111,822
artificial,1,5000,test,cgre9708,418
artificial,1,10000,train,cgre132,1586
artificial,1,10000,train,cgre1338,3807
artificial,1,10000,train,cgre4111,3053
artificial,1,10000,train,cgre9708,1554
artificial,1,10000,validation,cgre132,700
artificial,1,10000,validation,cgre1338,1680
artificial,1,10000,validation,cgre4111,1348
artificial,1,10000,validation,cgre9708,685
artificial,1,10000,test,cgre132,427
artificial,1,10000,test,cgre1338,1024
artificial,1,10000,test,cgre4111,822
artificial,1,10000,test,cgre9708,418
artificial,1,15000,train,cgre132,2379
artificial,1,15000,train,cgre1338,5710
artificial,1,15000,train,cgre4111,4580
artificial,1,15000,train,cgre9708,2331
artificial,1,15000,validation,cgre132,700
artificial,1,15000,validation,cgre1338,1680
artificial,1,15000,validation,cgre4111,1348
artificial,1,15000,validation,cgre9708,685
artificial,1,15000,test,cgre132,427
artificial,1,15000,test,cgre1338,1024
artificial,1,15000,test,cgre4111,822
artificial,1,15000,test,cgre9708,418
artificial,1,17500,train,cgre132,2776
artificial,1,17500,train,cgre1338,6662
artificial,1,17500,train,cgre4111,5343
artificial,1,17500,train,cgre9708,2719
artificial,1,17500,validation,cgre132,700
artificial,1,17500,validation,cgre1338,1680
artificial,1,17500,validation,cgre4111,1348
artificial,1,17500,validation,cgre9708,685
artificial,1,17500,test,cgre132,427
artificial,1,17500,test,cgre1338,1024
artificial,1,17500,test,cgre4111,822
artificial,1,17500,test,cgre9708,418
artificial,2,500,train,cgre132,79
artificial,2,500,train,cgre1338,190
artificial,2,500,train,cgre4111,153
artificial,2,500,train,cgre9708,78
artificial,2,500,validation,cgre132,700
artificial,2,500,validation,cgre1338,1680
artificial,2,500,validation,cgre4111,1348
artificial,2,500,validation,cgre9708,685
artificial,2,500,test,cgre132,427
artificial,2,500,test,cgre1338,1024
artificial,2,500,test,cgre4111,821
artificial,2,500,test,cgre9708,418
artificial,2,1000,train,cgre132,159
artificial,2,1000,train,cgre1338,381
artificial,2,1000,train,cgre4111,305
artificial,2,1000,train,cgre9708,155
artificial,2,1000,validation,cgre132,700
artificial,2,1000,validation,cgre1338,1680
artificial,2,1000,validation,cgre4111,1348
artificial,2,1000,validation,cgre9708,685
artificial,2,1000,test,cgre132,427
artificial,2,1000,test,cgre1338,1024
artificial,2,1000,test,cgre4111,821
artificial,2,1000,test,cgre9708,418
artificial,2,2500,train,cgre132,397
artificial,2,2500,train,cgre1338,952
artificial,2,2500,train,cgre4111,763
artificial,2,2500,train,cgre9708,388
artificial,2,2500,validation,cgre132,700
artificial,2,2500,validation,cgre1338,1680
artificial,2,2500,validation,cgre4111,1348
artificial,2,2500,validation,cgre9708,685
artificial,2,2500,test,cgre132,427
artificial,2,2500,test,cgre1338,1024
artificial,2,2500,test,cgre4111,821
artificial,2,2500,test,cgre9708,418
artificial,2,5000,train,cgre132,793
artificial,2,5000,train,cgre1338,1903
artificial,2,5000,train,cgre4111,1527
artificial,2,5000,train,cgre9708,777
artificial,2,5000,validation,cgre132,700
artificial,2,5000,validation,cgre1338,1680
artificial,2,5000,validation,cgre4111,1348
artificial,2,5000,validation,cgre9708,685
artificial,2,5000,test,cgre132,427
artificial,2,5000,test,cgre1338,1024
artificial,2,5000,test,cgre4111,821
artificial,2,5000,test,cgre9708,418
artificial,2,10000,train,cgre132,1586
artificial,2,10000,train,cgre1338,3807
artificial,2,10000,train,cgre4111,3053
artificial,2,10000,train,cgre9708,1554
artificial,2,10000,validation,cgre132,700
artificial,2,10000,validation,cgre1338,1680
artificial,2,10000,validation,cgre4111,1348
artificial,2,10000,validation,cgre9708,685
artificial,2,10000,test,cgre132,427
artificial,2,10000,test,cgre1338,1024
artificial,2,10000,test,cgre4111,821
artificial,2,10000,test,cgre9708,418
artificial,2,15000,train,cgre132,2379
artificial,2,15000,train,cgre1338,5710
artificial,2,15000,train,cgre4111,4580
artificial,2,15000,train,cgre9708,2331
artificial,2,15000,validation,cgre132,700
artificial,2,15000,validation,cgre1338,1680
artificial,2,15000,validation,cgre4111,1348
artificial,2,15000,validation,cgre9708,685
artificial,2,15000,test,cgre132,427
artificial,2,15000,test,cgre1338,1024
artificial,2,15000,test,cgre4111,821
artificial,2,15000,test,cgre9708,418
artificial,2,17500,train,cgre132,2776
artificial,2,17500,train,cgre1338,6661
artificial,2,17500,train,cgre4111,5343
artificial,2,17500,train,cgre9708,2720
artificial,2,17500,validation,cgre132,700
artificial,2,17500,validation,cgre1338,1680
artificial,2,17500,validation,cgre4111,1348
artificial,2,17500,validation,cgre9708,685
artificial,2,17500,test,cgre132,427
artificial,2,17500,test,cgre1338,1024
artificial,2,17500,test,cgre4111,821
artificial,2,17500,test,cgre9708,418
artificial,3,500,train,cgre132,79
artificial,3,500,train,cgre1338,190
artificial,3,500,train,cgre4111,153
artificial,3,500,train,cgre9708,78
artificial,3,500,validation,cgre132,700
artificial,3,500,validation,cgre1338,1680
artificial,3,500,validation,cgre4111,1348
artificial,3,500,validation,cgre9708,685
artificial,3,500,test,cgre132,427
artificial,3,500,test,cgre1338,1024
artificial,3,500,test,cgre4111,821
artificial,3,500,test,cgre9708,418
artificial,3,1000,train,cgre132,159
artificial,3,1000,train,cgre1338,381
artificial,3,1000,train,cgre4111,305
artificial,3,1000,train,cgre9708,155
artificial,3,1000,validation,cgre132,700
artificial,3,1000,validation,cgre1338,1680
artificial,3,1000,validation,cgre4111,1348
artificial,3,1000,validation,cgre9708,685
artificial,3,1000,test,cgre132,427
artificial,3,1000,test,cgre1338,1024
artificial,3,1000,test,cgre4111,821
artificial,3,1000,test,cgre9708,418
artificial,3,2500,train,cgre132,397
artificial,3,2500,train,cgre1338,952
artificial,3,2500,train,cgre4111,763
artificial,3,2500,train,cgre9708,388
artificial,3,2500,validation,cgre132,700
artificial,3,2500,validation,cgre1338,1680
artificial,3,2500,validation,cgre4111,1348
artificial,3,2500,validation,cgre9708,685
artificial,3,2500,test,cgre132,427
artificial,3,2500,test,cgre1338,1024
artificial,3,2500,test,cgre4111,821
artificial,3,2500,test,cgre9708,418
artificial,3,5000,train,cgre132,793
artificial,3,5000,train,cgre1338,1903
artificial,3,5000,train,cgre4111,1527
artificial,3,5000,train,cgre9708,777
artificial,3,5000,validation,cgre132,700
artificial,3,5000,validation,cgre1338,1680
artificial,3,5000,validation,cgre4111,1348
artificial,3,5000,validation,cgre9708,685
artificial,3,5000,test,cgre132,427
artificial,3,5000,test,cgre1338,1024
artificial,3,5000,test,cgre4111,821
artificial,3,5000,test,cgre9708,418
artificial,3,10000,train,cgre132,1586
artificial,3,10000,train,cgre1338,3807
artificial,3,10000,train,cgre4111,3053
artificial,3,10000,train,cgre9708,1554
artificial,3,10000,validation,cgre132,700
artificial,3,10000,validation,cgre1338,1680
artificial,3,10000,validation,cgre4111,1348
artificial,3,10000,validation,cgre9708,685
artificial,3,10000,test,cgre132,427
artificial,3,10000,test,cgre1338,1024
artificial,3,10000,test,cgre4111,821
artificial,3,10000,test,cgre9708,418
artificial,3,15000,train,cgre132,2379
artificial,3,15000,train,cgre1338,5710
artificial,3,15000,train,cgre4111,4580
artificial,3,15000,train,cgre9708,2331
artificial,3,15000,validation,cgre132,700
artificial,3,15000,validation,cgre1338,1680
artificial,3,15000,validation,cgre4111,1348
artificial,3,15000,validation,cgre9708,685
artificial,3,15000,test,cgre132,427
artificial,3,15000,test,cgre1338,1024
artificial,3,15000,test,cgre4111,821
artificial,3,15000,test,cgre9708,418
artificial,3,17500,train,cgre132,2776
artificial,3,17500,train,cgre1338,6661
artificial,3,17500,train,cgre4111,5343
artificial,3,17500,train,cgre9708,2720
artificial,3,17500,validation,cgre132,700
artificial,3,17500,validation,cgre1338,1680
artificial,3,17500,validation,cgre4111,1348
artificial,3,17500,validation,cgre9708,685
artificial,3,17500,test,cgre132,427
artificial,3,17500,test,cgre1338,1024
artificial,3,17500,test,cgre4111,821
artificial,3,17500,test,cgre9708,418
artificial,4,500,train,cgre132,79
artificial,4,500,train,cgre1338,190
artificial,4,500,train,cgre4111,153
artificial,4,500,train,cgre9708,78
artificial,4,500,validation,cgre132,700
artificial,4,500,validation,cgre1338,1680
artificial,4,500,validation,cgre4111,1348
artificial,4,500,validation,cgre9708,685
artificial,4,500,test,cgre132,427
artificial,4,500,test,cgre1338,1024
artificial,4,500,test,cgre4111,821
artificial,4,500,test,cgre9708,418
artificial,4,1000,train,cgre132,159
artificial,4,1000,train,cgre1338,381
artificial,4,1000,train,cgre4111,305
artificial,4,1000,train,cgre9708,155
artificial,4,1000,validation,cgre132,700
artificial,4,1000,validation,cgre1338,1680
artificial,4,1000,validation,cgre4111,1348
artificial,4,1000,validation,cgre9708,685
artificial,4,1000,test,cgre132,427
artificial,4,1000,test,cgre1338,1024
artificial,4,1000,test,cgre4111,821
artificial,4,1000,test,cgre9708,418
artificial,4,2500,train,cgre132,397
artificial,4,2500,train,cgre1338,952
artificial,4,2500,train,cgre4111,763
artificial,4,2500,train,cgre9708,388
artificial,4,2500,validation,cgre132,700
artificial,4,2500,validation,cgre1338,1680
artificial,4,2500,validation,cgre4111,1348
artificial,4,2500,validation,cgre9708,685
artificial,4,2500,test,cgre132,427
artificial,4,2500,test,cgre1338,1024
artificial,4,2500,test,cgre4111,821
artificial,4,2500,test,cgre9708,418
artificial,4,5000,train,cgre132,793
artificial,4,5000,train,cgre1338,1903
artificial,4,5000,train,cgre4111,1527
artificial,4,5000,train,cgre9708,777
artificial,4,5000,validation,cgre132,700
artificial,4,5000,validation,cgre1338,1680
artificial,4,5000,validation,cgre4111,1348
artificial,4,5000,validation,cgre9708,685
artificial,4,5000,test,cgre132,427
artificial,4,5000,test,cgre1338,1024
artificial,4,5000,test,cgre4111,821
artificial,4,5000,test,cgre9708,418
artificial,4,10000,train,cgre132,1586
artificial,4,10000,train,cgre1338,3807
artificial,4,10000,train,cgre4111,3053
artificial,4,10000,train,cgre9708,1554
artificial,4,10000,validation,cgre132,700
artificial,4,10000,validation,cgre1338,1680
artificial,4,10000,validation,cgre4111,1348
artificial,4,10000,validation,cgre9708,685
artificial,4,10000,test,cgre132,427
artificial,4,10000,test,cgre1338,1024
artificial,4,10000,test,cgre4111,821
artificial,4,10000,test,cgre9708,418
artificial,4,15000,train,cgre132,2379
artificial,4,15000,train,cgre1338,5710
artificial,4,15000,train,cgre4111,4580
artificial,4,15000,train,cgre9708,2331
artificial,4,15000,validation,cgre132,700
artificial,4,15000,validation,cgre1338,1680
artificial,4,15000,validation,cgre4111,1348
artificial,4,15000,validation,cgre9708,685
artificial,4,15000,test,cgre132,427
artificial,4,15000,test,cgre1338,1024
artificial,4,15000,test,cgre4111,821
artificial,4,15000,test,cgre9708,418
artificial,4,17500,train,cgre132,2776
artificial,4,17500,train,cgre1338,6661
artificial,4,17500,train,cgre4111,5343
artificial,4,17500,train,cgre9708,2720
artificial,4,17500,validation,cgre132,700
artificial,4,17500,validation,cgre1338,1680
artificial,4,17500,validation,cgre4111,1348
artificial,4,17500,validation,cgre9708,685
artificial,4,17500,test,cgre132,427
artificial,4,17500,test,cgre1338,1024
artificial,4,17500,test,cgre4111,821
artificial,4,17500,test,cgre9708,418
artificial,5,500,train,cgre132,79
artificial,5,500,train,cgre1338,190
artificial,5,500,train,cgre4111,153
artificial,5,500,train,cgre9708,78
artificial,5,500,validation,cgre132,700
artificial,5,500,validation,cgre1338,1680
artificial,5,500,validation,cgre4111,1348
artificial,5,500,validation,cgre9708,685
artificial,5,500,test,cgre132,427
artificial,5,500,test,cgre1338,1024
artificial,5,500,test,cgre4111,821
artificial,5,500,test,cgre9708,418
artificial,5,1000,train,cgre132,159
artificial,5,1000,train,cgre1338,381
artificial,5,1000,train,cgre4111,305
artificial,5,1000,train,cgre9708,155
artificial,5,1000,validation,cgre132,700
artificial,5,1000,validation,cgre1338,1680
artificial,5,1000,validation,cgre4111,1348
artificial,5,1000,validation,cgre9708,685
artificial,5,1000,test,cgre132,427
artificial,5,1000,test,cgre1338,1024
artificial,5,1000,test,cgre4111,821
artificial,5,1000,test,cgre9708,418
artificial,5,2500,train,cgre132,397
artificial,5,2500,train,cgre1338,952
artificial,5,2500,train,cgre4111,763
artificial,5,2500,train,cgre9708,388
artificial,5,2500,validation,cgre132,700
artificial,5,2500,validation,cgre1338,1680
artificial,5,2500,validation,cgre4111,1348
artificial,5,2500,validation,cgre9708,685
artificial,5,2500,test,cgre132,427
artificial,5,2500,test,cgre1338,1024
artificial,5,2500,test,cgre4111,821
artificial,5,2500,test,cgre9708,418
artificial,5,5000,train,cgre132,793
artificial,5,5000,train,cgre1338,1903
artificial,5,5000,train,cgre4111,1527
artificial,5,5000,train,cgre9708,777
artificial,5,5000,validation,cgre132,700
artificial,5,5000,validation,cgre1338,1680
artificial,5,5000,validation,cgre4111,1348
artificial,5,5000,validation,cgre9708,685
artificial,5,5000,test,cgre132,427
artificial,5,5000,test,cgre1338,1024
artificial,5,5000,test,cgre4111,821
artificial,5,5000,test,cgre9708,418
artificial,5,10000,train,cgre132,1586
artificial,5,10000,train,cgre1338,3807
artificial,5,10000,train,cgre4111,3053
artificial,5,10000,train,cgre9708,1554
artificial,5,10000,validation,cgre132,700
artificial,5,10000,validation,cgre1338,1680
artificial,5,10000,validation,cgre4111,1348
artificial,5,10000,validation,cgre9708,685
artificial,5,10000,test,cgre132,427
artificial,5,10000,test,cgre1338,1024
artificial,5,10000,test,cgre4111,821
artificial,5,10000,test,cgre9708,418
artificial,5,15000,train,cgre132,2379
artificial,5,15000,train,cgre1338,5710
artificial,5,15000,train,cgre4111,4580
artificial,5,15000,train,cgre9708,2331
artificial,5,15000,validation,cgre132,700
artificial,5,15000,validation,cgre1338,1680
artificial,5,15000,validation,cgre4111,1348
artificial,5,15000,validation,cgre9708,685
artificial,5,15000,test,cgre132,427
artificial,5,15000,test,cgre1338,1024
artificial,5,15000,test,cgre4111,821
artificial,5,15000,test,cgre9708,418
artificial,5,17500,train,cgre132,2776
artificial,5,17500,train,cgre1338,6661
artificial,5,17500,train,cgre4111,5343
artificial,5,17500,train,cgre9708,2720
artificial,5,17500,validation,cgre132,700
artificial,5,17500,validation,cgre1338,1680
artificial,5,17500,validation,cgre4111,1348
artificial,5,17500,validation,cgre9708,685
artificial,5,17500,test,cgre132,427
artificial,5,17500,test,cgre1338,1024
artificial,5,17500,test,cgre4111,821
artificial,5,17500,test,cgre9708,418
artificial,6,500,train,cgre132,79
artificial,6,500,train,cgre1338,190
artificial,6,500,train,cgre4111,153
artificial,6,500,train,cgre9708,78
artificial,6,500,validation,cgre132,700
artificial,6,500,validation,cgre1338,1680
artificial,6,500,validation,cgre4111,1348
artificial,6,500,validation,cgre9708,685
artificial,6,500,test,cgre132,427
artificial,6,500,test,cgre1338,1024
artificial,6,500,test,cgre4111,821
artificial,6,500,test,cgre9708,418
artificial,6,1000,train,cgre132,159
artificial,6,1000,train,cgre1338,381
artificial,6,1000,train,cgre4111,305
artificial,6,1000,train,cgre9708,155
artificial,6,1000,validation,cgre132,700
artificial,6,1000,validation,cgre1338,1680
artificial,6,1000,validation,cgre4111,1348
artificial,6,1000,validation,cgre9708,685
artificial,6,1000,test,cgre132,427
artificial,6,1000,test,cgre1338,1024
artificial,6,1000,test,cgre4111,821
artificial,6,1000,test,cgre9708,418
artificial,6,2500,train,cgre132,397
artificial,6,2500,train,cgre1338,952
artificial,6,2500,train,cgre4111,763
artificial,6,2500,train,cgre9708,388
artificial,6,2500,validation,cgre132,700
artificial,6,2500,validation,cgre1338,1680
artificial,6,2500,validation,cgre4111,1348
artificial,6,2500,validation,cgre9708,685
artificial,6,2500,test,cgre132,427
artificial,6,2500,test,cgre1338,1024
artificial,6,2500,test,cgre4111,821
artificial,6,2500,test,cgre9708,418
artificial,6,5000,train,cgre132,793
artificial,6,5000,train,cgre1338,1903
artificial,6,5000,train,cgre4111,1527
artificial,6,5000,train,cgre9708,777
artificial,6,5000,validation,cgre132,700
artificial,6,5000,validation,cgre1338,1680
artificial,6,5000,validation,cgre4111,1348
artificial,6,5000,validation,cgre9708,685
artificial,6,5000,test,cgre132,427
artificial,6,5000,test,cgre1338,1024
artificial,6,5000,test,cgre4111,821
artificial,6,5000,test,cgre9708,418
artificial,6,10000,train,cgre132,1586
artificial,6,10000,train,cgre1338,3807
artificial,6,10000,train,cgre4111,3053
artificial,6,10000,train,cgre9708,1554
artificial,6,10000,validation,cgre132,700
artificial,6,10000,validation,cgre1338,1680
artificial,6,10000,validation,cgre4111,1348
artificial,6,10000,validation,cgre9708,685
artificial,6,10000,test,cgre132,427
artificial,6,10000,test,cgre1338,1024
artificial,6,10000,test,cgre4111,821
artificial,6,10000,test,cgre9708,418
artificial,6,15000,train,cgre132,2379
artificial,6,15000,train,cgre1338,5710
artificial,6,15000,train,cgre4111,4580
artificial,6,15000,train,cgre9708,2331
artificial,6,15000,validation,cgre132,700
artificial,6,15000,validation,cgre1338,1680
artificial,6,15000,validation,cgre4111,1348
artificial,6,15000,validation,cgre9708,685
artificial,6,15000,test,cgre132,427
artificial,6,15000,test,cgre1338,1024
artificial,6,15000,test,cgre4111,821
artificial,6,15000,test,cgre9708,418
artificial,6,17500,train,cgre132,2776
artificial,6,17500,train,cgre1338,6661
artificial,6,17500,train,cgre4111,5343
artificial,6,17500,train,cgre9708,2720
artificial,6,17500,validation,cgre132,700
artificial,6,17500,validation,cgre1338,1680
artificial,6,17500,validation,cgre4111,1348
artificial,6,17500,validation,cgre9708,685
artificial,6,17500,test,cgre132,427
artificial,6,17500,test,cgre1338,1024
artificial,6,17500,test,cgre4111,821
artificial,6,17500,test,cgre9708,418
artificial,7,500,train,cgre132,79
artificial,7,500,train,cgre1338,190
artificial,7,500,train,cgre4111,153
artificial,7,500,train,cgre9708,78
artificial,7,500,validation,cgre132,700
artificial,7,500,validation,cgre1338,1679
artificial,7,500,validation,cgre4111,1348
artificial,7,500,validation,cgre9708,686
artificial,7,500,test,cgre132,426
artificial,7,500,test,cgre1338,1025
artificial,7,500,test,cgre4111,821
artificial,7,500,test,cgre9708,418
artificial,7,1000,train,cgre132,159
artificial,7,1000,train,cgre1338,381
artificial,7,1000,train,cgre4111,305
artificial,7,1000,train,cgre9708,155
artificial,7,1000,validation,cgre132,700
artificial,7,1000,validation,cgre1338,1679
artificial,7,1000,validation,cgre4111,1348
artificial,7,1000,validation,cgre9708,686
artificial,7,1000,test,cgre132,426
artificial,7,1000,test,cgre1338,1025
artificial,7,1000,test,cgre4111,821
artificial,7,1000,test,cgre9708,418
artificial,7,2500,train,cgre132,397
artificial,7,2500,train,cgre1338,952
artificial,7,2500,train,cgre4111,763
artificial,7,2500,train,cgre9708,388
artificial,7,2500,validation,cgre132,700
artificial,7,2500,validation,cgre1338,1679
artificial,7,2500,validation,cgre4111,1348
artificial,7,2500,validation,cgre9708,686
artificial,7,2500,test,cgre132,426
artificial,7,2500,test,cgre1338,1025
artificial,7,2500,test,cgre4111,821
artificial,7,2500,test,cgre9708,418
artificial,7,5000,train,cgre132,793
artificial,7,5000,train,cgre1338,1903
artificial,7,5000,train,cgre4111,1527
artificial,7,5000,train,cgre9708,777
artificial,7,5000,validation,cgre132,700
artificial,7,5000,validation,cgre1338,1679
artificial,7,5000,validation,cgre4111,1348
artificial,7,5000,validation,cgre9708,686
artificial,7,5000,test,cgre132,426
artificial,7,5000,test,cgre1338,1025
artificial,7,5000,test,cgre4111,821
artificial,7,5000,test,cgre9708,418
artificial,7,10000,train,cgre132,1587
artificial,7,10000,train,cgre1338,3807
artificial,7,10000,train,cgre4111,3053
artificial,7,10000,train,cgre9708,1553
artificial,7,10000,validation,cgre132,700
artificial,7,10000,validation,cgre1338,1679
artificial,7,10000,validation,cgre4111,1348
artificial,7,10000,validation,cgre9708,686
artificial,7,10000,test,cgre132,426
artificial,7,10000,test,cgre1338,1025
artificial,7,10000,test,cgre4111,821
artificial,7,10000,test,cgre9708,418
artificial,7,15000,train,cgre132,2380
artificial,7,15000,train,cgre1338,5710
artificial,7,15000,train,cgre4111,4580
artificial,7,15000,train,cgre9708,2330
artificial,7,15000,validation,cgre132,700
artificial,7,15000,validation,cgre1338,1679
artificial,7,15000,validation,cgre4111,1348
artificial,7,15000,validation,cgre9708,686
artificial,7,15000,test,cgre132,426
artificial,7,15000,test,cgre1338,1025
artificial,7,15000,test,cgre4111,821
artificial,7,15000,test,cgre9708,418
artificial,7,17500,train,cgre132,2776
artificial,7,17500,train,cgre1338,6662
artificial,7,17500,train,cgre4111,5343
artificial,7,17500,train,cgre9708,2719
artificial,7,17500,validation,cgre132,700
artificial,7,17500,validation,cgre1338,1679
artificial,7,17500,validation,cgre4111,1348
artificial,7,17500,validation,cgre9708,686
artificial,7,17500,test,cgre132,426
artificial,7,17500,test,cgre1338,1025
artificial,7,17500,test,cgre4111,821
artificial,7,17500,test,cgre9708,418
artificial,8,500,train,cgre132,79
artificial,8,500,train,cgre1338,190
artificial,8,500,train,cgre4111,153
artificial,8,500,train,cgre9708,78
artificial,8,500,validation,cgre132,700
artificial,8,500,validation,cgre1338,1680
artificial,8,500,validation,cgre4111,1348
artificial,8,500,validation,cgre9708,685
artificial,8,500,test,cgre132,426
artificial,8,500,test,cgre1338,1024
artificial,8,500,test,cgre4111,822
artificial,8,500,test,cgre9708,418
artificial,8,1000,train,cgre132,159
artificial,8,1000,train,cgre1338,381
artificial,8,1000,train,cgre4111,305
artificial,8,1000,train,cgre9708,155
artificial,8,1000,validation,cgre132,700
artificial,8,1000,validation,cgre1338,1680
artificial,8,1000,validation,cgre4111,1348
artificial,8,1000,validation,cgre9708,685
artificial,8,1000,test,cgre132,426
artificial,8,1000,test,cgre1338,1024
artificial,8,1000,test,cgre4111,822
artificial,8,1000,test,cgre9708,418
artificial,8,2500,train,cgre132,397
artificial,8,2500,train,cgre1338,952
artificial,8,2500,train,cgre4111,763
artificial,8,2500,train,cgre9708,388
artificial,8,2500,validation,cgre132,700
artificial,8,2500,validation,cgre1338,1680
artificial,8,2500,validation,cgre4111,1348
artificial,8,2500,validation,cgre9708,685
artificial,8,2500,test,cgre132,426
artificial,8,2500,test,cgre1338,1024
artificial,8,2500,test,cgre4111,822
artificial,8,2500,test,cgre9708,418
artificial,8,5000,train,cgre132,793
artificial,8,5000,train,cgre1338,1903
artificial,8,5000,train,cgre4111,1527
artificial,8,5000,train,cgre9708,777
artificial,8,5000,validation,cgre132,700
artificial,8,5000,validation,cgre1338,1680
artificial,8,5000,validation,cgre4111,1348
artificial,8,5000,validation,cgre9708,685
artificial,8,5000,test,cgre132,426
artificial,8,5000,test,cgre1338,1024
artificial,8,5000,test,cgre4111,822
artificial,8,5000,test,cgre9708,418
artificial,8,10000,train,cgre132,1586
artificial,8,10000,train,cgre1338,3807
artificial,8,10000,train,cgre4111,3053
artificial,8,10000,train,cgre9708,1554
artificial,8,10000,validation,cgre132,700
artificial,8,10000,validation,cgre1338,1680
artificial,8,10000,validation,cgre4111,1348
artificial,8,10000,validation,cgre9708,685
artificial,8,10000,test,cgre132,426
artificial,8,10000,test,cgre1338,1024
artificial,8,10000,test,cgre4111,822
artificial,8,10000,test,cgre9708,418
artificial,8,15000,train,cgre132,2380
artificial,8,15000,train,cgre1338,5710
artificial,8,15000,train,cgre4111,4579
artificial,8,15000,train,cgre9708,2331
artificial,8,15000,validation,cgre132,700
artificial,8,15000,validation,cgre1338,1680
artificial,8,15000,validation,cgre4111,1348
artificial,8,15000,validation,cgre9708,685
artificial,8,15000,test,cgre132,426
artificial,8,15000,test,cgre1338,1024
artificial,8,15000,test,cgre4111,822
artificial,8,15000,test,cgre9708,418
artificial,8,17500,train,cgre132,2776
artificial,8,17500,train,cgre1338,6662
artificial,8,17500,train,cgre4111,5342
artificial,8,17500,train,cgre9708,2720
artificial,8,17500,validation,cgre132,700
artificial,8,17500,validation,cgre1338,1680
artificial,8,17500,validation,cgre4111,1348
artificial,8,17500,validation,cgre9708,685
artificial,8,17500,test,cgre132,426
artificial,8,17500,test,cgre1338,1024
artificial,8,17500,test,cgre4111,822
artificial,8,17500,test,cgre9708,418
artificial,9,500,train,cgre132,79
artificial,9,500,train,cgre1338,190
artificial,9,500,train,cgre4111,153
artificial,9,500,train,cgre9708,78
artificial,9,500,validation,cgre132,700
artificial,9,500,validation,cgre1338,1680
artificial,9,500,validation,cgre4111,1348
artificial,9,500,validation,cgre9708,685
artificial,9,500,test,cgre132,426
artificial,9,500,test,cgre1338,1024
artificial,9,500,test,cgre4111,822
artificial,9,500,test,cgre9708,418
artificial,9,1000,train,cgre132,159
artificial,9,1000,train,cgre1338,381
artificial,9,1000,train,cgre4111,305
artificial,9,1000,train,cgre9708,155
artificial,9,1000,validation,cgre132,700
artificial,9,1000,validation,cgre1338,1680
artificial,9,1000,validation,cgre4111,1348
artificial,9,1000,validation,cgre9708,685
artificial,9,1000,test,cgre132,426
artificial,9,1000,test,cgre1338,1024
artificial,9,1000,test,cgre4111,822
artificial,9,1000,test,cgre9708,418
artificial,9,2500,train,cgre132,397
artificial,9,2500,train,cgre1338,952
artificial,9,2500,train,cgre4111,763
artificial,9,2500,train,cgre9708,388
artificial,9,2500,validation,cgre132,700
artificial,9,2500,validation,cgre1338,1680
artificial,9,2500,validation,cgre4111,1348
artificial,9,2500,validation,cgre9708,685
artificial,9,2500,test,cgre132,426
artificial,9,2500,test,cgre1338,1024
artificial,9,2500,test,cgre4111,822
artificial,9,2500,test,cgre9708,418
artificial,9,5000,train,cgre132,793
artificial,9,5000,train,cgre1338,1903
artificial,9,5000,train,cgre4111,1527
artificial,9,5000,train,cgre9708,777
artificial,9,5000,validation,cgre132,700
artificial,9,5000,validation,cgre1338,1680
artificial,9,5000,validation,cgre4111,1348
artificial,9,5000,validation,cgre9708,685
artificial,9,5000,test,cgre132,426
artificial,9,5000,test,cgre1338,1024
artificial,9,5000,test,cgre4111,822
artificial,9,5000,test,cgre9708,418
artificial,9,10000,train,cgre132,1586
artificial,9,10000,train,cgre1338,3807
artificial,9,10000,train,cgre4111,3053
artificial,9,10000,train,cgre9708,1554
artificial,9,10000,validation,cgre132,700
artificial,9,10000,validation,cgre1338,1680
artificial,9,10000,validation,cgre4111,1348
artificial,9,10000,validation,cgre9708,685
artificial,9,10000,test,cgre132,426
artificial,9,10000,test,cgre1338,1024
artificial,9,10000,test,cgre4111,822
artificial,9,10000,test,cgre9708,418
artificial,9,15000,train,cgre132,2380
artificial,9,15000,train,cgre1338,5710
artificial,9,15000,train,cgre4111,4579
artificial,9,15000,train,cgre9708,2331
artificial,9,15000,validation,cgre132,700
artificial,9,15000,validation,cgre1338,1680
artificial,9,15000,validation,cgre4111,1348
artificial,9,15000,validation,cgre9708,685
artificial,9,15000,test,cgre132,426
artificial,9,15000,test,cgre1338,1024
artificial,9,15000,test,cgre4111,822
artificial,9,15000,test,cgre9708,418
artificial,9,17500,train,cgre132,2776
artificial,9,17500,train,cgre1338,6662
artificial,9,17500,train,cgre4111,5342
artificial,9,17500,train,cgre9708,2720
artificial,9,17500,validation,cgre132,700
artificial,9,17500,validation,cgre1338,1680
artificial,9,17500,validation,cgre4111,1348
artificial,9,17500,validation,cgre9708,685
artificial,9,17500,test,cgre132,426
artificial,9,17500,test,cgre1338,1024
artificial,9,17500,test,cgre4111,822
artificial,9,17500,test,cgre9708,418
